design,treatment,signal_mode,theta,theta_star,theta_relative,rep,join_fraction,join_fraction_valid,n_join,n_agents,n_valid,n_api_error,n_unparseable,api_error_rate,unparseable_rate,coup_success,theoretical_attack,benefit,cost,model,briefing_mean_direction,briefing_mean_clarity,briefing_mean_coordination,briefing_mean_z_score
stability_direction,pure,normal,0.2,0.5,-0.3,5,0.64,0.64,16,25,25,0,0,0.0,0.0,True,0.8413447460685429,1.0,1.0,mistralai/mistral-small-creative,0.3462407164593635,0.5142712730051131,0.6275199878554204,-0.780649680385461
stability_direction,pure,normal,0.2,0.5,-0.3,2,0.68,0.68,17,25,25,0,0,0.0,0.0,True,0.8413447460685429,1.0,1.0,mistralai/mistral-small-creative,0.326273394199868,0.5565302078913837,0.6397072153959437,-0.8100286449214431
stability_direction,pure,normal,0.2,0.5,-0.3,4,0.56,0.56,14,25,25,0,0,0.0,0.0,True,0.8413447460685429,1.0,1.0,mistralai/mistral-small-creative,0.354731818558555,0.5930792079652337,0.6185743917205978,-0.675616565781263
stability_direction,pure,normal,0.2,0.5,-0.3,1,0.64,0.64,16,25,25,0,0,0.0,0.0,True,0.8413447460685429,1.0,1.0,mistralai/mistral-small-creative,0.3126989801654026,0.6263966055423449,0.6530380593133797,-0.9415401254419008
stability_direction,pure,normal,0.2,0.5,-0.3,3,0.64,0.64,16,25,25,0,0,0.0,0.0,True,0.8413447460685429,1.0,1.0,mistralai/mistral-small-creative,0.297221439563188,0.6941138786395102,0.6641722578641897,-0.9997112090969285
stability_direction,pure,normal,0.2,0.5,-0.3,6,0.64,0.64,16,25,25,0,0,0.0,0.0,True,0.8413447460685429,1.0,1.0,mistralai/mistral-small-creative,0.2929715011816461,0.6987921812385065,0.6667322480112265,-1.007463620671594
stability_direction,pure,normal,0.2,0.5,-0.3,7,0.64,0.64,16,25,25,0,0,0.0,0.0,True,0.8413447460685429,1.0,1.0,mistralai/mistral-small-creative,0.2881298746765035,0.6919163372459084,0.6736947239520241,-1.1097520385183202
stability_direction,pure,normal,0.2,0.5,-0.3,0,0.76,0.76,19,25,25,0,0,0.0,0.0,True,0.8413447460685429,1.0,1.0,mistralai/mistral-small-creative,0.3052854588118985,0.6785972697242453,0.6546683848459574,-0.8906662290203673
stability_direction,pure,normal,0.2,0.5,-0.3,12,0.6,0.6,15,25,25,0,0,0.0,0.0,True,0.8413447460685429,1.0,1.0,mistralai/mistral-small-creative,0.3346396318152779,0.5365729556541214,0.6330743879917742,-0.772651339975065
stability_direction,pure,normal,0.2,0.5,-0.3,13,0.6,0.6,15,25,25,0,0,0.0,0.0,True,0.8413447460685429,1.0,1.0,mistralai/mistral-small-creative,0.2773640998774734,0.6775351377921526,0.6827467565893107,-1.1802013043441717
stability_direction,pure,normal,0.2,0.5,-0.3,10,0.72,0.72,18,25,25,0,0,0.0,0.0,True,0.8413447460685429,1.0,1.0,mistralai/mistral-small-creative,0.3318933434812787,0.5540164220119417,0.6333678653606638,-0.735881925646532
stability_direction,pure,normal,0.2,0.5,-0.3,14,0.76,0.76,19,25,25,0,0,0.0,0.0,True,0.8413447460685429,1.0,1.0,mistralai/mistral-small-creative,0.2819470606173447,0.651443288575057,0.6770955878783752,-1.1007573472495795
stability_direction,pure,normal,0.2,0.5,-0.3,15,0.84,0.84,21,25,25,0,0,0.0,0.0,True,0.8413447460685429,1.0,1.0,mistralai/mistral-small-creative,0.2532087184833243,0.7686763537434167,0.6995546386409708,-1.2563058244815748
stability_direction,pure,normal,0.2,0.5,-0.3,18,0.8,0.8,20,25,25,0,0,0.0,0.0,True,0.8413447460685429,1.0,1.0,mistralai/mistral-small-creative,0.2673052489450743,0.6894319184691787,0.6909121644315561,-1.258014388567263
stability_direction,pure,normal,0.2,0.5,-0.3,16,0.68,0.68,17,25,25,0,0,0.0,0.0,True,0.8413447460685429,1.0,1.0,mistralai/mistral-small-creative,0.3211136766705611,0.5569493683551027,0.6446000505131032,-0.8530064591680905
stability_direction,pure,normal,0.2,0.5,-0.3,19,0.64,0.64,16,25,25,0,0,0.0,0.0,True,0.8413447460685429,1.0,1.0,mistralai/mistral-small-creative,0.2429531475581893,0.7709723118198558,0.7112408703314815,-1.3913363064606947
stability_direction,pure,normal,0.2,0.5,-0.3,22,0.76,0.76,19,25,25,0,0,0.0,0.0,True,0.8413447460685429,1.0,1.0,mistralai/mistral-small-creative,0.262166092047257,0.7245191886024245,0.6922218251495407,-1.2028910935100638
stability_direction,pure,normal,0.2,0.5,-0.3,23,0.64,0.64,16,25,25,0,0,0.0,0.0,True,0.8413447460685429,1.0,1.0,mistralai/mistral-small-creative,0.3080997988242838,0.6643744569237512,0.6558345434618079,-0.9495631845108432
stability_direction,pure,normal,0.2,0.5,-0.3,17,0.64,0.64,16,25,25,0,0,0.0,0.0,True,0.8413447460685429,1.0,1.0,mistralai/mistral-small-creative,0.3556090163220136,0.5716448042074599,0.6168697848180855,-0.6470933076842031
stability_direction,pure,normal,0.2,0.5,-0.3,9,0.8,0.8,20,25,25,0,0,0.0,0.0,True,0.8413447460685429,1.0,1.0,mistralai/mistral-small-creative,0.2993420306935485,0.6283037206090457,0.661246475646685,-0.9635136388086591
stability_direction,pure,normal,0.2,0.5,-0.3,8,0.76,0.76,19,25,25,0,0,0.0,0.0,True,0.8413447460685429,1.0,1.0,mistralai/mistral-small-creative,0.3320350694357183,0.6093818518668802,0.6350383974331424,-0.7757044139657897
stability_direction,pure,normal,0.2,0.5,-0.3,24,0.68,0.68,17,25,25,0,0,0.0,0.0,True,0.8413447460685429,1.0,1.0,mistralai/mistral-small-creative,0.2886185059062747,0.6872041237921319,0.6714339555986535,-1.0620133780732406
stability_direction,pure,normal,0.2,0.5,-0.3,11,0.64,0.64,16,25,25,0,0,0.0,0.0,True,0.8413447460685429,1.0,1.0,mistralai/mistral-small-creative,0.3177117217704166,0.6044600618419769,0.6512501891825205,-0.9838670165732332
stability_direction,pure,normal,0.2,0.5,-0.3,20,0.44,0.44,11,25,25,0,0,0.0,0.0,True,0.8413447460685429,1.0,1.0,mistralai/mistral-small-creative,0.3742237782950428,0.4848295073389691,0.6004958823797698,-0.5144677949332026
stability_direction,pure,normal,0.2,0.5,-0.3,26,0.6,0.6,15,25,25,0,0,0.0,0.0,True,0.8413447460685429,1.0,1.0,mistralai/mistral-small-creative,0.3145447134142831,0.6042979805717454,0.6480707314591926,-0.8539195598587884
stability_direction,pure,normal,0.2,0.5,-0.3,29,0.76,0.76,19,25,25,0,0,0.0,0.0,True,0.8413447460685429,1.0,1.0,mistralai/mistral-small-creative,0.2547630543216647,0.7528494684062303,0.6997291366579651,-1.2753055117654926
stability_direction,pure,normal,0.275,0.5,-0.2249999999999999,0,0.6,0.6,15,25,25,0,0,0.0,0.0,True,0.7733726476231317,1.0,1.0,mistralai/mistral-small-creative,0.3543499329068684,0.5688549106829219,0.6215021995654368,-0.6406662290203673
stability_direction,pure,normal,0.2,0.5,-0.3,27,0.8,0.8,20,25,25,0,0,0.0,0.0,True,0.8413447460685429,1.0,1.0,mistralai/mistral-small-creative,0.310147660797629,0.6007377151769567,0.6513368156321104,-0.8759031486048434
stability_direction,pure,normal,0.2,0.5,-0.3,21,0.68,0.68,17,25,25,0,0,0.0,0.0,True,0.8413447460685429,1.0,1.0,mistralai/mistral-small-creative,0.3129176034631459,0.5521527733292944,0.6520081784993964,-0.9205696181451984
stability_direction,pure,normal,0.275,0.5,-0.2249999999999999,4,0.4,0.4,10,25,25,0,0,0.0,0.0,True,0.7733726476231317,1.0,1.0,mistralai/mistral-small-creative,0.3988093954210071,0.5542266842762185,0.5862820724408241,-0.4256165657812628
stability_direction,pure,normal,0.275,0.5,-0.2249999999999999,6,0.64,0.64,16,25,25,0,0,0.0,0.0,True,0.7733726476231317,1.0,1.0,mistralai/mistral-small-creative,0.3401555101711554,0.6162795229324914,0.6347116704539456,-0.7574636206715937
stability_direction,pure,normal,0.275,0.5,-0.2249999999999999,7,0.48,0.48,12,25,25,0,0,0.0,0.0,True,0.7733726476231317,1.0,1.0,mistralai/mistral-small-creative,0.333113783631848,0.63221928807049,0.6427406785185521,-0.8597520385183202
stability_direction,pure,normal,0.275,0.5,-0.2249999999999999,8,0.52,0.52,13,25,25,0,0,0.0,0.0,True,0.7733726476231317,1.0,1.0,mistralai/mistral-small-creative,0.3783073075365061,0.521285891183561,0.6025021135181088,-0.5257044139657895
stability_direction,pure,normal,0.275,0.5,-0.2249999999999999,14,0.68,0.68,17,25,25,0,0,0.0,0.0,True,0.7733726476231317,1.0,1.0,mistralai/mistral-small-creative,0.3284429623697679,0.5957503654075456,0.645577203581126,-0.8507573472495794
stability_direction,pure,normal,0.275,0.5,-0.2249999999999999,13,0.44,0.44,11,25,25,0,0,0.0,0.0,True,0.7733726476231317,1.0,1.0,mistralai/mistral-small-creative,0.3223408171253371,0.6093423697798163,0.6520709658977484,-0.9302013043441716
stability_direction,pure,normal,0.275,0.5,-0.2249999999999999,9,0.56,0.56,14,25,25,0,0,0.0,0.0,True,0.7733726476231317,1.0,1.0,mistralai/mistral-small-creative,0.3473796891126222,0.5459231527267886,0.6286108648122127,-0.713513638808659
stability_direction,pure,normal,0.275,0.5,-0.2249999999999999,10,0.6,0.6,15,25,25,0,0,0.0,0.0,True,0.7733726476231317,1.0,1.0,mistralai/mistral-small-creative,0.3809983532624655,0.4707333594186625,0.5993676663327481,-0.4858819256465319
stability_direction,pure,normal,0.275,0.5,-0.2249999999999999,11,0.48,0.48,12,25,25,0,0,0.0,0.0,True,0.7733726476231317,1.0,1.0,mistralai/mistral-small-creative,0.3615206180392266,0.5613733701509716,0.6200193658466636,-0.7338670165732328
stability_direction,pure,normal,0.2,0.5,-0.3,25,0.64,0.64,16,25,25,0,0,0.0,0.0,True,0.8413447460685429,1.0,1.0,mistralai/mistral-small-creative,0.2932689401949249,0.6779266211263514,0.6697404386110759,-1.0742841355671104
stability_direction,pure,normal,0.2,0.5,-0.3,28,0.72,0.72,18,25,25,0,0,0.0,0.0,True,0.8413447460685429,1.0,1.0,mistralai/mistral-small-creative,0.2769444699961348,0.663442161247288,0.682685274621869,-1.176306349986393
stability_direction,pure,normal,0.275,0.5,-0.2249999999999999,16,0.56,0.56,14,25,25,0,0,0.0,0.0,True,0.7733726476231317,1.0,1.0,mistralai/mistral-small-creative,0.3680804597642516,0.4914046112168329,0.6118127600309005,-0.6030064591680904
stability_direction,pure,normal,0.275,0.5,-0.2249999999999999,1,0.56,0.56,14,25,25,0,0,0.0,0.0,True,0.7733726476231317,1.0,1.0,mistralai/mistral-small-creative,0.3580704025795605,0.5866937343154529,0.6212020334284543,-0.6915401254419007
stability_direction,pure,normal,0.275,0.5,-0.2249999999999999,2,0.56,0.56,14,25,25,0,0,0.0,0.0,True,0.7733726476231317,1.0,1.0,mistralai/mistral-small-creative,0.373899881916131,0.4876160335444084,0.6065041098333821,-0.5600286449214432
stability_direction,pure,normal,0.275,0.5,-0.2249999999999999,20,0.4,0.4,10,25,25,0,0,0.0,0.0,True,0.7733726476231317,1.0,1.0,mistralai/mistral-small-creative,0.4214288342014476,0.4229022824807888,0.5661823364867677,-0.2644677949332025
stability_direction,pure,normal,0.275,0.5,-0.2249999999999999,3,0.72,0.72,18,25,25,0,0,0.0,0.0,True,0.7733726476231317,1.0,1.0,mistralai/mistral-small-creative,0.3435111072293653,0.6256859695748326,0.6324098340959309,-0.7497112090969282
stability_direction,pure,normal,0.275,0.5,-0.2249999999999999,19,0.72,0.72,18,25,25,0,0,0.0,0.0,True,0.7733726476231317,1.0,1.0,mistralai/mistral-small-creative,0.2874029347074316,0.7347115872625557,0.6817042802790428,-1.1413363064606947
stability_direction,pure,normal,0.275,0.5,-0.2249999999999999,21,0.68,0.68,17,25,25,0,0,0.0,0.0,True,0.7733726476231317,1.0,1.0,mistralai/mistral-small-creative,0.3595595676765613,0.4908950417874614,0.6195694761957317,-0.6705696181451983
stability_direction,pure,normal,0.275,0.5,-0.2249999999999999,22,0.68,0.68,17,25,25,0,0,0.0,0.0,True,0.7733726476231317,1.0,1.0,mistralai/mistral-small-creative,0.3096193065514815,0.6441640087082479,0.6608684226866512,-0.9528910935100636
stability_direction,pure,normal,0.275,0.5,-0.2249999999999999,23,0.6,0.6,15,25,25,0,0,0.0,0.0,True,0.7733726476231317,1.0,1.0,mistralai/mistral-small-creative,0.3539495795830436,0.5850313105636165,0.6240048062222918,-0.6995631845108431
stability_direction,pure,normal,0.275,0.5,-0.2249999999999999,15,0.72,0.72,18,25,25,0,0,0.0,0.0,True,0.7733726476231317,1.0,1.0,mistralai/mistral-small-creative,0.3004653306196228,0.6798010847650761,0.668547678798679,-1.0063058244815748
stability_direction,pure,normal,0.275,0.5,-0.2249999999999999,28,0.68,0.68,17,25,25,0,0,0.0,0.0,True,0.7733726476231317,1.0,1.0,mistralai/mistral-small-creative,0.322565104338579,0.5959626014712938,0.651718336817694,-0.926306349986393
stability_direction,pure,normal,0.275,0.5,-0.2249999999999999,26,0.52,0.52,13,25,25,0,0,0.0,0.0,True,0.7733726476231317,1.0,1.0,mistralai/mistral-small-creative,0.3631060305232836,0.5049287454198467,0.6148108994614053,-0.6039195598587884
stability_direction,pure,normal,0.275,0.5,-0.2249999999999999,17,0.52,0.52,13,25,25,0,0,0.0,0.0,True,0.7733726476231317,1.0,1.0,mistralai/mistral-small-creative,0.4011985838342738,0.5491099858018922,0.5837660976530642,-0.3970933076842032
stability_direction,pure,normal,0.275,0.5,-0.2249999999999999,29,0.68,0.68,17,25,25,0,0,0.0,0.0,True,0.7733726476231317,1.0,1.0,mistralai/mistral-small-creative,0.3006407703599128,0.6914723611581352,0.6692548743386556,-1.0253055117654926
stability_direction,pure,normal,0.275,0.5,-0.2249999999999999,25,0.6,0.6,15,25,25,0,0,0.0,0.0,True,0.7733726476231317,1.0,1.0,mistralai/mistral-small-creative,0.3377186250355692,0.6503151225748396,0.6388343010264499,-0.8242841355671102
stability_direction,pure,normal,0.275,0.5,-0.2249999999999999,18,0.76,0.76,19,25,25,0,0,0.0,0.0,True,0.7733726476231317,1.0,1.0,mistralai/mistral-small-creative,0.3129311506764032,0.6125988103373734,0.6602456250745766,-1.0080143885672628
stability_direction,pure,normal,0.35,0.5,-0.1499999999999999,3,0.56,0.56,14,25,25,0,0,0.0,0.0,True,0.691462461274013,1.0,1.0,mistralai/mistral-small-creative,0.4035144846503349,0.5538626331803993,0.5994900446102264,-0.4997112090969282
stability_direction,pure,normal,0.35,0.5,-0.1499999999999999,2,0.36,0.36,9,25,25,0,0,0.0,0.0,True,0.691462461274013,1.0,1.0,mistralai/mistral-small-creative,0.4297975315999526,0.4371351218489672,0.5723575440273322,-0.310028644921443
stability_direction,pure,normal,0.35,0.5,-0.1499999999999999,6,0.44,0.44,11,25,25,0,0,0.0,0.0,True,0.691462461274013,1.0,1.0,mistralai/mistral-small-creative,0.4016400912356844,0.5289474720978873,0.601479619744725,-0.5074636206715936
stability_direction,pure,normal,0.35,0.5,-0.1499999999999999,5,0.64,0.64,16,25,25,0,0,0.0,0.0,True,0.691462461274013,1.0,1.0,mistralai/mistral-small-creative,0.439024733185157,0.4735069630850124,0.5625135283443097,-0.2806496803854609
stability_direction,pure,normal,0.35,0.5,-0.1499999999999999,4,0.32,0.32,8,25,25,0,0,0.0,0.0,False,0.691462461274013,1.0,1.0,mistralai/mistral-small-creative,0.4482720631167437,0.5315260979270502,0.553277406477862,-0.1756165657812627
stability_direction,pure,normal,0.35,0.5,-0.1499999999999999,8,0.36,0.36,9,25,25,0,0,0.0,0.0,True,0.691462461274013,1.0,1.0,mistralai/mistral-small-creative,0.4330914055096634,0.4483474998543438,0.5690403033971753,-0.2757044139657896
stability_direction,pure,normal,0.275,0.5,-0.2249999999999999,27,0.76,0.76,19,25,25,0,0,0.0,0.0,True,0.7733726476231317,1.0,1.0,mistralai/mistral-small-creative,0.3592929514779827,0.4899274352018677,0.6179348197341876,-0.6259031486048435
stability_direction,pure,normal,0.275,0.5,-0.2249999999999999,24,0.6,0.6,15,25,25,0,0,0.0,0.0,True,0.7733726476231317,1.0,1.0,mistralai/mistral-small-creative,0.3352083959928773,0.6055942416765916,0.6397644582554751,-0.8120133780732404
stability_direction,pure,normal,0.35,0.5,-0.1499999999999999,12,0.64,0.64,16,25,25,0,0,0.0,0.0,True,0.691462461274013,1.0,1.0,mistralai/mistral-small-creative,0.4364763692724317,0.3708542303142452,0.5653987403148253,-0.2726513399750649
stability_direction,pure,normal,0.35,0.5,-0.1499999999999999,1,0.48,0.48,12,25,25,0,0,0.0,0.0,True,0.691462461274013,1.0,1.0,mistralai/mistral-small-creative,0.4141340800369864,0.5490915177117388,0.5883760834963323,-0.4415401254419007
stability_direction,pure,normal,0.35,0.5,-0.1499999999999999,0,0.52,0.52,13,25,25,0,0,0.0,0.0,True,0.691462461274013,1.0,1.0,mistralai/mistral-small-creative,0.4156418619405377,0.4508188484933528,0.5871643256603658,-0.3906662290203672
stability_direction,pure,normal,0.35,0.5,-0.1499999999999999,17,0.48,0.48,12,25,25,0,0,0.0,0.0,True,0.691462461274013,1.0,1.0,mistralai/mistral-small-creative,0.4515436348596455,0.5302995762822377,0.5499410079379377,-0.1470933076842032
stability_direction,pure,normal,0.35,0.5,-0.1499999999999999,16,0.52,0.52,13,25,25,0,0,0.0,0.0,True,0.691462461274013,1.0,1.0,mistralai/mistral-small-creative,0.424237345899509,0.4512644045766763,0.578060283925681,-0.3530064591680901
stability_direction,pure,normal,0.35,0.5,-0.1499999999999999,21,0.56,0.56,14,25,25,0,0,0.0,0.0,True,0.691462461274013,1.0,1.0,mistralai/mistral-small-creative,0.4163345457265489,0.4570098729160792,0.5861320681906407,-0.4205696181451984
stability_direction,pure,normal,0.35,0.5,-0.1499999999999999,7,0.48,0.48,12,25,25,0,0,0.0,0.0,True,0.691462461274013,1.0,1.0,mistralai/mistral-small-creative,0.3924940802418548,0.5702656621344457,0.6106344439434696,-0.6097520385183203
stability_direction,pure,normal,0.35,0.5,-0.1499999999999999,15,0.52,0.52,13,25,25,0,0,0.0,0.0,True,0.691462461274013,1.0,1.0,mistralai/mistral-small-creative,0.3680962864734515,0.5798577836316845,0.636049701389177,-0.7563058244815746
stability_direction,pure,normal,0.35,0.5,-0.1499999999999999,24,0.48,0.48,12,25,25,0,0,0.0,0.0,True,0.691462461274013,1.0,1.0,mistralai/mistral-small-creative,0.3962690529792967,0.5215792351788131,0.606893680345998,-0.5620133780732404
stability_direction,pure,normal,0.35,0.5,-0.1499999999999999,11,0.44,0.44,11,25,25,0,0,0.0,0.0,True,0.691462461274013,1.0,1.0,mistralai/mistral-small-creative,0.4143121565884534,0.5296135495184324,0.5879151648461343,-0.4838670165732328
stability_direction,pure,normal,0.35,0.5,-0.1499999999999999,25,0.48,0.48,12,25,25,0,0,0.0,0.0,True,0.691462461274013,1.0,1.0,mistralai/mistral-small-creative,0.3962378542217585,0.6213693681135157,0.606810545467585,-0.5742841355671101
stability_direction,pure,normal,0.35,0.5,-0.1499999999999999,27,0.36,0.36,9,25,25,0,0,0.0,0.0,True,0.691462461274013,1.0,1.0,mistralai/mistral-small-creative,0.419162422118472,0.389871174870406,0.5834311022214046,-0.3759031486048433
stability_direction,pure,normal,0.35,0.5,-0.1499999999999999,29,0.64,0.64,16,25,25,0,0,0.0,0.0,True,0.691462461274013,1.0,1.0,mistralai/mistral-small-creative,0.3667621916422098,0.626246197435373,0.6373375422427952,-0.7753055117654927
stability_direction,pure,normal,0.425,0.5,-0.0749999999999999,1,0.52,0.52,13,25,25,0,0,0.0,0.0,True,0.5987063256829237,1.0,1.0,mistralai/mistral-small-creative,0.4674879353810779,0.5126453509856761,0.5548130579474484,-0.1915401254419006
stability_direction,pure,normal,0.425,0.5,-0.0749999999999999,2,0.4,0.4,10,25,25,0,0,0.0,0.0,False,0.5987063256829237,1.0,1.0,mistralai/mistral-small-creative,0.4779447393281866,0.4060799602584976,0.5375628783034287,-0.060028644921443
stability_direction,pure,normal,0.425,0.5,-0.0749999999999999,5,0.32,0.32,8,25,25,0,0,0.0,0.0,False,0.5987063256829237,1.0,1.0,mistralai/mistral-small-creative,0.4811598064703245,0.4924915253319289,0.5292553144143676,-0.0306496803854609
stability_direction,pure,normal,0.35,0.5,-0.1499999999999999,18,0.52,0.52,13,25,25,0,0,0.0,0.0,True,0.691462461274013,1.0,1.0,mistralai/mistral-small-creative,0.3752588303066914,0.5400090042496268,0.6282985847337794,-0.7580143885672628
stability_direction,pure,normal,0.35,0.5,-0.1499999999999999,9,0.56,0.56,14,25,25,0,0,0.0,0.0,True,0.691462461274013,1.0,1.0,mistralai/mistral-small-creative,0.4080698614427446,0.471418712073773,0.5948177977086414,-0.4635136388086591
stability_direction,pure,normal,0.35,0.5,-0.1499999999999999,20,0.44,0.44,11,25,25,0,0,0.0,0.0,True,0.691462461274013,1.0,1.0,mistralai/mistral-small-creative,0.4696513332103626,0.3822833206288396,0.5312712358945819,-0.0144677949332025
stability_direction,pure,normal,0.35,0.5,-0.1499999999999999,22,0.68,0.68,17,25,25,0,0,0.0,0.0,True,0.691462461274013,1.0,1.0,mistralai/mistral-small-creative,0.3757871780950625,0.5600344959383807,0.6280950630857572,-0.7028910935100634
stability_direction,pure,normal,0.35,0.5,-0.1499999999999999,26,0.28,0.28,7,25,25,0,0,0.0,0.0,False,0.691462461274013,1.0,1.0,mistralai/mistral-small-creative,0.4220251674160535,0.418304713637409,0.5804832422661756,-0.3539195598587884
stability_direction,pure,normal,0.425,0.5,-0.0749999999999999,8,0.36,0.36,9,25,25,0,0,0.0,0.0,False,0.5987063256829237,1.0,1.0,mistralai/mistral-small-creative,0.4802720116522694,0.4023800575117946,0.5349273375616733,-0.0257044139657895
stability_direction,pure,normal,0.425,0.5,-0.0749999999999999,9,0.28,0.28,7,25,25,0,0,0.0,0.0,False,0.5987063256829237,1.0,1.0,mistralai/mistral-small-creative,0.4652392168922324,0.410830761711129,0.5601479746508449,-0.213513638808659
stability_direction,pure,normal,0.425,0.5,-0.0749999999999999,11,0.44,0.44,11,25,25,0,0,0.0,0.0,True,0.5987063256829237,1.0,1.0,mistralai/mistral-small-creative,0.4653440172783491,0.5101890529868357,0.555183303696954,-0.2338670165732327
stability_direction,pure,normal,0.425,0.5,-0.0749999999999999,12,0.4,0.4,10,25,25,0,0,0.0,0.0,False,0.5987063256829237,1.0,1.0,mistralai/mistral-small-creative,0.4813803286736881,0.3351565934235731,0.5305683499796424,-0.0226513399750649
stability_direction,pure,normal,0.425,0.5,-0.0749999999999999,4,0.44,0.44,11,25,25,0,0,0.0,0.0,True,0.5987063256829237,1.0,1.0,mistralai/mistral-small-creative,0.4886448772510813,0.5250225448378003,0.5198147103512454,0.0743834342187372
stability_direction,pure,normal,0.425,0.5,-0.0749999999999999,3,0.32,0.32,8,25,25,0,0,0.0,0.0,False,0.5987063256829237,1.0,1.0,mistralai/mistral-small-creative,0.4622057069248371,0.4859117575673203,0.565662282459854,-0.2497112090969281
stability_direction,pure,normal,0.35,0.5,-0.1499999999999999,10,0.44,0.44,11,25,25,0,0,0.0,0.0,True,0.691462461274013,1.0,1.0,mistralai/mistral-small-creative,0.4376315722026367,0.4000453996356152,0.5644154556957637,-0.2358819256465318
stability_direction,pure,normal,0.425,0.5,-0.0749999999999999,7,0.32,0.32,8,25,25,0,0,0.0,0.0,False,0.5987063256829237,1.0,1.0,mistralai/mistral-small-creative,0.4539811802457756,0.5123646064051879,0.577608803488496,-0.3597520385183202
stability_direction,pure,normal,0.35,0.5,-0.1499999999999999,28,0.6,0.6,15,25,25,0,0,0.0,0.0,True,0.691462461274013,1.0,1.0,mistralai/mistral-small-creative,0.3838508262536706,0.5369996964088758,0.6195239350171711,-0.6763063499863929
stability_direction,pure,normal,0.425,0.5,-0.0749999999999999,13,0.4,0.4,10,25,25,0,0,0.0,0.0,False,0.5987063256829237,1.0,1.0,mistralai/mistral-small-creative,0.4482734513661646,0.5136465533884275,0.5872859511815018,-0.4302013043441715
stability_direction,pure,normal,0.425,0.5,-0.0749999999999999,0,0.4,0.4,10,25,25,0,0,0.0,0.0,False,0.5987063256829237,1.0,1.0,mistralai/mistral-small-creative,0.4707832725381216,0.3431024045718437,0.5519499819753249,-0.1406662290203671
stability_direction,pure,normal,0.425,0.5,-0.0749999999999999,14,0.44,0.44,11,25,25,0,0,0.0,0.0,True,0.5987063256829237,1.0,1.0,mistralai/mistral-small-creative,0.4541166748331652,0.5181165851307509,0.5790477782326102,-0.3507573472495794
stability_direction,pure,normal,0.425,0.5,-0.0749999999999999,21,0.36,0.36,9,25,25,0,0,0.0,0.0,False,0.5987063256829237,1.0,1.0,mistralai/mistral-small-creative,0.4691405659061854,0.4481907228165455,0.5519703886448643,-0.1705696181451982
stability_direction,pure,normal,0.425,0.5,-0.0749999999999999,15,0.44,0.44,11,25,25,0,0,0.0,0.0,True,0.5987063256829237,1.0,1.0,mistralai/mistral-small-creative,0.441190012012213,0.4812040494450813,0.6022942640706086,-0.5063058244815746
stability_direction,pure,normal,0.425,0.5,-0.0749999999999999,20,0.36,0.36,9,25,25,0,0,0.0,0.0,False,0.5987063256829237,1.0,1.0,mistralai/mistral-small-creative,0.5019989409808892,0.3696125347523598,0.4960834182047017,0.2355322050667975
stability_direction,pure,normal,0.35,0.5,-0.1499999999999999,13,0.56,0.56,14,25,25,0,0,0.0,0.0,True,0.691462461274013,1.0,1.0,mistralai/mistral-small-creative,0.3832172372747343,0.5527744235506036,0.6201751860118776,-0.6802013043441716
stability_direction,pure,normal,0.425,0.5,-0.0749999999999999,17,0.4,0.4,10,25,25,0,0,0.0,0.0,False,0.5987063256829237,1.0,1.0,mistralai/mistral-small-creative,0.4910058293316233,0.5124197555753658,0.5156723091907299,0.1029066923157968
stability_direction,pure,normal,0.425,0.5,-0.0749999999999999,24,0.44,0.44,11,25,25,0,0,0.0,0.0,True,0.5987063256829237,1.0,1.0,mistralai/mistral-small-creative,0.4574025868524197,0.4465516267747449,0.5730747976867612,-0.3120133780732403
stability_direction,pure,normal,0.425,0.5,-0.0749999999999999,19,0.48,0.48,12,25,25,0,0,0.0,0.0,True,0.5987063256829237,1.0,1.0,mistralai/mistral-small-creative,0.4307580357095854,0.6275818566708198,0.6183998200234165,-0.6413363064606945
stability_direction,pure,normal,0.425,0.5,-0.0749999999999999,23,0.44,0.44,11,25,25,0,0,0.0,0.0,True,0.5987063256829237,1.0,1.0,mistralai/mistral-small-creative,0.4665308685738523,0.4525763485699881,0.5574273508707143,-0.199563184510843
stability_direction,pure,normal,0.35,0.5,-0.1499999999999999,14,0.6,0.6,15,25,25,0,0,0.0,0.0,True,0.691462461274013,1.0,1.0,mistralai/mistral-small-creative,0.3905375842446848,0.5526187526324188,0.6128129663456771,-0.6007573472495794
stability_direction,pure,normal,0.425,0.5,-0.0749999999999999,10,0.36,0.36,9,25,25,0,0,0.0,0.0,False,0.5987063256829237,1.0,1.0,mistralai/mistral-small-creative,0.4836448544465889,0.3480150041992333,0.5288290837412939,0.0141180743534682
stability_direction,pure,normal,0.35,0.5,-0.1499999999999999,19,0.72,0.72,18,25,25,0,0,0.0,0.0,True,0.691462461274013,1.0,1.0,mistralai/mistral-small-creative,0.3536566324652369,0.6892720035455687,0.6506940162768953,-0.8913363064606946
stability_direction,pure,normal,0.425,0.5,-0.0749999999999999,16,0.4,0.4,10,25,25,0,0,0.0,0.0,False,0.5987063256829237,1.0,1.0,mistralai/mistral-small-creative,0.4744167690784494,0.4369702497954645,0.543624044751537,-0.1030064591680902
stability_direction,pure,normal,0.425,0.5,-0.0749999999999999,18,0.44,0.44,11,25,25,0,0,0.0,0.0,True,0.5987063256829237,1.0,1.0,mistralai/mistral-small-creative,0.4426883705602671,0.4786431951660159,0.5953074276008143,-0.5080143885672629
stability_direction,pure,normal,0.5,0.5,0.0,1,0.36,0.36,9,25,25,0,0,0.0,0.0,False,0.5,1.0,1.0,mistralai/mistral-small-creative,0.4923867269606561,0.4815440032668043,0.5207874367839458,0.0584598745580991
stability_direction,pure,normal,0.5,0.5,0.0,3,0.44,0.44,11,25,25,0,0,0.0,0.0,False,0.5,1.0,1.0,mistralai/mistral-small-creative,0.489397462730546,0.4305275808329755,0.531206064720828,0.0002887909030716
stability_direction,pure,normal,0.425,0.5,-0.0749999999999999,22,0.52,0.52,13,25,25,0,0,0.0,0.0,True,0.5987063256829237,1.0,1.0,mistralai/mistral-small-creative,0.4456733890570721,0.4767505473874668,0.5941464896413394,-0.4528910935100635
stability_direction,pure,normal,0.5,0.5,0.0,6,0.4,0.4,10,25,25,0,0,0.0,0.0,False,0.5,1.0,1.0,mistralai/mistral-small-creative,0.4890059589630489,0.3813500186702575,0.5324524598033179,-0.0074636206715936
stability_direction,pure,normal,0.425,0.5,-0.0749999999999999,25,0.52,0.52,13,25,25,0,0,0.0,0.0,True,0.5987063256829237,1.0,1.0,mistralai/mistral-small-creative,0.4565717479204504,0.5854139430905922,0.5738926184500767,-0.32428413556711
stability_direction,pure,normal,0.425,0.5,-0.0749999999999999,26,0.32,0.32,8,25,25,0,0,0.0,0.0,False,0.5987063256829237,1.0,1.0,mistralai/mistral-small-creative,0.4740349488840278,0.357906613912156,0.5453855905621177,-0.1039195598587883
stability_direction,pure,normal,0.5,0.5,0.0,11,0.44,0.44,11,25,25,0,0,0.0,0.0,False,0.5,1.0,1.0,mistralai/mistral-small-creative,0.4905384041492112,0.5037118431561464,0.5220853491394132,0.016132983426767
stability_direction,pure,normal,0.5,0.5,0.0,0,0.36,0.36,9,25,25,0,0,0.0,0.0,False,0.5,1.0,1.0,mistralai/mistral-small-creative,0.4947954510340385,0.2682939983289218,0.5161878059846923,0.1093337709796326
stability_direction,pure,normal,0.425,0.5,-0.0749999999999999,6,0.4,0.4,10,25,25,0,0,0.0,0.0,False,0.5987063256829237,1.0,1.0,mistralai/mistral-small-creative,0.4614722649890809,0.4465147245067908,0.5672956963751455,-0.2574636206715936
stability_direction,pure,normal,0.5,0.5,0.0,4,0.36,0.36,9,25,25,0,0,0.0,0.0,False,0.5,1.0,1.0,mistralai/mistral-small-creative,0.5054491184348412,0.5297034307075247,0.4861618681382638,0.324383434218737
stability_direction,pure,normal,0.425,0.5,-0.0749999999999999,28,0.44,0.44,11,25,25,0,0,0.0,0.0,True,0.5987063256829237,1.0,1.0,mistralai/mistral-small-creative,0.4486870771278892,0.4915966892612213,0.586339604934234,-0.4263063499863928
stability_direction,pure,normal,0.425,0.5,-0.0749999999999999,27,0.36,0.36,9,25,25,0,0,0.0,0.0,False,0.5987063256829237,1.0,1.0,mistralai/mistral-small-creative,0.472313417270666,0.3181647072527003,0.5481313983900108,-0.1259031486048432
stability_direction,pure,normal,0.5,0.5,0.0,2,0.44,0.44,11,25,25,0,0,0.0,0.0,False,0.5,1.0,1.0,mistralai/mistral-small-creative,0.4989027443502203,0.3940261547857516,0.5024366338923092,0.1899713550785569
stability_direction,pure,normal,0.5,0.5,0.0,15,0.44,0.44,11,25,25,0,0,0.0,0.0,False,0.5,1.0,1.0,mistralai/mistral-small-creative,0.4766534277170532,0.3978644304749649,0.5675571436518814,-0.2563058244815746
stability_direction,pure,normal,0.5,0.5,0.0,17,0.36,0.36,9,25,25,0,0,0.0,0.0,False,0.5,1.0,1.0,mistralai/mistral-small-creative,0.5069123297165528,0.4962771448123719,0.4812515817642281,0.3529066923157966
stability_direction,pure,normal,0.425,0.5,-0.0749999999999999,29,0.6,0.6,15,25,25,0,0,0.0,0.0,True,0.5987063256829237,1.0,1.0,mistralai/mistral-small-creative,0.439783510861575,0.5600966193246812,0.6041915132552994,-0.5253055117654926
stability_direction,pure,normal,0.5,0.5,0.0,12,0.28,0.28,7,25,25,0,0,0.0,0.0,False,0.5,1.0,1.0,mistralai/mistral-small-creative,0.5008386783353455,0.3390449751645984,0.4955046076555174,0.2273486600249349
stability_direction,pure,normal,0.5,0.5,0.0,10,0.32,0.32,8,25,25,0,0,0.0,0.0,False,0.5,1.0,1.0,mistralai/mistral-small-creative,0.5025395515864164,0.3220729159535719,0.4929496515371351,0.264118074353468
stability_direction,pure,normal,0.5,0.5,0.0,5,0.24,0.24,6,25,25,0,0,0.0,0.0,False,0.5,1.0,1.0,mistralai/mistral-small-creative,0.5004666847445332,0.5314630510166514,0.4958519228183365,0.219350319614539
stability_direction,pure,normal,0.5,0.5,0.0,7,0.28,0.28,7,25,25,0,0,0.0,0.0,False,0.5,1.0,1.0,mistralai/mistral-small-creative,0.4840669439736575,0.4665882566063842,0.5439239697304296,-0.1097520385183203
stability_direction,pure,normal,0.5,0.5,0.0,9,0.24,0.24,6,25,25,0,0,0.0,0.0,False,0.5,1.0,1.0,mistralai/mistral-small-creative,0.4912468310446751,0.3703083102748891,0.5249117886145886,0.0364863611913408
stability_direction,pure,normal,0.5,0.5,0.0,21,0.44,0.44,11,25,25,0,0,0.0,0.0,False,0.5,1.0,1.0,mistralai/mistral-small-creative,0.4934393342721301,0.4569435150310094,0.5173797617333897,0.0794303818548015
stability_direction,pure,normal,0.5,0.5,0.0,23,0.4,0.4,10,25,25,0,0,0.0,0.0,False,0.5,1.0,1.0,mistralai/mistral-small-creative,0.4919254447844637,0.4181499894440138,0.523213982601192,0.0504368154891568
stability_direction,pure,normal,0.5,0.5,0.0,8,0.32,0.32,8,25,25,0,0,0.0,0.0,False,0.5,1.0,1.0,mistralai/mistral-small-creative,0.5004601741957236,0.3897719366252691,0.5004601683258796,0.2242955860342104
stability_direction,pure,normal,0.5,0.5,0.0,26,0.28,0.28,7,25,25,0,0,0.0,0.0,False,0.5,1.0,1.0,mistralai/mistral-small-creative,0.4966681082260398,0.3318672362495665,0.5098430393802252,0.1460804401412115
stability_direction,pure,normal,0.5,0.5,0.0,22,0.36,0.36,9,25,25,0,0,0.0,0.0,False,0.5,1.0,1.0,mistralai/mistral-small-creative,0.4793375698412063,0.4020893832109358,0.5593066622776685,-0.2028910935100636
stability_direction,pure,normal,0.5,0.5,0.0,27,0.32,0.32,8,25,25,0,0,0.0,0.0,False,0.5,1.0,1.0,mistralai/mistral-small-creative,0.4956015780993437,0.2889916086580939,0.5123697444605065,0.1240968513951565
stability_direction,pure,normal,0.5,0.5,0.0,13,0.44,0.44,11,25,25,0,0,0.0,0.0,False,0.5,1.0,1.0,mistralai/mistral-small-creative,0.4805761636743251,0.4918615397073318,0.5536585762107598,-0.1802013043441716
stability_direction,pure,normal,0.5,0.5,0.0,28,0.28,0.28,7,25,25,0,0,0.0,0.0,False,0.5,1.0,1.0,mistralai/mistral-small-creative,0.4808038399140675,0.4633177676259755,0.5524319233572579,-0.1763063499863929
stability_direction,pure,normal,0.5,0.5,0.0,29,0.6,0.6,15,25,25,0,0,0.0,0.0,True,0.5,1.0,1.0,mistralai/mistral-small-creative,0.475716704529371,0.4956715025493385,0.5700700482418692,-0.2753055117654926
stability_direction,pure,normal,0.5750000000000001,0.5,0.075,0,0.48,0.48,12,25,25,0,0,0.0,0.0,False,0.4012936743170762,1.0,1.0,mistralai/mistral-small-creative,0.51176729780623,0.2455770561342568,0.4802286824489484,0.3593337709796329
stability_direction,pure,normal,0.5,0.5,0.0,14,0.36,0.36,9,25,25,0,0,0.0,0.0,False,0.5,1.0,1.0,mistralai/mistral-small-creative,0.4844192052947445,0.4865809609265561,0.5445576534105282,-0.1007573472495794
stability_direction,pure,normal,0.5750000000000001,0.5,0.075,4,0.2,0.2,5,25,25,0,0,0.0,0.0,False,0.4012936743170762,1.0,1.0,mistralai/mistral-small-creative,0.5287527865373304,0.5391620145972117,0.4525931898152699,0.5743834342187373
stability_direction,pure,normal,0.5,0.5,0.0,18,0.4,0.4,10,25,25,0,0,0.0,0.0,False,0.5,1.0,1.0,mistralai/mistral-small-creative,0.4768935751616914,0.4348723684482937,0.5615400167885661,-0.2580143885672629
stability_direction,pure,normal,0.5750000000000001,0.5,0.075,1,0.36,0.36,9,25,25,0,0,0.0,0.0,False,0.4012936743170762,1.0,1.0,mistralai/mistral-small-creative,0.5077963911914412,0.4638486551292096,0.4865876347607478,0.3084598745580995
stability_direction,pure,normal,0.5,0.5,0.0,19,0.36,0.36,9,25,25,0,0,0.0,0.0,False,0.5,1.0,1.0,mistralai/mistral-small-creative,0.4700197418188492,0.5506535501241818,0.5850495336984206,-0.3913363064606947
stability_direction,pure,normal,0.5750000000000001,0.5,0.075,2,0.4,0.4,10,25,25,0,0,0.0,0.0,False,0.4012936743170762,1.0,1.0,mistralai/mistral-small-creative,0.5186551757283375,0.4021645478017964,0.4673059798516595,0.439971355078557
stability_direction,pure,normal,0.5,0.5,0.0,16,0.36,0.36,9,25,25,0,0,0.0,0.0,False,0.5,1.0,1.0,mistralai/mistral-small-creative,0.4967514827021163,0.4424256416412299,0.5088064166977915,0.1469935408319096
stability_direction,pure,normal,0.5750000000000001,0.5,0.075,5,0.2,0.2,5,25,25,0,0,0.0,0.0,False,0.4012936743170762,1.0,1.0,mistralai/mistral-small-creative,0.5211559491787808,0.5805407843683278,0.4625729041859721,0.4693503196145391
stability_direction,pure,normal,0.5750000000000001,0.5,0.075,6,0.44,0.44,11,25,25,0,0,0.0,0.0,False,0.4012936743170762,1.0,1.0,mistralai/mistral-small-creative,0.5021338576506436,0.3456172499320342,0.4972667202470576,0.2425363793284064
stability_direction,pure,normal,0.275,0.5,-0.2249999999999999,5,0.6,0.6,15,25,25,0,0,0.0,0.0,True,0.7733726476231317,1.0,1.0,mistralai/mistral-small-creative,0.3902197155853163,0.480639550294366,0.595356153816114,-0.530649680385461
stability_direction,pure,normal,0.5,0.5,0.0,20,0.2,0.2,5,25,25,0,0,0.0,0.0,False,0.5,1.0,1.0,mistralai/mistral-small-creative,0.513563294085864,0.3878786567466487,0.4609487685907351,0.4855322050667974
stability_direction,pure,normal,0.5,0.5,0.0,25,0.44,0.44,11,25,25,0,0,0.0,0.0,False,0.5,1.0,1.0,mistralai/mistral-small-creative,0.4857578950380745,0.5421977282777061,0.540329726550912,-0.0742841355671101
stability_direction,pure,normal,0.5750000000000001,0.5,0.075,11,0.4,0.4,10,25,25,0,0,0.0,0.0,False,0.4012936743170762,1.0,1.0,mistralai/mistral-small-creative,0.5051521609692435,0.5108173802084831,0.4888910270861993,0.2661329834267672
stability_direction,pure,normal,0.5750000000000001,0.5,0.075,12,0.24,0.24,6,25,25,0,0,0.0,0.0,False,0.4012936743170762,1.0,1.0,mistralai/mistral-small-creative,0.521996059998452,0.3809624997192672,0.4605398336032734,0.4773486600249352
stability_direction,pure,normal,0.5750000000000001,0.5,0.075,13,0.32,0.32,8,25,25,0,0,0.0,0.0,False,0.4012936743170762,1.0,1.0,mistralai/mistral-small-creative,0.4884631172863827,0.4828956124568656,0.5195703681798828,0.0697986956558286
stability_direction,pure,normal,0.5750000000000001,0.5,0.075,14,0.4,0.4,10,25,25,0,0,0.0,0.0,False,0.4012936743170762,1.0,1.0,mistralai/mistral-small-creative,0.494691130176053,0.4559012581756098,0.5096422860473472,0.1492426527504207
stability_direction,pure,normal,0.5750000000000001,0.5,0.075,17,0.2,0.2,5,25,25,0,0,0.0,0.0,False,0.4012936743170762,1.0,1.0,mistralai/mistral-small-creative,0.5314354669390294,0.4865596880118636,0.4469759316583833,0.602906692315797
stability_direction,pure,normal,0.5750000000000001,0.5,0.075,15,0.36,0.36,9,25,25,0,0,0.0,0.0,False,0.4012936743170762,1.0,1.0,mistralai/mistral-small-creative,0.4818935708720996,0.3413495979682709,0.5321488946939267,-0.0063058244815744
stability_direction,pure,normal,0.5750000000000001,0.5,0.075,3,0.36,0.36,9,25,25,0,0,0.0,0.0,False,0.4012936743170762,1.0,1.0,mistralai/mistral-small-creative,0.5027215024614646,0.3965889296033352,0.4964232475650855,0.250288790903072
stability_direction,pure,normal,0.5750000000000001,0.5,0.075,19,0.32,0.32,8,25,25,0,0,0.0,0.0,False,0.4012936743170762,1.0,1.0,mistralai/mistral-small-creative,0.4709441085543979,0.4704880025104576,0.5509047171395467,-0.1413363064606944
stability_direction,pure,normal,0.5750000000000001,0.5,0.075,20,0.24,0.24,6,25,25,0,0,0.0,0.0,False,0.4012936743170762,1.0,1.0,mistralai/mistral-small-creative,0.5426377404979152,0.4356214679324658,0.4261947689482224,0.7355322050667975
stability_direction,pure,normal,0.5750000000000001,0.5,0.075,21,0.24,0.24,6,25,25,0,0,0.0,0.0,False,0.4012936743170762,1.0,1.0,mistralai/mistral-small-creative,0.5096780132350789,0.4759391163466847,0.4826671672834675,0.3294303818548018
stability_direction,pure,normal,0.5750000000000001,0.5,0.075,7,0.4,0.4,10,25,25,0,0,0.0,0.0,False,0.4012936743170762,1.0,1.0,mistralai/mistral-small-creative,0.4941674403226535,0.4407568558782696,0.5098605127627506,0.1402479614816798
stability_direction,pure,normal,0.5750000000000001,0.5,0.075,22,0.4,0.4,10,25,25,0,0,0.0,0.0,False,0.4012936743170762,1.0,1.0,mistralai/mistral-small-creative,0.486393071300685,0.3472270043672836,0.5238906953141064,0.0471089064899365
stability_direction,pure,normal,0.5750000000000001,0.5,0.075,8,0.16,0.16,4,25,25,0,0,0.0,0.0,False,0.4012936743170762,1.0,1.0,mistralai/mistral-small-creative,0.5206762541443402,0.409752473670769,0.4659487006768974,0.4742955860342106
stability_direction,pure,normal,0.5750000000000001,0.5,0.075,23,0.28,0.28,7,25,25,0,0,0.0,0.0,False,0.4012936743170762,1.0,1.0,mistralai/mistral-small-creative,0.5069058128702878,0.4120430242354104,0.4887752137552651,0.3004368154891571
stability_direction,pure,normal,0.5750000000000001,0.5,0.075,10,0.24,0.24,6,25,25,0,0,0.0,0.0,False,0.4012936743170762,1.0,1.0,mistralai/mistral-small-creative,0.5246463429403523,0.3298584741213108,0.4571295617162254,0.5141180743534682
stability_direction,pure,normal,0.5750000000000001,0.5,0.075,24,0.36,0.36,9,25,25,0,0,0.0,0.0,False,0.4012936743170762,1.0,1.0,mistralai/mistral-small-creative,0.4979207634542938,0.3738710966073137,0.5037502692765552,0.1879866219267597
stability_direction,pure,normal,0.5750000000000001,0.5,0.075,9,0.2,0.2,5,25,25,0,0,0.0,0.0,False,0.4012936743170762,1.0,1.0,mistralai/mistral-small-creative,0.5060437535823378,0.3559932522088955,0.4894393491175132,0.286486361191341
stability_direction,pure,normal,0.5750000000000001,0.5,0.075,18,0.48,0.48,12,25,25,0,0,0.0,0.0,False,0.4012936743170762,1.0,1.0,mistralai/mistral-small-creative,0.4828506269144109,0.4135095631603972,0.527287757885064,-0.0080143885672627
stability_direction,pure,normal,0.5750000000000001,0.5,0.075,26,0.24,0.24,6,25,25,0,0,0.0,0.0,False,0.4012936743170762,1.0,1.0,mistralai/mistral-small-creative,0.514931262717968,0.3416040165517595,0.4741969356033446,0.3960804401412117
stability_direction,pure,normal,0.5750000000000001,0.5,0.075,28,0.4,0.4,10,25,25,0,0,0.0,0.0,False,0.4012936743170762,1.0,1.0,mistralai/mistral-small-creative,0.4889752084750964,0.4530513097976207,0.5180889479104894,0.0736936500136072
stability_direction,pure,normal,0.5750000000000001,0.5,0.075,27,0.32,0.32,8,25,25,0,0,0.0,0.0,False,0.4012936743170762,1.0,1.0,mistralai/mistral-small-creative,0.5132915767886391,0.3077371988400737,0.4764966815248208,0.3740968513951567
stability_direction,pure,normal,0.5750000000000001,0.5,0.075,25,0.4,0.4,10,25,25,0,0,0.0,0.0,False,0.4012936743170762,1.0,1.0,mistralai/mistral-small-creative,0.4967574056127817,0.4991390113889666,0.5063910333855648,0.17571586443289
stability_direction,pure,normal,0.5750000000000001,0.5,0.075,29,0.4,0.4,10,25,25,0,0,0.0,0.0,False,0.4012936743170762,1.0,1.0,mistralai/mistral-small-creative,0.480264379031662,0.4363260784988352,0.5352594921644409,-0.0253055117654924
stability_direction,pure,normal,0.6500000000000001,0.5,0.1500000000000001,0,0.28,0.28,7,25,25,0,0,0.0,0.0,False,0.3085375387259867,1.0,1.0,mistralai/mistral-small-creative,0.5538687153294702,0.282684676893561,0.444432733435889,0.6093337709796331
stability_direction,pure,normal,0.6500000000000001,0.5,0.1500000000000001,2,0.2,0.2,5,25,25,0,0,0.0,0.0,False,0.3085375387259867,1.0,1.0,mistralai/mistral-small-creative,0.5654157588696418,0.433578776487564,0.4324975544760807,0.6899713550785573
stability_direction,pure,normal,0.6500000000000001,0.5,0.1500000000000001,1,0.2,0.2,5,25,25,0,0,0.0,0.0,False,0.3085375387259867,1.0,1.0,mistralai/mistral-small-creative,0.5461070345478715,0.4672875404577559,0.4525074927339796,0.5584598745580996
stability_direction,pure,normal,0.6500000000000001,0.5,0.1500000000000001,5,0.2,0.2,5,25,25,0,0,0.0,0.0,False,0.3085375387259867,1.0,1.0,mistralai/mistral-small-creative,0.5682197074225579,0.6299726456923451,0.4296793980225456,0.7193503196145394
stability_direction,pure,normal,0.6500000000000001,0.5,0.1500000000000001,4,0.16,0.16,4,25,25,0,0,0.0,0.0,False,0.3085375387259867,1.0,1.0,mistralai/mistral-small-creative,0.5784413693238352,0.5502245172195722,0.4193818972856949,0.8243834342187375
stability_direction,pure,normal,0.6500000000000001,0.5,0.1500000000000001,7,0.28,0.28,7,25,25,0,0,0.0,0.0,False,0.3085375387259867,1.0,1.0,mistralai/mistral-small-creative,0.5235826076931306,0.4403052488391847,0.4757110341993833,0.39024796148168
stability_direction,pure,normal,0.6500000000000001,0.5,0.1500000000000001,8,0.24,0.24,6,25,25,0,0,0.0,0.0,False,0.3085375387259867,1.0,1.0,mistralai/mistral-small-creative,0.5663651604687098,0.455591455258834,0.4317052820762365,0.724295586034211
stability_direction,pure,normal,0.6500000000000001,0.5,0.1500000000000001,6,0.32,0.32,8,25,25,0,0,0.0,0.0,False,0.3085375387259867,1.0,1.0,mistralai/mistral-small-creative,0.5368441828685155,0.3474836071009313,0.462069053658689,0.4925363793284066
stability_direction,pure,normal,0.6500000000000001,0.5,0.1500000000000001,11,0.28,0.28,7,25,25,0,0,0.0,0.0,False,0.3085375387259867,1.0,1.0,mistralai/mistral-small-creative,0.5427153146041773,0.5321291217684855,0.4558701895013753,0.5161329834267675
stability_direction,pure,normal,0.6500000000000001,0.5,0.1500000000000001,12,0.12,0.12,3,25,25,0,0,0.0,0.0,False,0.3085375387259867,1.0,1.0,mistralai/mistral-small-creative,0.5716358102485313,0.4540163857374941,0.4260006959893821,0.7273486600249354
stability_direction,pure,normal,0.6500000000000001,0.5,0.1500000000000001,13,0.32,0.32,8,25,25,0,0,0.0,0.0,False,0.3085375387259867,1.0,1.0,mistralai/mistral-small-creative,0.514258737853306,0.482106035863155,0.4853126413486985,0.3197986956558288
stability_direction,pure,normal,0.6500000000000001,0.5,0.1500000000000001,14,0.2,0.2,5,25,25,0,0,0.0,0.0,False,0.3085375387259867,1.0,1.0,mistralai/mistral-small-creative,0.5246624688949642,0.4309396430258186,0.4746162107009571,0.399242652750421
stability_direction,pure,normal,0.6500000000000001,0.5,0.1500000000000001,10,0.2,0.2,5,25,25,0,0,0.0,0.0,False,0.3085375387259867,1.0,1.0,mistralai/mistral-small-creative,0.5758436705648067,0.375559343179866,0.4217196947392485,0.7641180743534686
stability_direction,pure,normal,0.275,0.5,-0.2249999999999999,12,0.64,0.64,16,25,25,0,0,0.0,0.0,True,0.7733726476231317,1.0,1.0,mistralai/mistral-small-creative,0.3823151490630993,0.4416019749294378,0.5996699477716545,-0.522651339975065
stability_direction,pure,normal,0.6500000000000001,0.5,0.1500000000000001,16,0.24,0.24,6,25,25,0,0,0.0,0.0,False,0.3085375387259867,1.0,1.0,mistralai/mistral-small-creative,0.5588806414141143,0.4852570933899823,0.4392836534316762,0.6469935408319101
stability_direction,pure,normal,0.6500000000000001,0.5,0.1500000000000001,3,0.2,0.2,5,25,25,0,0,0.0,0.0,False,0.3085375387259867,1.0,1.0,mistralai/mistral-small-creative,0.5373116581426872,0.3912189185486111,0.4616286757020127,0.5002887909030721
stability_direction,pure,normal,0.6500000000000001,0.5,0.1500000000000001,18,0.44,0.44,11,25,25,0,0,0.0,0.0,False,0.3085375387259867,1.0,1.0,mistralai/mistral-small-creative,0.5067742732372715,0.4172380679096477,0.4928562214411681,0.2419856114327375
stability_direction,pure,normal,0.6500000000000001,0.5,0.1500000000000001,19,0.36,0.36,9,25,25,0,0,0.0,0.0,False,0.3085375387259867,1.0,1.0,mistralai/mistral-small-creative,0.4843414719357551,0.4059691033071555,0.5162542369299014,0.1086636935393058
stability_direction,pure,normal,0.6500000000000001,0.5,0.1500000000000001,17,0.12,0.12,3,25,25,0,0,0.0,0.0,False,0.3085375387259867,1.0,1.0,mistralai/mistral-small-creative,0.5843901415683491,0.4906845454301634,0.4131393279439599,0.8529066923157971
stability_direction,pure,normal,0.6500000000000001,0.5,0.1500000000000001,15,0.44,0.44,11,25,25,0,0,0.0,0.0,False,0.3085375387259867,1.0,1.0,mistralai/mistral-small-creative,0.5035289716589724,0.3183242336211476,0.4964050099169096,0.2436941755184257
stability_direction,pure,normal,0.6500000000000001,0.5,0.1500000000000001,9,0.08,0.08,2,25,25,0,0,0.0,0.0,False,0.3085375387259867,1.0,1.0,mistralai/mistral-small-creative,0.544503001241163,0.3726778659340863,0.454069159029607,0.5364863611913414
stability_direction,pure,normal,0.6500000000000001,0.5,0.1500000000000001,20,0.12,0.12,3,25,25,0,0,0.0,0.0,False,0.3085375387259867,1.0,1.0,mistralai/mistral-small-creative,0.6046081474842534,0.5072568550553848,0.3921352275399634,0.9855322050667978
stability_direction,pure,normal,0.6500000000000001,0.5,0.1500000000000001,23,0.2,0.2,5,25,25,0,0,0.0,0.0,False,0.3085375387259867,1.0,1.0,mistralai/mistral-small-creative,0.5442835355967974,0.4346206504642055,0.454416777117591,0.5504368154891572
stability_direction,pure,normal,0.6500000000000001,0.5,0.1500000000000001,24,0.28,0.28,7,25,25,0,0,0.0,0.0,False,0.3085375387259867,1.0,1.0,mistralai/mistral-small-creative,0.5302035541049588,0.3912641488824823,0.4688689129141078,0.4379866219267599
stability_direction,pure,normal,0.6500000000000001,0.5,0.1500000000000001,26,0.28,0.28,7,25,25,0,0,0.0,0.0,False,0.3085375387259867,1.0,1.0,mistralai/mistral-small-creative,0.5593155786586164,0.3833901966044911,0.4387927006955936,0.6460804401412119
stability_direction,pure,normal,0.6500000000000001,0.5,0.1500000000000001,27,0.16,0.16,4,25,25,0,0,0.0,0.0,False,0.3085375387259867,1.0,1.0,mistralai/mistral-small-creative,0.5572458852584293,0.3688152598672679,0.4408662895929165,0.6240968513951571
stability_direction,pure,normal,0.6500000000000001,0.5,0.1500000000000001,28,0.24,0.24,6,25,25,0,0,0.0,0.0,False,0.3085375387259867,1.0,1.0,mistralai/mistral-small-creative,0.5158466517581851,0.4591145387270927,0.4836114690173219,0.3236936500136075
stability_direction,pure,normal,0.7250000000000001,0.5,0.2250000000000001,0,0.2,0.2,5,25,25,0,0,0.0,0.0,False,0.226627352376868,1.0,1.0,mistralai/mistral-small-creative,0.6085153295185258,0.3719263177751233,0.409155442524185,0.8593337709796329
stability_direction,pure,normal,0.7250000000000001,0.5,0.2250000000000001,1,0.2,0.2,5,25,25,0,0,0.0,0.0,False,0.226627352376868,1.0,1.0,mistralai/mistral-small-creative,0.5955264386512691,0.4950948678205449,0.418837400841716,0.8084598745580993
stability_direction,pure,normal,0.6500000000000001,0.5,0.1500000000000001,29,0.28,0.28,7,25,25,0,0,0.0,0.0,False,0.3085375387259867,1.0,1.0,mistralai/mistral-small-creative,0.5000368047383786,0.3883575507534832,0.5000713559460274,0.2246944882345077
stability_direction,pure,normal,0.7250000000000001,0.5,0.2250000000000001,2,0.2,0.2,5,25,25,0,0,0.0,0.0,False,0.226627352376868,1.0,1.0,mistralai/mistral-small-creative,0.6209423196165216,0.4901017997688051,0.3983263529772068,0.9399713550785572
stability_direction,pure,normal,0.6500000000000001,0.5,0.1500000000000001,22,0.4,0.4,10,25,25,0,0,0.0,0.0,False,0.3085375387259867,1.0,1.0,mistralai/mistral-small-creative,0.5114129410664219,0.3241505722078496,0.4882346672795999,0.2971089064899369
stability_direction,pure,normal,0.7250000000000001,0.5,0.2250000000000001,3,0.2,0.2,5,25,25,0,0,0.0,0.0,False,0.226627352376868,1.0,1.0,mistralai/mistral-small-creative,0.5856966996115607,0.4174088391911087,0.4271398018874408,0.7502887909030719
stability_direction,pure,normal,0.7250000000000001,0.5,0.2250000000000001,4,0.12,0.12,3,25,25,0,0,0.0,0.0,False,0.226627352376868,1.0,1.0,mistralai/mistral-small-creative,0.6315528519579308,0.5651348286245015,0.3867925810266104,1.0743834342187375
stability_direction,pure,normal,0.7250000000000001,0.5,0.2250000000000001,6,0.28,0.28,7,25,25,0,0,0.0,0.0,False,0.226627352376868,1.0,1.0,mistralai/mistral-small-creative,0.5861815424827291,0.3881892739996076,0.4271922097495437,0.7425363793284067
stability_direction,pure,normal,0.6500000000000001,0.5,0.1500000000000001,21,0.28,0.28,7,25,25,0,0,0.0,0.0,False,0.3085375387259867,1.0,1.0,mistralai/mistral-small-creative,0.5502573485567698,0.5018365258560012,0.4481415318087649,0.579430381854802
stability_direction,pure,normal,0.7250000000000001,0.5,0.2250000000000001,11,0.2,0.2,5,25,25,0,0,0.0,0.0,False,0.226627352376868,1.0,1.0,mistralai/mistral-small-creative,0.5908918034801901,0.5675517592776047,0.4232848969534311,0.7661329834267673
stability_direction,pure,normal,0.7250000000000001,0.5,0.2250000000000001,8,0.12,0.12,3,25,25,0,0,0.0,0.0,False,0.226627352376868,1.0,1.0,mistralai/mistral-small-creative,0.6198538059084411,0.5178217688208565,0.3980340434501128,0.9742955860342108
stability_direction,pure,normal,0.7250000000000001,0.5,0.2250000000000001,9,0.2,0.2,5,25,25,0,0,0.0,0.0,False,0.226627352376868,1.0,1.0,mistralai/mistral-small-creative,0.5965087261337094,0.4215094503406963,0.4191361892074288,0.7864863611913411
stability_direction,pure,normal,0.6500000000000001,0.5,0.1500000000000001,25,0.32,0.32,8,25,25,0,0,0.0,0.0,False,0.3085375387259867,1.0,1.0,mistralai/mistral-small-creative,0.5269321202922904,0.4688176677542628,0.4723587033245516,0.4257158644328903
stability_direction,pure,normal,0.7250000000000001,0.5,0.2250000000000001,13,0.24,0.24,6,25,25,0,0,0.0,0.0,False,0.226627352376868,1.0,1.0,mistralai/mistral-small-creative,0.5575647161136951,0.4887445161437688,0.4511819551927013,0.5697986956558287
stability_direction,pure,normal,0.5,0.5,0.0,24,0.28,0.28,7,25,25,0,0,0.0,0.0,False,0.5,1.0,1.0,mistralai/mistral-small-creative,0.4863663331637893,0.3937005229975777,0.5385916515934689,-0.0620133780732404
stability_direction,pure,normal,0.7250000000000001,0.5,0.2250000000000001,14,0.28,0.28,7,25,25,0,0,0.0,0.0,False,0.226627352376868,1.0,1.0,mistralai/mistral-small-creative,0.5710946446859678,0.4224241361933313,0.4397989757144767,0.6492426527504209
stability_direction,pure,normal,0.7250000000000001,0.5,0.2250000000000001,15,0.4,0.4,10,25,25,0,0,0.0,0.0,False,0.226627352376868,1.0,1.0,mistralai/mistral-small-creative,0.546827742963148,0.3307714642589899,0.4606742575428781,0.4936941755184256
stability_direction,pure,normal,0.7250000000000001,0.5,0.2250000000000001,20,0.08,0.08,2,25,25,0,0,0.0,0.0,False,0.226627352376868,1.0,1.0,mistralai/mistral-small-creative,0.6667457291244839,0.5938226774422898,0.3590599539670817,1.2355322050667976
stability_direction,pure,normal,0.7250000000000001,0.5,0.2250000000000001,19,0.32,0.32,8,25,25,0,0,0.0,0.0,False,0.226627352376868,1.0,1.0,mistralai/mistral-small-creative,0.5211729262681305,0.3739454986834434,0.4814060122729304,0.3586636935393056
stability_direction,pure,normal,0.35,0.5,-0.1499999999999999,23,0.4,0.4,10,25,25,0,0,0.0,0.0,True,0.691462461274013,1.0,1.0,mistralai/mistral-small-creative,0.4115658682052156,0.5108868327233868,0.5911176606122976,-0.4495631845108431
stability_direction,pure,normal,0.7250000000000001,0.5,0.2250000000000001,21,0.24,0.24,6,25,25,0,0,0.0,0.0,False,0.226627352376868,1.0,1.0,mistralai/mistral-small-creative,0.601932024772949,0.535189263783434,0.4141041137053968,0.829430381854802
stability_direction,pure,normal,0.7250000000000001,0.5,0.2250000000000001,7,0.28,0.28,7,25,25,0,0,0.0,0.0,False,0.226627352376868,1.0,1.0,mistralai/mistral-small-creative,0.5686215052069404,0.4665639508361032,0.4417710578934257,0.64024796148168
stability_direction,pure,normal,0.7250000000000001,0.5,0.2250000000000001,22,0.2,0.2,5,25,25,0,0,0.0,0.0,False,0.226627352376868,1.0,1.0,mistralai/mistral-small-creative,0.5565548359253167,0.3410406736733881,0.4526839097965847,0.5471089064899367
stability_direction,pure,normal,0.7250000000000001,0.5,0.2250000000000001,12,0.16,0.16,4,25,25,0,0,0.0,0.0,False,0.226627352376868,1.0,1.0,mistralai/mistral-small-creative,0.6288019321387829,0.5468698006161632,0.3921966002429161,0.9773486600249351
stability_direction,pure,normal,0.7250000000000001,0.5,0.2250000000000001,25,0.4,0.4,10,25,25,0,0,0.0,0.0,False,0.226627352376868,1.0,1.0,mistralai/mistral-small-creative,0.5715442421593969,0.4627087452513564,0.4385200415581016,0.6757158644328901
stability_direction,pure,normal,0.7250000000000001,0.5,0.2250000000000001,26,0.04,0.04,1,25,25,0,0,0.0,0.0,False,0.226627352376868,1.0,1.0,mistralai/mistral-small-creative,0.6145466669481853,0.4507772371590102,0.4039673455165971,0.8960804401412119
stability_direction,pure,normal,0.7250000000000001,0.5,0.2250000000000001,28,0.2,0.2,5,25,25,0,0,0.0,0.0,False,0.226627352376868,1.0,1.0,mistralai/mistral-small-creative,0.5603719124270126,0.4791328816006105,0.4493035726583351,0.5736936500136075
stability_direction,pure,normal,0.7250000000000001,0.5,0.2250000000000001,17,0.12,0.12,3,25,25,0,0,0.0,0.0,False,0.226627352376868,1.0,1.0,mistralai/mistral-small-creative,0.6405716812036003,0.5158324046219139,0.3800239436334072,1.102906692315797
stability_direction,pure,normal,0.7250000000000001,0.5,0.2250000000000001,10,0.12,0.12,3,25,25,0,0,0.0,0.0,False,0.226627352376868,1.0,1.0,mistralai/mistral-small-creative,0.6347938870103121,0.4561156150099547,0.387056613509121,1.0141180743534683
stability_direction,pure,normal,0.7250000000000001,0.5,0.2250000000000001,16,0.24,0.24,6,25,25,0,0,0.0,0.0,False,0.226627352376868,1.0,1.0,mistralai/mistral-small-creative,0.6123010525553241,0.5188140622414111,0.4052002191413494,0.8969935408319099
stability_direction,pure,normal,0.7250000000000001,0.5,0.2250000000000001,23,0.2,0.2,5,25,25,0,0,0.0,0.0,False,0.226627352376868,1.0,1.0,mistralai/mistral-small-creative,0.593651896783613,0.4818560936526322,0.4204424431008166,0.8004368154891572
stability_direction,pure,normal,0.8,0.5,0.3,1,0.2,0.2,5,25,25,0,0,0.0,0.0,False,0.158655253931457,1.0,1.0,mistralai/mistral-small-creative,0.6408039199717895,0.544509271242241,0.3858555467273911,1.0584598745580995
stability_direction,pure,normal,0.8,0.5,0.3,3,0.2,0.2,5,25,25,0,0,0.0,0.0,False,0.158655253931457,1.0,1.0,mistralai/mistral-small-creative,0.6322570660520512,0.4724865448338356,0.3932659423794419,1.0002887909030718
stability_direction,pure,normal,0.8,0.5,0.3,4,0.16,0.16,4,25,25,0,0,0.0,0.0,False,0.158655253931457,1.0,1.0,mistralai/mistral-small-creative,0.6759202850704427,0.5897438502075039,0.3550739755556884,1.3243834342187373
stability_direction,pure,normal,0.8,0.5,0.3,5,0.12,0.12,3,25,25,0,0,0.0,0.0,False,0.158655253931457,1.0,1.0,mistralai/mistral-small-creative,0.6638201960408254,0.7075326782090912,0.3660127680178416,1.2193503196145392
stability_direction,pure,normal,0.8,0.5,0.3,2,0.2,0.2,5,25,25,0,0,0.0,0.0,False,0.158655253931457,1.0,1.0,mistralai/mistral-small-creative,0.6684605757308159,0.5682961912227923,0.3650854078622958,1.1899713550785571
stability_direction,pure,normal,0.8,0.5,0.3,6,0.08,0.08,2,25,25,0,0,0.0,0.0,False,0.158655253931457,1.0,1.0,mistralai/mistral-small-creative,0.6336727838418321,0.4613829692114657,0.3929592258334766,0.9925363793284068
stability_direction,pure,normal,0.8,0.5,0.3,8,0.12,0.12,3,25,25,0,0,0.0,0.0,False,0.158655253931457,1.0,1.0,mistralai/mistral-small-creative,0.6662677625440998,0.5875217586665109,0.3652208250548535,1.2242955860342106
stability_direction,pure,normal,0.7250000000000001,0.5,0.2250000000000001,18,0.28,0.28,7,25,25,0,0,0.0,0.0,False,0.226627352376868,1.0,1.0,mistralai/mistral-small-creative,0.5503180094491466,0.4461767213648152,0.4585549136406934,0.4919856114327374
stability_direction,pure,normal,0.8,0.5,0.3,9,0.16,0.16,4,25,25,0,0,0.0,0.0,False,0.158655253931457,1.0,1.0,mistralai/mistral-small-creative,0.6445821488889156,0.4979459947034799,0.3849601679356911,1.036486361191341
stability_direction,pure,normal,0.8,0.5,0.3,7,0.24,0.24,6,25,25,0,0,0.0,0.0,False,0.158655253931457,1.0,1.0,mistralai/mistral-small-creative,0.6134369349833733,0.5159650804460267,0.4083296977252416,0.8902479614816798
stability_direction,pure,normal,0.8,0.5,0.3,0,0.2,0.2,5,25,25,0,0,0.0,0.0,False,0.158655253931457,1.0,1.0,mistralai/mistral-small-creative,0.6579692268798775,0.4931211803596712,0.3747340157778184,1.109333770979633
stability_direction,pure,normal,0.8,0.5,0.3,10,0.04,0.04,1,25,25,0,0,0.0,0.0,False,0.158655253931457,1.0,1.0,mistralai/mistral-small-creative,0.6839851276819262,0.5603206368255266,0.3534507119638964,1.2641180743534683
stability_direction,pure,normal,0.7250000000000001,0.5,0.2250000000000001,27,0.08,0.08,2,25,25,0,0,0.0,0.0,False,0.226627352376868,1.0,1.0,mistralai/mistral-small-creative,0.6129199500694912,0.4581883195048971,0.4058230196394492,0.8740968513951569
stability_direction,pure,normal,0.8,0.5,0.3,13,0.28,0.28,7,25,25,0,0,0.0,0.0,False,0.158655253931457,1.0,1.0,mistralai/mistral-small-creative,0.6022310650884966,0.5067315333683795,0.4174710521695962,0.8197986956558284
stability_direction,pure,normal,0.8,0.5,0.3,11,0.12,0.12,3,25,25,0,0,0.0,0.0,False,0.158655253931457,1.0,1.0,mistralai/mistral-small-creative,0.6341927732491051,0.6151171819189852,0.3913820617030847,1.0161329834267672
stability_direction,pure,normal,0.8,0.5,0.3,12,0.16,0.16,4,25,25,0,0,0.0,0.0,False,0.158655253931457,1.0,1.0,mistralai/mistral-small-creative,0.6761224597057184,0.6456395012480491,0.3594094531736275,1.2273486600249353
stability_direction,pure,normal,0.8,0.5,0.3,15,0.16,0.16,4,25,25,0,0,0.0,0.0,False,0.158655253931457,1.0,1.0,mistralai/mistral-small-creative,0.5943590040503214,0.3772022219084263,0.4253059800631938,0.7436941755184256
stability_direction,pure,normal,0.5750000000000001,0.5,0.075,16,0.28,0.28,7,25,25,0,0,0.0,0.0,False,0.4012936743170762,1.0,1.0,mistralai/mistral-small-creative,0.5150364562756394,0.4599559193905737,0.4739212219962686,0.3969935408319099
stability_direction,pure,normal,0.8,0.5,0.3,17,0.12,0.12,3,25,25,0,0,0.0,0.0,False,0.158655253931457,1.0,1.0,mistralai/mistral-small-creative,0.6864648293998131,0.5650664805745133,0.3478919391212278,1.352906692315797
stability_direction,pure,normal,0.8,0.5,0.3,18,0.12,0.12,3,25,25,0,0,0.0,0.0,False,0.158655253931457,1.0,1.0,mistralai/mistral-small-creative,0.5955302525004379,0.4974142305092664,0.4246868705056622,0.7419856114327372
stability_direction,pure,normal,0.8,0.5,0.3,19,0.28,0.28,7,25,25,0,0,0.0,0.0,False,0.158655253931457,1.0,1.0,mistralai/mistral-small-creative,0.5655937173732484,0.3816887608263187,0.4466773038776096,0.6086636935393055
stability_direction,pure,normal,0.8,0.5,0.3,22,0.2,0.2,5,25,25,0,0,0.0,0.0,False,0.158655253931457,1.0,1.0,mistralai/mistral-small-creative,0.6041736501786744,0.3981281726046872,0.4175805613748992,0.7971089064899367
stability_direction,pure,normal,0.8,0.5,0.3,21,0.16,0.16,4,25,25,0,0,0.0,0.0,False,0.158655253931457,1.0,1.0,mistralai/mistral-small-creative,0.64820854609641,0.5774455000907173,0.3808395080851741,1.0794303818548017
stability_direction,pure,normal,0.8,0.5,0.3,20,0.08,0.08,2,25,25,0,0,0.0,0.0,False,0.158655253931457,1.0,1.0,mistralai/mistral-small-creative,0.7138711474626055,0.6841847763234601,0.3272260449268369,1.4855322050667976
stability_direction,pure,normal,0.8,0.5,0.3,24,0.08,0.08,2,25,25,0,0,0.0,0.0,False,0.158655253931457,1.0,1.0,mistralai/mistral-small-creative,0.6245383088995264,0.5124665543675266,0.4002557611085553,0.9379866219267596
stability_direction,pure,normal,0.8,0.5,0.3,29,0.24,0.24,6,25,25,0,0,0.0,0.0,False,0.158655253931457,1.0,1.0,mistralai/mistral-small-creative,0.5871563058421572,0.3685070453903743,0.4298747214559031,0.7246944882345077
stability_direction,pure,normal,0.8,0.5,0.3,26,0.12,0.12,3,25,25,0,0,0.0,0.0,False,0.158655253931457,1.0,1.0,mistralai/mistral-small-creative,0.6631863791043214,0.5359328479832082,0.3700375682593669,1.1460804401412117
stability_direction,pure,normal,0.8,0.5,0.3,27,0.12,0.12,3,25,25,0,0,0.0,0.0,False,0.158655253931457,1.0,1.0,mistralai/mistral-small-creative,0.6620142202127639,0.559081398341974,0.3716893066991747,1.1240968513951568
stability_direction,pure,normal,0.8,0.5,0.3,25,0.28,0.28,7,25,25,0,0,0.0,0.0,False,0.158655253931457,1.0,1.0,mistralai/mistral-small-creative,0.6159946323566455,0.4853705427036059,0.4051590859561103,0.92571586443289
stability_direction,pure,normal,0.8,0.5,0.3,16,0.08,0.08,2,25,25,0,0,0.0,0.0,False,0.158655253931457,1.0,1.0,mistralai/mistral-small-creative,0.6591115931544289,0.5634342055240276,0.3719592825040221,1.14699354083191
stability_direction,pure,normal,0.8,0.5,0.3,23,0.24,0.24,6,25,25,0,0,0.0,0.0,False,0.158655253931457,1.0,1.0,mistralai/mistral-small-creative,0.6395454603564363,0.545805388113413,0.3871440914256141,1.0504368154891572
stability_direction,pure,normal,0.8,0.5,0.3,28,0.36,0.36,9,25,25,0,0,0.0,0.0,False,0.158655253931457,1.0,1.0,mistralai/mistral-small-creative,0.6056208662893013,0.5121683043934627,0.415463065544495,0.8236936500136072
stability_direction,pure,normal,0.7250000000000001,0.5,0.2250000000000001,24,0.24,0.24,6,25,25,0,0,0.0,0.0,False,0.226627352376868,1.0,1.0,mistralai/mistral-small-creative,0.5779735998116887,0.4413343004089584,0.4342673040472761,0.6879866219267597
stability_direction,pure,normal,0.8,0.5,0.3,14,0.12,0.12,3,25,25,0,0,0.0,0.0,False,0.158655253931457,1.0,1.0,mistralai/mistral-small-creative,0.6176097723335507,0.4415525994694119,0.405504847979995,0.8992426527504207
stability_direction,pure,normal,0.7250000000000001,0.5,0.2250000000000001,29,0.2,0.2,5,25,25,0,0,0.0,0.0,False,0.226627352376868,1.0,1.0,mistralai/mistral-small-creative,0.541067707985385,0.3619517426864728,0.4648326113815761,0.4746944882345076
stability_direction,pure,normal,0.7250000000000001,0.5,0.2250000000000001,5,0.12,0.12,3,25,25,0,0,0.0,0.0,False,0.226627352376868,1.0,1.0,mistralai/mistral-small-creative,0.6204987130452709,0.6732143998600045,0.3974174947510272,0.9693503196145392
