analyst_model,corpus,arm,country,period,theta,theta_star,coup_success,n_senders_shown,jf_true_shown,n_join_true_shown,fall_est,join_pct_est,n_sender_parsed,n_sender_imputed_p,sender_accuracy,n_top5_join_true,parse_ok_fall,parse_ok_join_pct,api_error
meta-llama/llama-4-maverick-17b-128e-instruct,nested,surveillance,0,6,-1.0228733453805763,0.5,True,10,0.9,9,70.0,60.0,10,0,0.3,4,True,True,False
meta-llama/llama-4-maverick-17b-128e-instruct,nested,surveillance,0,8,1.4514390127670076,0.5,False,10,0.0,0,0.0,0.0,10,0,1.0,0,True,True,False
meta-llama/llama-4-maverick-17b-128e-instruct,nested,surveillance,0,13,-0.8930585297314593,0.5,True,10,0.9,9,65.0,60.0,10,0,0.8,5,True,True,False
meta-llama/llama-4-maverick-17b-128e-instruct,nested,surveillance,0,16,0.2964098962195181,0.5,False,10,0.0,0,20.0,0.0,10,0,1.0,0,True,True,False
meta-llama/llama-4-maverick-17b-128e-instruct,nested,surveillance,0,20,-0.7665054199611054,0.5,True,10,0.9,9,80.0,70.0,10,0,0.6,4,True,True,False
meta-llama/llama-4-maverick-17b-128e-instruct,nested,surveillance,0,28,-1.5072403235405762,0.5,True,10,1.0,10,80.0,80.0,10,0,0.8,5,True,True,False
meta-llama/llama-4-maverick-17b-128e-instruct,nested,surveillance,0,32,-0.5250476615988334,0.5,True,10,0.7,7,65.0,60.0,10,0,0.6,4,True,True,False
meta-llama/llama-4-maverick-17b-128e-instruct,nested,surveillance,0,35,1.5852483184685613,0.5,False,10,0.0,0,0.0,0.0,10,0,1.0,0,True,True,False
meta-llama/llama-4-maverick-17b-128e-instruct,nested,surveillance,0,37,-0.010820192566592751,0.5,True,10,0.0,0,20.0,0.0,10,0,1.0,0,True,True,False
meta-llama/llama-4-maverick-17b-128e-instruct,nested,surveillance,0,39,0.5899429458324532,0.5,False,10,0.0,0,0.0,0.0,10,0,1.0,0,True,True,False
meta-llama/llama-4-maverick-17b-128e-instruct,nested,surveillance,0,41,-0.9145352910176325,0.5,True,10,0.9,9,75.0,80.0,10,0,0.7,4,True,True,False
meta-llama/llama-4-maverick-17b-128e-instruct,nested,surveillance,0,43,-0.4643991929485848,0.5,True,10,0.7,7,65.0,60.0,10,0,0.9,4,True,True,False
meta-llama/llama-4-maverick-17b-128e-instruct,nested,surveillance,0,45,0.07173313772629476,0.5,False,10,0.0,0,20.0,0.0,10,0,1.0,0,True,True,False
meta-llama/llama-4-maverick-17b-128e-instruct,nested,surveillance,0,47,-0.9101164676919695,0.5,True,10,0.9,9,75.0,80.0,10,0,0.9,5,True,True,False
meta-llama/llama-4-maverick-17b-128e-instruct,nested,surveillance,1,1,-0.3378740388789836,0.5,True,10,0.1,1,40.0,20.0,10,0,0.5,0,True,True,False
meta-llama/llama-4-maverick-17b-128e-instruct,nested,surveillance,1,3,-0.6791631723600354,0.5,True,10,0.7,7,60.0,50.0,10,0,0.6,3,True,True,False
meta-llama/llama-4-maverick-17b-128e-instruct,nested,surveillance,1,9,-0.20266414707239716,0.5,True,10,0.4,4,60.0,50.0,10,0,0.9,4,True,True,False
meta-llama/llama-4-maverick-17b-128e-instruct,nested,surveillance,1,11,-0.08100878193289476,0.5,True,10,0.0,0,30.0,20.0,10,0,0.7,0,True,True,False
meta-llama/llama-4-maverick-17b-128e-instruct,nested,surveillance,1,16,-1.0961691134753955,0.5,True,10,1.0,10,80.0,80.0,10,0,0.9,5,True,True,False
meta-llama/llama-4-maverick-17b-128e-instruct,nested,surveillance,1,17,-2.099965396867324,0.5,True,10,1.0,10,70.0,80.0,10,0,0.9,5,True,True,False
meta-llama/llama-4-maverick-17b-128e-instruct,nested,surveillance,1,18,-0.6000943059599797,0.5,True,10,0.8,8,65.0,80.0,10,0,0.8,5,True,True,False
meta-llama/llama-4-maverick-17b-128e-instruct,nested,surveillance,1,22,-1.4861986063419097,0.5,True,10,1.0,10,80.0,70.0,10,0,0.7,5,True,True,False
meta-llama/llama-4-maverick-17b-128e-instruct,nested,surveillance,1,24,-1.0003226918160606,0.5,True,10,0.9,9,70.0,80.0,10,0,0.5,4,True,True,False
meta-llama/llama-4-maverick-17b-128e-instruct,nested,surveillance,1,31,0.7828785600388035,0.5,False,10,0.0,0,0.0,0.0,10,0,1.0,0,True,True,False
meta-llama/llama-4-maverick-17b-128e-instruct,nested,surveillance,1,35,-0.5516234080266305,0.5,True,10,0.6,6,65.0,60.0,10,0,0.6,3,True,True,False
meta-llama/llama-4-maverick-17b-128e-instruct,nested,surveillance,1,38,-0.14003934783348204,0.5,True,10,0.2,2,40.0,50.0,10,0,0.6,2,True,True,False
meta-llama/llama-4-maverick-17b-128e-instruct,nested,surveillance,1,41,-1.1900587995424072,0.5,True,10,0.9,9,65.0,60.0,10,0,0.6,5,True,True,False
meta-llama/llama-4-maverick-17b-128e-instruct,nested,surveillance,1,43,-0.9574069281331359,0.5,True,10,1.0,10,70.0,60.0,10,0,0.6,5,True,True,False
meta-llama/llama-4-maverick-17b-128e-instruct,nested,surveillance,1,47,0.8041116867287721,0.5,False,10,0.0,0,20.0,10.0,10,0,0.9,0,True,True,False
meta-llama/llama-4-maverick-17b-128e-instruct,nested,surveillance,1,48,0.09363864994630233,0.5,False,10,0.0,0,20.0,0.0,10,0,1.0,0,True,True,False
meta-llama/llama-4-maverick-17b-128e-instruct,nested,surveillance,1,49,-2.262934389963411,0.5,True,10,1.0,10,80.0,80.0,10,0,0.5,5,True,True,False
meta-llama/llama-4-maverick-17b-128e-instruct,nested,surveillance,2,5,0.34657635709286444,0.5,False,10,0.2,2,40.0,0.0,10,0,0.8,2,True,True,False
meta-llama/llama-4-maverick-17b-128e-instruct,nested,surveillance,2,6,0.2651009207009588,0.5,True,10,0.3,3,40.0,0.0,10,0,0.7,2,True,True,False
meta-llama/llama-4-maverick-17b-128e-instruct,nested,surveillance,2,7,0.294719645533276,0.5,True,10,0.5,5,60.0,30.0,10,0,0.7,3,True,True,False
meta-llama/llama-4-maverick-17b-128e-instruct,nested,surveillance,2,8,2.0810628556019632,0.5,False,10,0.0,0,0.0,0.0,10,0,1.0,0,True,True,False
meta-llama/llama-4-maverick-17b-128e-instruct,nested,surveillance,2,14,2.650433883673073,0.5,False,10,0.0,0,5.0,10.0,10,0,0.9,0,True,True,False
meta-llama/llama-4-maverick-17b-128e-instruct,nested,surveillance,2,16,2.1412361421175943,0.5,False,10,0.0,0,0.0,0.0,10,0,1.0,0,True,True,False
meta-llama/llama-4-maverick-17b-128e-instruct,nested,surveillance,2,17,1.3232987521158015,0.5,False,10,0.0,0,20.0,10.0,10,0,0.8,0,True,True,False
meta-llama/llama-4-maverick-17b-128e-instruct,nested,surveillance,2,19,-0.9575477351814627,0.5,True,10,1.0,10,75.0,70.0,10,0,0.7,5,True,True,False
meta-llama/llama-4-maverick-17b-128e-instruct,nested,surveillance,2,20,0.9142081044434013,0.5,False,10,0.0,0,20.0,0.0,10,0,1.0,0,True,True,False
meta-llama/llama-4-maverick-17b-128e-instruct,nested,surveillance,2,21,1.1107591088737003,0.5,False,10,0.0,0,0.0,0.0,10,0,1.0,0,True,True,False
meta-llama/llama-4-maverick-17b-128e-instruct,nested,surveillance,2,25,-1.7731534815382262,0.5,True,10,1.0,10,80.0,70.0,10,0,0.8,5,True,True,False
meta-llama/llama-4-maverick-17b-128e-instruct,nested,surveillance,2,27,1.825339850615107,0.5,False,10,0.0,0,0.0,0.0,10,0,1.0,0,True,True,False
meta-llama/llama-4-maverick-17b-128e-instruct,nested,surveillance,2,28,1.0215121308315422,0.5,False,10,0.0,0,20.0,0.0,10,0,1.0,0,True,True,False
meta-llama/llama-4-maverick-17b-128e-instruct,nested,surveillance,2,30,2.0824125885080784,0.5,False,10,0.0,0,0.0,0.0,10,0,1.0,0,True,True,False
meta-llama/llama-4-maverick-17b-128e-instruct,nested,surveillance,2,32,-1.3403874126524813,0.5,True,10,1.0,10,70.0,60.0,10,0,0.7,5,True,True,False
meta-llama/llama-4-maverick-17b-128e-instruct,nested,surveillance,2,34,1.3643238035776122,0.5,False,10,0.0,0,20.0,0.0,10,0,1.0,0,True,True,False
meta-llama/llama-4-maverick-17b-128e-instruct,nested,surveillance,2,37,2.035517246634966,0.5,False,10,0.0,0,0.0,0.0,10,0,1.0,0,True,True,False
meta-llama/llama-4-maverick-17b-128e-instruct,nested,surveillance,2,41,-0.7633835547494222,0.5,True,10,0.8,8,80.0,80.0,10,0,0.9,5,True,True,False
meta-llama/llama-4-maverick-17b-128e-instruct,nested,surveillance,2,44,0.7212318143017875,0.5,False,10,0.1,1,40.0,50.0,10,0,0.6,1,True,True,False
meta-llama/llama-4-maverick-17b-128e-instruct,nested,surveillance,2,49,-0.32551748673213143,0.5,True,10,1.0,10,80.0,80.0,10,0,0.8,5,True,True,False
meta-llama/llama-4-maverick-17b-128e-instruct,nested,surveillance,3,5,-0.5792967882495909,0.5,True,10,0.6,6,60.0,50.0,10,0,0.3,2,True,True,False
meta-llama/llama-4-maverick-17b-128e-instruct,nested,surveillance,3,10,-0.4152459341694415,0.5,True,10,0.6,6,40.0,50.0,10,0,0.9,4,True,True,False
meta-llama/llama-4-maverick-17b-128e-instruct,nested,surveillance,3,16,0.701625929228615,0.5,False,10,0.0,0,0.0,0.0,10,0,1.0,0,True,True,False
meta-llama/llama-4-maverick-17b-128e-instruct,nested,surveillance,3,25,0.1904934972645524,0.5,False,10,0.0,0,20.0,0.0,10,0,1.0,0,True,True,False
meta-llama/llama-4-maverick-17b-128e-instruct,nested,surveillance,3,31,-2.1441670807986255,0.5,True,10,1.0,10,75.0,80.0,10,0,0.8,5,True,True,False
meta-llama/llama-4-maverick-17b-128e-instruct,nested,surveillance,3,38,-1.4889472868287064,0.5,True,10,1.0,10,75.0,80.0,10,0,0.8,5,True,True,False
meta-llama/llama-4-maverick-17b-128e-instruct,nested,surveillance,3,42,0.6417407923813057,0.5,False,10,0.0,0,0.0,0.0,10,0,1.0,0,True,True,False
meta-llama/llama-4-maverick-17b-128e-instruct,nested,surveillance,3,46,-0.7056649662989343,0.5,True,10,0.8,8,70.0,50.0,10,0,0.5,3,True,True,False
meta-llama/llama-4-maverick-17b-128e-instruct,nested,surveillance,3,49,-0.7290745189225067,0.5,True,10,0.9,9,70.0,60.0,10,0,0.8,5,True,True,False
meta-llama/llama-4-maverick-17b-128e-instruct,nested,surveillance,4,2,0.4226476003682104,0.5,False,10,0.0,0,40.0,0.0,10,0,1.0,0,True,True,False
meta-llama/llama-4-maverick-17b-128e-instruct,nested,surveillance,4,3,-0.9288259850693965,0.5,True,10,1.0,10,80.0,80.0,10,0,0.8,5,True,True,False
meta-llama/llama-4-maverick-17b-128e-instruct,nested,surveillance,4,7,-0.2240495282482836,0.5,True,10,1.0,10,80.0,70.0,10,0,0.8,5,True,True,False
meta-llama/llama-4-maverick-17b-128e-instruct,nested,surveillance,4,10,-0.023114228700863826,0.5,True,10,0.6,6,40.0,50.0,10,0,0.7,4,True,True,False
meta-llama/llama-4-maverick-17b-128e-instruct,nested,surveillance,4,11,0.2952434741670339,0.5,False,10,0.3,3,60.0,50.0,10,0,0.7,3,True,True,False
meta-llama/llama-4-maverick-17b-128e-instruct,nested,surveillance,4,12,1.1641420092607864,0.5,False,10,0.0,0,0.0,0.0,10,0,1.0,0,True,True,False
meta-llama/llama-4-maverick-17b-128e-instruct,nested,surveillance,4,13,-1.2981974443659685,0.5,True,10,0.9,9,60.0,50.0,10,0,0.8,5,True,True,False
meta-llama/llama-4-maverick-17b-128e-instruct,nested,surveillance,4,14,-0.1745787736626335,0.5,True,10,0.7,7,65.0,60.0,10,0,0.9,5,True,True,False
meta-llama/llama-4-maverick-17b-128e-instruct,nested,surveillance,4,19,0.48877417553730773,0.5,False,10,0.0,0,20.0,0.0,10,0,1.0,0,True,True,False
meta-llama/llama-4-maverick-17b-128e-instruct,nested,surveillance,4,20,1.2509102589714616,0.5,False,10,0.0,0,0.0,0.0,10,0,1.0,0,True,True,False
meta-llama/llama-4-maverick-17b-128e-instruct,nested,surveillance,4,27,0.49547089364662705,0.5,False,10,0.0,0,20.0,0.0,10,0,1.0,0,True,True,False
meta-llama/llama-4-maverick-17b-128e-instruct,nested,surveillance,4,28,0.559962199705418,0.5,False,10,0.0,0,20.0,0.0,10,0,1.0,0,True,True,False
meta-llama/llama-4-maverick-17b-128e-instruct,nested,surveillance,4,42,-0.35771847753113584,0.5,True,10,0.9,9,75.0,80.0,10,0,1.0,5,True,True,False
meta-llama/llama-4-maverick-17b-128e-instruct,nested,surveillance,4,47,1.2170235956003146,0.5,False,10,0.0,0,0.0,0.0,10,0,1.0,0,True,True,False
meta-llama/llama-4-maverick-17b-128e-instruct,nested,surveillance,4,48,0.0908356766676737,0.5,True,10,0.2,2,40.0,30.0,10,0,0.8,2,True,True,False
meta-llama/llama-4-maverick-17b-128e-instruct,nested,surveillance,5,1,-0.10084696085104472,0.5,True,10,0.6,6,65.0,60.0,10,0,0.8,4,True,True,False
meta-llama/llama-4-maverick-17b-128e-instruct,nested,surveillance,5,2,1.5580717747283643,0.5,False,10,0.0,0,20.0,20.0,10,0,0.8,0,True,True,False
meta-llama/llama-4-maverick-17b-128e-instruct,nested,surveillance,5,3,2.110563823106477,0.5,False,10,0.0,0,0.0,0.0,10,0,1.0,0,True,True,False
meta-llama/llama-4-maverick-17b-128e-instruct,nested,surveillance,5,5,1.3072194557422407,0.5,False,10,0.0,0,5.0,0.0,10,0,1.0,0,True,True,False
meta-llama/llama-4-maverick-17b-128e-instruct,nested,surveillance,5,10,-0.1504808840362103,0.5,True,10,0.4,4,70.0,60.0,10,0,0.8,4,True,True,False
meta-llama/llama-4-maverick-17b-128e-instruct,nested,surveillance,5,13,0.418234772896538,0.5,False,10,0.1,1,20.0,0.0,10,0,0.9,1,True,True,False
meta-llama/llama-4-maverick-17b-128e-instruct,nested,surveillance,5,15,-0.23370361150236602,0.5,True,10,0.7,7,60.0,50.0,10,0,0.7,5,True,True,False
meta-llama/llama-4-maverick-17b-128e-instruct,nested,surveillance,5,19,-0.059852358808790196,0.5,True,10,0.3,3,40.0,30.0,10,0,0.6,2,True,True,False
meta-llama/llama-4-maverick-17b-128e-instruct,nested,surveillance,5,26,0.7382557569234605,0.5,False,10,0.0,0,20.0,30.0,10,0,0.6,0,True,True,False
meta-llama/llama-4-maverick-17b-128e-instruct,nested,surveillance,5,27,0.8120516257756292,0.5,False,10,0.0,0,20.0,0.0,10,0,1.0,0,True,True,False
meta-llama/llama-4-maverick-17b-128e-instruct,nested,surveillance,5,29,-0.6589027755612061,0.5,True,10,1.0,10,70.0,60.0,10,0,0.7,5,True,True,False
meta-llama/llama-4-maverick-17b-128e-instruct,nested,surveillance,5,36,0.6910599137220369,0.5,False,10,0.0,0,20.0,0.0,10,0,1.0,0,True,True,False
meta-llama/llama-4-maverick-17b-128e-instruct,nested,surveillance,5,40,-0.020688606147564542,0.5,True,10,0.3,3,60.0,40.0,10,0,0.4,1,True,True,False
meta-llama/llama-4-maverick-17b-128e-instruct,nested,surveillance,6,1,1.4656113346104158,0.5,False,10,0.0,0,0.0,0.0,10,0,1.0,0,True,True,False
meta-llama/llama-4-maverick-17b-128e-instruct,nested,surveillance,6,3,-1.1097853967719007,0.5,True,10,0.9,9,70.0,60.0,10,0,0.8,5,True,True,False
meta-llama/llama-4-maverick-17b-128e-instruct,nested,surveillance,6,5,-0.2697594372110288,0.5,True,10,0.3,3,40.0,30.0,10,0,0.7,2,True,True,False
meta-llama/llama-4-maverick-17b-128e-instruct,nested,surveillance,6,7,-1.931471335070416,0.5,True,10,1.0,10,75.0,80.0,10,0,0.9,5,True,True,False
meta-llama/llama-4-maverick-17b-128e-instruct,nested,surveillance,6,8,-0.4206713065272364,0.5,True,10,0.6,6,65.0,60.0,10,0,1.0,5,True,True,False
meta-llama/llama-4-maverick-17b-128e-instruct,nested,surveillance,6,9,-0.24218397485109688,0.5,True,10,0.2,2,40.0,50.0,10,0,0.6,1,True,True,False
meta-llama/llama-4-maverick-17b-128e-instruct,nested,surveillance,6,12,0.40081007697251214,0.5,False,10,0.0,0,30.0,0.0,10,0,1.0,0,True,True,False
meta-llama/llama-4-maverick-17b-128e-instruct,nested,surveillance,6,13,0.950442499912048,0.5,False,10,0.0,0,20.0,10.0,10,0,0.9,0,True,True,False
meta-llama/llama-4-maverick-17b-128e-instruct,nested,surveillance,6,19,-0.04023430610074888,0.5,True,10,0.0,0,40.0,0.0,10,0,1.0,0,True,True,False
meta-llama/llama-4-maverick-17b-128e-instruct,nested,surveillance,6,21,0.3977302686352774,0.5,False,10,0.0,0,20.0,0.0,10,0,1.0,0,True,True,False
meta-llama/llama-4-maverick-17b-128e-instruct,nested,surveillance,6,28,1.3174126638585848,0.5,False,10,0.0,0,0.0,0.0,10,0,1.0,0,True,True,False
meta-llama/llama-4-maverick-17b-128e-instruct,nested,surveillance,6,29,0.9601921782003368,0.5,False,10,0.0,0,0.0,0.0,10,0,1.0,0,True,True,False
meta-llama/llama-4-maverick-17b-128e-instruct,nested,surveillance,6,41,-1.2536436060629899,0.5,True,10,1.0,10,75.0,80.0,10,0,0.8,5,True,True,False
meta-llama/llama-4-maverick-17b-128e-instruct,nested,surveillance,6,43,0.9718887072721925,0.5,False,10,0.0,0,0.0,0.0,10,0,1.0,0,True,True,False
meta-llama/llama-4-maverick-17b-128e-instruct,nested,surveillance,6,44,-2.0240479725206293,0.5,True,10,0.8,8,70.0,60.0,10,0,0.8,5,True,True,False
meta-llama/llama-4-maverick-17b-128e-instruct,nested,surveillance,6,49,0.09795540140180033,0.5,False,10,0.0,0,20.0,0.0,10,0,1.0,0,True,True,False
meta-llama/llama-4-maverick-17b-128e-instruct,nested,surveillance,7,4,0.2000217664595827,0.5,False,10,0.0,0,20.0,0.0,10,0,1.0,0,True,True,False
meta-llama/llama-4-maverick-17b-128e-instruct,nested,surveillance,7,9,0.46834432757851746,0.5,False,10,0.0,0,0.0,0.0,10,0,1.0,0,True,True,False
meta-llama/llama-4-maverick-17b-128e-instruct,nested,surveillance,7,11,-1.1519747213213098,0.5,True,10,0.8,8,70.0,80.0,10,0,0.8,4,True,True,False
meta-llama/llama-4-maverick-17b-128e-instruct,nested,surveillance,7,14,-0.7526144891557325,0.5,True,10,0.7,7,65.0,50.0,10,0,0.8,5,True,True,False
meta-llama/llama-4-maverick-17b-128e-instruct,nested,surveillance,7,15,-1.476088567512342,0.5,True,10,1.0,10,70.0,60.0,10,0,0.8,5,True,True,False
meta-llama/llama-4-maverick-17b-128e-instruct,nested,surveillance,7,16,-1.1883576148737443,0.5,True,10,0.9,9,80.0,60.0,10,0,0.8,5,True,True,False
meta-llama/llama-4-maverick-17b-128e-instruct,nested,surveillance,7,18,-0.7413325743259457,0.5,True,10,0.6,6,60.0,50.0,10,0,0.6,4,True,True,False
meta-llama/llama-4-maverick-17b-128e-instruct,nested,surveillance,7,22,-1.2439560610979195,0.5,True,10,1.0,10,80.0,70.0,10,0,0.7,5,True,True,False
meta-llama/llama-4-maverick-17b-128e-instruct,nested,surveillance,7,24,0.30812423442611425,0.5,False,10,0.0,0,0.0,0.0,10,0,1.0,0,True,True,False
meta-llama/llama-4-maverick-17b-128e-instruct,nested,surveillance,7,25,-1.3072513093185745,0.5,True,10,0.9,9,70.0,60.0,10,0,0.7,5,True,True,False
meta-llama/llama-4-maverick-17b-128e-instruct,nested,surveillance,7,29,0.9964755323675872,0.5,False,10,0.0,0,0.0,0.0,10,0,1.0,0,True,True,False
meta-llama/llama-4-maverick-17b-128e-instruct,nested,surveillance,7,30,-0.03773672303000669,0.5,True,10,0.0,0,20.0,0.0,10,0,1.0,0,True,True,False
meta-llama/llama-4-maverick-17b-128e-instruct,nested,surveillance,7,31,-0.34299579581083484,0.5,True,10,0.3,3,40.0,30.0,10,0,0.7,2,True,True,False
meta-llama/llama-4-maverick-17b-128e-instruct,nested,surveillance,7,32,-0.6678466040988508,0.5,True,10,0.6,6,40.0,50.0,10,0,0.7,4,True,True,False
meta-llama/llama-4-maverick-17b-128e-instruct,nested,surveillance,7,36,-1.2995511655672702,0.5,True,10,0.9,9,65.0,60.0,10,0,0.6,5,True,True,False
meta-llama/llama-4-maverick-17b-128e-instruct,nested,surveillance,7,39,0.26557189205220355,0.5,False,10,0.0,0,20.0,20.0,10,0,0.7,0,True,True,False
meta-llama/llama-4-maverick-17b-128e-instruct,nested,surveillance,7,41,-0.4411122530486368,0.5,True,10,0.3,3,60.0,50.0,10,0,0.7,3,True,True,False
meta-llama/llama-4-maverick-17b-128e-instruct,nested,surveillance,7,46,-0.5344223446825542,0.5,True,10,0.7,7,65.0,60.0,10,0,0.4,2,True,True,False
meta-llama/llama-4-maverick-17b-128e-instruct,nested,surveillance,8,1,-0.4583179603724244,0.5,True,10,0.7,7,65.0,50.0,10,0,0.5,3,True,True,False
meta-llama/llama-4-maverick-17b-128e-instruct,nested,surveillance,8,7,-1.2499300914328872,0.5,True,10,1.0,10,80.0,80.0,10,0,0.8,5,True,True,False
meta-llama/llama-4-maverick-17b-128e-instruct,nested,surveillance,8,8,0.04801266279967878,0.5,True,10,0.2,2,40.0,20.0,10,0,0.8,2,True,True,False
meta-llama/llama-4-maverick-17b-128e-instruct,nested,surveillance,8,12,-0.06070342541714269,0.5,True,10,0.5,5,40.0,0.0,10,0,0.5,3,True,True,False
meta-llama/llama-4-maverick-17b-128e-instruct,nested,surveillance,8,14,0.9184884945295685,0.5,False,10,0.0,0,20.0,10.0,10,0,0.9,0,True,True,False
meta-llama/llama-4-maverick-17b-128e-instruct,nested,surveillance,8,17,0.18571177321764426,0.5,False,10,0.2,2,40.0,50.0,10,0,0.7,2,True,True,False
meta-llama/llama-4-maverick-17b-128e-instruct,nested,surveillance,8,21,-0.028879370037600105,0.5,True,10,0.3,3,60.0,50.0,10,0,0.6,2,True,True,False
meta-llama/llama-4-maverick-17b-128e-instruct,nested,surveillance,8,27,1.3406705878247644,0.5,False,10,0.0,0,0.0,0.0,10,0,1.0,0,True,True,False
meta-llama/llama-4-maverick-17b-128e-instruct,nested,surveillance,8,34,1.117664477116863,0.5,False,10,0.0,0,0.0,0.0,10,0,1.0,0,True,True,False
meta-llama/llama-4-maverick-17b-128e-instruct,nested,surveillance,8,38,-0.42319782551808693,0.5,True,10,0.7,7,70.0,80.0,10,0,0.5,3,True,True,False
meta-llama/llama-4-maverick-17b-128e-instruct,nested,surveillance,8,40,-0.29149011739265995,0.5,True,10,0.7,7,65.0,60.0,10,0,0.8,4,True,True,False
meta-llama/llama-4-maverick-17b-128e-instruct,nested,surveillance,8,42,-0.25178831573635885,0.5,True,10,0.8,8,65.0,60.0,10,0,0.9,5,True,True,False
meta-llama/llama-4-maverick-17b-128e-instruct,nested,surveillance,8,47,0.16641936695780446,0.5,True,10,0.2,2,40.0,50.0,10,0,0.6,2,True,True,False
meta-llama/llama-4-maverick-17b-128e-instruct,nested,surveillance,8,49,0.7793871877743668,0.5,False,10,0.0,0,40.0,0.0,10,0,1.0,0,True,True,False
meta-llama/llama-4-maverick-17b-128e-instruct,nested,surveillance,9,5,1.4053069911906817,0.5,False,10,0.0,0,20.0,0.0,10,0,1.0,0,True,True,False
meta-llama/llama-4-maverick-17b-128e-instruct,nested,surveillance,9,6,-1.145940873122229,0.5,True,10,1.0,10,75.0,60.0,10,0,0.8,5,True,True,False
meta-llama/llama-4-maverick-17b-128e-instruct,nested,surveillance,9,13,-1.4222976135283831,0.5,True,10,1.0,10,80.0,80.0,10,0,0.8,5,True,True,False
meta-llama/llama-4-maverick-17b-128e-instruct,nested,surveillance,9,16,0.6255868892392404,0.5,False,10,0.0,0,20.0,0.0,10,0,1.0,0,True,True,False
meta-llama/llama-4-maverick-17b-128e-instruct,nested,surveillance,9,17,1.5209593916345718,0.5,False,10,0.0,0,0.0,0.0,10,0,1.0,0,True,True,False
meta-llama/llama-4-maverick-17b-128e-instruct,nested,surveillance,9,18,-0.36255557832680807,0.5,True,10,0.8,8,65.0,60.0,10,0,0.8,5,True,True,False
meta-llama/llama-4-maverick-17b-128e-instruct,nested,surveillance,9,21,-0.2227704956233143,0.5,True,10,0.6,6,65.0,60.0,10,0,0.5,4,True,True,False
meta-llama/llama-4-maverick-17b-128e-instruct,nested,surveillance,9,22,1.4499230965012095,0.5,False,10,0.0,0,0.0,0.0,10,0,1.0,0,True,True,False
meta-llama/llama-4-maverick-17b-128e-instruct,nested,surveillance,9,25,-1.1439001147514898,0.5,True,10,0.9,9,80.0,80.0,10,0,0.6,4,True,True,False
meta-llama/llama-4-maverick-17b-128e-instruct,nested,surveillance,9,31,1.26459394549793,0.5,False,10,0.0,0,0.0,0.0,10,0,1.0,0,True,True,False
meta-llama/llama-4-maverick-17b-128e-instruct,nested,surveillance,9,32,0.23760404667781349,0.5,False,10,0.1,1,40.0,40.0,10,0,0.6,1,True,True,False
meta-llama/llama-4-maverick-17b-128e-instruct,nested,surveillance,9,35,-0.08026005418880072,0.5,True,10,0.5,5,60.0,50.0,10,0,0.9,4,True,True,False
meta-llama/llama-4-maverick-17b-128e-instruct,nested,surveillance,9,36,-1.0334868366810606,0.5,True,10,1.0,10,70.0,80.0,10,0,0.8,5,True,True,False
meta-llama/llama-4-maverick-17b-128e-instruct,nested,surveillance,9,43,0.35890537503505404,0.5,False,10,0.0,0,30.0,0.0,10,0,1.0,0,True,True,False
