country,period,treatment,theta,theta_star,z,benefit,n_agents,n_join,join_fraction,n_valid,n_api_error,n_unparseable,join_fraction_valid,api_error_rate,unparseable_rate,coup_success,theoretical_attack,direction_transform,degrade_messages,beliefs_include_messages,belief_order,second_order_order,message_stage_context,decision_context,message_bundle_mode,message_source_country,message_source_period
0,0,communication,-1.5690379156212926,0.5430661838642469,0.02481260212133443,1.1885007515024986,25,18,0.72,25,0,0,0.72,0.0,0.0,True,0.9999999999995614,logistic,False,True,pre,pre,full,none,live,,
0,1,communication,0.27413995296177207,0.5052839828099566,-0.04417378248669119,1.0213616807475503,25,0,0.0,25,0,0,0.0,0.0,0.0,False,0.7833993922170609,logistic,False,True,pre,pre,full,none,live,,
0,2,communication,-0.6921698666414775,0.4802610662052737,-0.14928959424293253,0.9240428895691607,25,18,0.72,25,0,0,0.72,0.0,0.0,True,0.9999429819015426,logistic,False,True,pre,pre,full,none,live,,
0,3,communication,-0.05931788553484087,0.5274901519415617,-0.12699129873537982,1.116358006312545,25,5,0.2,25,0,0,0.2,0.0,0.0,True,0.978565753446258,logistic,False,True,pre,pre,full,none,live,,
0,4,communication,0.7879336174018815,0.5189048065643461,-0.0672271240003965,1.078590710621492,25,0,0.0,25,0,0,0.0,0.0,0.0,False,0.19784116073966723,logistic,False,True,pre,pre,full,none,live,,
0,5,communication,1.690847318114246,0.518472663039974,-0.16111230334916,1.0767252931332845,25,0,0.0,25,0,0,0.0,0.0,0.0,False,5.63246293204109e-05,logistic,False,True,pre,pre,full,none,live,,
0,6,communication,-1.0228733453805763,0.4717785779603876,-0.020547806503192878,0.8931454845937846,25,18,0.72,25,0,0,0.72,0.0,0.0,True,0.999999547796543,logistic,False,True,pre,pre,full,none,live,,
0,7,communication,0.26474965699684816,0.532296304090835,-0.06594115645229179,1.1381058322750879,25,1,0.04,25,0,0,0.04,0.0,0.0,False,0.8346899517273453,logistic,False,True,pre,pre,full,none,live,,
0,8,communication,1.4514390127670076,0.5694789192634964,-0.1431316388582483,1.3227666303570405,25,0,0.0,25,0,0,0.0,0.0,0.0,False,0.002847716904980911,logistic,False,True,pre,pre,full,none,live,,
0,9,communication,-0.15891057641466977,0.5351152497134072,-0.09646564183913495,1.151070774817885,25,3,0.12,25,0,0,0.12,0.0,0.0,True,0.991837206302061,logistic,False,True,pre,pre,full,none,live,,
0,10,communication,-2.8514440492388764,0.5461253164100672,-0.18349821835810923,1.203251329398846,25,24,0.96,25,0,0,0.96,0.0,0.0,True,1.0,logistic,False,True,pre,pre,full,none,live,,
0,11,communication,-0.17761207514838723,0.49114571070606267,-0.04347621746506677,0.9651991169958568,25,4,0.16,25,0,0,0.16,0.0,0.0,True,0.9863428440566435,logistic,False,True,pre,pre,full,none,live,,
0,12,communication,0.39635098434182814,0.5292350391399975,-0.11735896535841528,1.124202273196333,25,0,0.0,25,0,0,0.0,0.0,0.0,False,0.6971754350520499,logistic,False,True,pre,pre,full,none,live,,
0,13,communication,-0.8930585297314593,0.5115649787618756,-0.19683508751962092,1.0473552397310075,25,15,0.6,25,0,0,0.6,0.0,0.0,True,0.9999987679113704,logistic,False,True,pre,pre,full,none,live,,
0,14,communication,2.0074252072990673,0.4426170884124928,-0.060059376492507914,0.7940987770002768,25,0,0.0,25,0,0,0.0,0.0,0.0,False,4.152714786786798e-08,logistic,False,True,pre,pre,full,none,live,,
0,15,communication,-0.3746785692418634,0.5139703108388153,-0.08171517401354812,1.0574874792645939,25,11,0.44,25,0,0,0.44,0.0,0.0,True,0.9986375890130773,logistic,False,True,pre,pre,full,none,live,,
0,16,communication,0.2964098962195181,0.5576468667945231,-0.11597662513704396,1.260637316511312,25,0,0.0,25,0,0,0.0,0.0,0.0,False,0.8451366662568922,logistic,False,True,pre,pre,full,none,live,,
0,17,communication,-0.2527282626446281,0.5189441927237252,-0.02169877844535706,1.0787608940051538,25,11,0.44,25,0,0,0.44,0.0,0.0,True,0.9956002285745799,logistic,False,True,pre,pre,full,none,live,,
0,18,communication,1.7694653864749827,0.4440501446076638,-0.08136125277276256,0.7987233746005666,25,0,0.0,25,0,0,0.0,0.0,0.0,False,2.572836081841882e-06,logistic,False,True,pre,pre,full,none,live,,
0,19,communication,-1.4277805074623344,0.5118559781768987,-0.11490104391911787,1.0485757384987295,25,23,0.92,25,0,0,0.92,0.0,0.0,True,0.9999999999585323,logistic,False,True,pre,pre,full,none,live,,
0,20,communication,-0.7665054199611054,0.5789683454906761,-0.09332460794131554,1.375118329678594,25,15,0.6,25,0,0,0.6,0.0,0.0,True,0.9999985944997242,logistic,False,True,pre,pre,full,none,live,,
0,21,communication,-0.9857283322434358,0.5165874293181414,-0.08954854235240813,1.06862638799295,25,20,0.8,25,0,0,0.8,0.0,0.0,True,0.9999997782953173,logistic,False,True,pre,pre,full,none,live,,
0,22,communication,0.461174717853195,0.45630028792293775,-0.14696433268499504,0.8392505601663133,25,0,0.0,25,0,0,0.0,0.0,0.0,False,0.44986318625262767,logistic,False,True,pre,pre,full,none,live,,
0,23,communication,0.3403385328121334,0.5141649512433335,-0.06619657077559972,1.0583117717817352,25,1,0.04,25,0,0,0.04,0.0,0.0,False,0.7307012177728325,logistic,False,True,pre,pre,full,none,live,,
0,24,communication,-0.9763610863043007,0.49208884114441825,-0.13955115624859202,0.9688482573471824,25,20,0.8,25,0,0,0.8,0.0,0.0,True,0.9999994559617402,logistic,False,True,pre,pre,full,none,live,,
0,25,communication,2.92538629606796,0.5385567054283229,-0.04436878533580724,1.1671135148430845,25,0,0.0,25,0,0,0.0,0.0,0.0,False,1.9314248424976445e-15,logistic,False,True,pre,pre,full,none,live,,
0,26,communication,-1.381275231058007,0.5322236860543377,-0.0920550203744214,1.1377739107075904,25,21,0.84,25,0,0,0.84,0.0,0.0,True,0.9999999999473678,logistic,False,True,pre,pre,full,none,live,,
0,27,communication,0.09467516706652017,0.463558247243063,0.009505501286772383,0.8641352856310988,25,4,0.16,25,0,0,0.16,0.0,0.0,True,0.8724683461081897,logistic,False,True,pre,pre,full,none,live,,
0,28,communication,-1.5072403235405762,0.501173087275043,-0.012211946440275664,1.0047033840601534,25,18,0.72,25,0,0,0.72,0.0,0.0,True,0.9999999999894102,logistic,False,True,pre,pre,full,none,live,,
0,29,communication,0.3689343178407862,0.5552519798229519,0.01727598707103932,1.24846419687695,25,0,0.0,25,0,0,0.0,0.0,0.0,False,0.776372946348687,logistic,False,True,pre,pre,full,none,live,,
0,30,communication,0.14927110332851345,0.5135425857506044,-0.041741500894164396,1.0556784020714356,25,0,0.0,25,0,0,0.0,0.0,0.0,False,0.8940194451068043,logistic,False,True,pre,pre,full,none,live,,
0,31,communication,0.32117046802430793,0.5423385468559278,-0.09042165459624404,1.1850212490698864,25,1,0.04,25,0,0,0.04,0.0,0.0,False,0.8005406424337433,logistic,False,True,pre,pre,full,none,live,,
0,32,communication,-0.5250476615988334,0.560909362897636,-0.0230796623133388,1.2774341229391162,25,15,0.6,25,0,0,0.6,0.0,0.0,True,0.9999193945069742,logistic,False,True,pre,pre,full,none,live,,
0,33,communication,-0.8283027469335477,0.4886787168910672,-0.04749779706240071,0.9557175361835236,25,19,0.76,25,0,0,0.76,0.0,0.0,True,0.9999935429679259,logistic,False,True,pre,pre,full,none,live,,
0,34,communication,-0.19641443478209278,0.5271378893446645,-0.08064430119964554,1.1147814076583742,25,9,0.36,25,0,0,0.36,0.0,0.0,True,0.9934293742105894,logistic,False,True,pre,pre,full,none,live,,
0,35,communication,1.5852483184685613,0.47000682106353686,-0.04882525292838078,0.8868167360317716,25,0,0.0,25,0,0,0.0,0.0,0.0,False,7.450175684538592e-05,logistic,False,True,pre,pre,full,none,live,,
0,36,communication,0.23853137419688883,0.5036879736270252,-0.14184669013220044,1.0148615122384872,25,0,0.0,25,0,0,0.0,0.0,0.0,False,0.8140981462210561,logistic,False,True,pre,pre,full,none,live,,
0,37,communication,-0.010820192566592751,0.5459475774263025,-0.13970479657970167,1.20238886587526,25,1,0.04,25,0,0,0.04,0.0,0.0,True,0.9756564649157407,logistic,False,True,pre,pre,full,none,live,,
0,38,communication,-0.42307615377282126,0.5569060544137437,-0.1781442701114454,1.2568577385477544,25,11,0.44,25,0,0,0.44,0.0,0.0,True,0.9996748720953965,logistic,False,True,pre,pre,full,none,live,,
0,39,communication,0.5899429458324532,0.5099503222993661,-0.1192369930910116,1.0406094432958477,25,0,0.0,25,0,0,0.0,0.0,0.0,False,0.40450719328226753,logistic,False,True,pre,pre,full,none,live,,
0,40,communication,0.2172365040016686,0.5515258255884957,-0.019059202523810936,1.229782799226327,25,2,0.08,25,0,0,0.08,0.0,0.0,False,0.8932161750892798,logistic,False,True,pre,pre,full,none,live,,
0,41,communication,-0.9145352910176325,0.49380491129283327,-0.13393678321121003,0.975522920528569,25,16,0.64,25,0,0,0.64,0.0,0.0,True,0.9999985581764459,logistic,False,True,pre,pre,full,none,live,,
0,42,communication,1.0257063444799466,0.5793069716090822,-0.1518168714970438,1.3770301205723257,25,0,0.0,25,0,0,0.0,0.0,0.0,False,0.09889438344179086,logistic,False,True,pre,pre,full,none,live,,
0,43,communication,-0.4643991929485848,0.4316928127956381,-0.10886581128452703,0.7596117425845652,25,9,0.36,25,0,0,0.36,0.0,0.0,True,0.9975604349488392,logistic,False,True,pre,pre,full,none,live,,
0,44,communication,0.7887529830650717,0.5412389728698808,-0.06924697489044013,1.1797841160477829,25,0,0.0,25,0,0,0.0,0.0,0.0,False,0.23530369541382873,logistic,False,True,pre,pre,full,none,live,,
0,45,communication,0.07173313772629476,0.531675141805447,-0.11291700151576974,1.1352699573862397,25,0,0.0,25,0,0,0.0,0.0,0.0,False,0.9465866095770492,logistic,False,True,pre,pre,full,none,live,,
0,46,communication,-0.07351007756029697,0.4786515180604054,-0.07260505579632014,0.9181028326382732,25,0,0.0,25,0,0,0.0,0.0,0.0,True,0.9630312862676481,logistic,False,True,pre,pre,full,none,live,,
0,47,communication,-0.9101164676919695,0.4957812516483008,-0.10316930744943284,0.9832661979924769,25,16,0.64,25,0,0,0.64,0.0,0.0,True,0.9999985355988331,logistic,False,True,pre,pre,full,none,live,,
0,48,communication,0.9034130624847089,0.49214519651994626,-0.015107845004757467,0.9690667355069637,25,0,0.0,25,0,0,0.0,0.0,0.0,False,0.08217592208826846,logistic,False,True,pre,pre,full,none,live,,
0,49,communication,0.19311031782714647,0.5039695921879007,-0.1064766379204655,1.0160054388819018,25,0,0.0,25,0,0,0.0,0.0,0.0,False,0.8522536552758395,logistic,False,True,pre,pre,full,none,live,,
1,0,communication,1.0527969067587184,0.383589369831566,-0.03835358860643634,0.622295189371978,25,0,0.0,25,0,0,0.0,0.0,0.0,False,0.005756023172499498,logistic,False,True,pre,pre,full,none,live,,
1,1,communication,-0.3378740388789836,0.41053135487563014,-0.16567780795023068,0.6964430733869036,25,2,0.08,25,0,0,0.08,0.0,0.0,True,0.9883508171900011,logistic,False,True,pre,pre,full,none,live,,
1,2,communication,0.898047614674998,0.47161526127335257,-0.044893389550982155,0.8925603385326695,25,0,0.0,25,0,0,0.0,0.0,0.0,False,0.06776424319058746,logistic,False,True,pre,pre,full,none,live,,
1,3,communication,-0.6791631723600354,0.4545444473516689,-0.1545845200220306,0.8333299480493603,25,14,0.56,25,0,0,0.56,0.0,0.0,True,0.999876252193578,logistic,False,True,pre,pre,full,none,live,,
1,4,communication,-0.5589867108107897,0.4811893807920145,-0.11694265329081124,0.9274856045286748,25,7,0.28,25,0,0,0.28,0.0,0.0,True,0.99968699205299,logistic,False,True,pre,pre,full,none,live,,
1,5,communication,0.4645659440168681,0.43467302207238323,-0.03961760594856481,0.7688878101409798,25,1,0.04,25,0,0,0.04,0.0,0.0,False,0.3958389962113317,logistic,False,True,pre,pre,full,none,live,,
1,6,communication,-0.6409928943675819,0.48989777345407565,-0.13408380874398876,0.960391364631635,25,10,0.4,25,0,0,0.4,0.0,0.0,True,0.9999095550162911,logistic,False,True,pre,pre,full,none,live,,
1,7,communication,-0.6728602709334208,0.42153054852563066,-0.08316296764703673,0.728699756661753,25,15,0.6,25,0,0,0.6,0.0,0.0,True,0.9997196962267315,logistic,False,True,pre,pre,full,none,live,,
1,8,communication,1.410833647554595,0.5326266442216816,-0.14014446992051144,1.1396170484188104,25,0,0.0,25,0,0,0.0,0.0,0.0,False,0.0022172102997930244,logistic,False,True,pre,pre,full,none,live,,
1,9,communication,-0.20266414707239716,0.45949986472337023,-0.05523571834848194,0.8501382973534255,25,6,0.24,25,0,0,0.24,0.0,0.0,True,0.9823769476241953,logistic,False,True,pre,pre,full,none,live,,
1,10,communication,-0.9688699473033304,0.4138483318465968,-0.10488383470896342,0.7060430846343468,25,20,0.8,25,0,0,0.8,0.0,0.0,True,0.9999943689550367,logistic,False,True,pre,pre,full,none,live,,
1,11,communication,-0.08100878193289476,0.47437391009281643,-0.10621405583847651,0.9024930824430397,25,3,0.12,25,0,0,0.12,0.0,0.0,True,0.963030958385587,logistic,False,True,pre,pre,full,none,live,,
1,12,communication,0.32392077680238235,0.45436899369924194,-0.08777569955318072,0.8327404206365585,25,0,0.0,25,0,0,0.0,0.0,0.0,False,0.6255904518389153,logistic,False,True,pre,pre,full,none,live,,
1,13,communication,-0.9563224638372365,0.45149382975646474,-0.1908081799920192,0.8231335475332987,25,18,0.72,25,0,0,0.72,0.0,0.0,True,0.9999975710523403,logistic,False,True,pre,pre,full,none,live,,
1,14,communication,-0.27691944838390853,0.47908233795521077,-0.024760613724565506,0.9196891809631492,25,7,0.28,25,0,0,0.28,0.0,0.0,True,0.9931979219334016,logistic,False,True,pre,pre,full,none,live,,
1,15,communication,-0.5407364616000336,0.518919011233017,-0.06924339069343964,1.0786520842634275,25,11,0.44,25,0,0,0.44,0.0,0.0,True,0.9998279565989732,logistic,False,True,pre,pre,full,none,live,,
1,16,communication,-1.0961691134753955,0.3906563701359043,-0.11499278574394621,0.641110124057642,25,18,0.72,25,0,0,0.72,0.0,0.0,True,0.9999985549266578,logistic,False,True,pre,pre,full,none,live,,
1,17,communication,-2.099965396867324,0.5202827231899485,-0.09784648643620344,1.0845611537062887,25,23,0.92,25,0,0,0.92,0.0,0.0,True,1.0,logistic,False,True,pre,pre,full,none,live,,
1,18,communication,-0.6000943059599797,0.4856063625155135,-0.04159553022030238,0.9440364870962441,25,9,0.36,25,0,0,0.36,0.0,0.0,True,0.9998301093353498,logistic,False,True,pre,pre,full,none,live,,
1,19,communication,0.7738287021388062,0.4868061582069706,-0.0730730747064364,0.9485814492748708,25,0,0.0,25,0,0,0.0,0.0,0.0,False,0.16113107786185998,logistic,False,True,pre,pre,full,none,live,,
1,20,communication,1.0027363768003792,0.4127128650544042,-0.04143161599315835,0.7027446039536289,25,0,0.0,25,0,0,0.0,0.0,0.0,False,0.014359695031652651,logistic,False,True,pre,pre,full,none,live,,
1,21,communication,-0.6690689374556471,0.4670592489098856,-0.1875014934117963,0.8763811886303118,25,16,0.64,25,0,0,0.64,0.0,0.0,True,0.9998940665679933,logistic,False,True,pre,pre,full,none,live,,
1,22,communication,-1.4861986063419097,0.5080819734075422,-0.10442751418264135,1.032859025165337,25,23,0.92,25,0,0,0.92,0.0,0.0,True,0.9999999999870222,logistic,False,True,pre,pre,full,none,live,,
1,23,communication,0.1399583892170086,0.5167650380033304,-0.11808794743705897,1.069386693107052,25,1,0.04,25,0,0,0.04,0.0,0.0,False,0.9028663416105814,logistic,False,True,pre,pre,full,none,live,,
1,24,communication,-1.0003226918160606,0.47504738542543895,0.009577105313210377,0.9049338401913342,25,19,0.76,25,0,0,0.76,0.0,0.0,True,0.9999993990147761,logistic,False,True,pre,pre,full,none,live,,
1,25,communication,-0.011412546294082365,0.486572107848715,-0.15041934041957705,0.9476931722777212,25,0,0.0,25,0,0,0.0,0.0,0.0,True,0.9480553470341793,logistic,False,True,pre,pre,full,none,live,,
1,26,communication,-1.1275007735595426,0.4508205224246794,-0.1782222374883977,0.8208983416771046,25,17,0.68,25,0,0,0.68,0.0,0.0,True,0.9999998607782461,logistic,False,True,pre,pre,full,none,live,,
1,27,communication,1.193396705136232,0.4696202063700142,-0.2040809642874284,0.885441361096875,25,0,0.0,25,0,0,0.0,0.0,0.0,False,0.006408519350604573,logistic,False,True,pre,pre,full,none,live,,
1,28,communication,1.6177326974559536,0.4537737950342086,-0.05416507527645564,0.8307433640292435,25,0,0.0,25,0,0,0.0,0.0,0.0,False,3.2211487642187136e-05,logistic,False,True,pre,pre,full,none,live,,
1,29,communication,0.6131947952294148,0.42227201442529894,-0.10504866990051714,0.7309183992623093,25,0,0.0,25,0,0,0.0,0.0,0.0,False,0.20256514712714707,logistic,False,True,pre,pre,full,none,live,,
1,30,communication,-0.10684970892119935,0.4963127107065741,-0.046869609554540406,0.985358815392787,25,5,0.2,25,0,0,0.2,0.0,0.0,True,0.9773198899234594,logistic,False,True,pre,pre,full,none,live,,
1,31,communication,0.7828785600388035,0.4343502513471437,-0.10330205738598272,0.767878448424288,25,0,0.0,25,0,0,0.0,0.0,0.0,False,0.09224270196459766,logistic,False,True,pre,pre,full,none,live,,
1,32,communication,-0.5722607401194324,0.5130737212484509,-0.175429770067837,1.0536989758777082,25,9,0.36,25,0,0,0.36,0.0,0.0,True,0.9998691645811352,logistic,False,True,pre,pre,full,none,live,,
1,33,communication,-0.09708414996436748,0.40955276164304927,-0.1307490658083798,0.6936314289194067,25,2,0.08,25,0,0,0.08,0.0,0.0,True,0.927867895267455,logistic,False,True,pre,pre,full,none,live,,
1,34,communication,0.22722986726567224,0.3607334605438334,-0.14914296503055408,0.5642927296816045,25,0,0.0,25,0,0,0.0,0.0,0.0,False,0.5352655256425123,logistic,False,True,pre,pre,full,none,live,,
1,35,communication,-0.5516234080266305,0.3503135765479007,-0.14418627459076716,0.5392040896999426,25,11,0.44,25,0,0,0.44,0.0,0.0,True,0.9956290053219629,logistic,False,True,pre,pre,full,none,live,,
1,36,communication,1.989949799144832,0.4851332495933144,-0.1675440796292007,0.9422501049254295,25,0,0.0,25,0,0,0.0,0.0,0.0,False,2.1708728253385872e-07,logistic,False,True,pre,pre,full,none,live,,
1,37,communication,-0.5172278934409587,0.4569694878738292,-0.0007154667775823853,0.8415171480597287,25,16,0.64,25,0,0,0.64,0.0,0.0,True,0.999153104601297,logistic,False,True,pre,pre,full,none,live,,
1,38,communication,-0.14003934783348204,0.48318191157968315,-0.19012692704779383,0.9349167964622822,25,3,0.12,25,0,0,0.12,0.0,0.0,True,0.9790863839192754,logistic,False,True,pre,pre,full,none,live,,
1,39,communication,-0.5151396029895559,0.5333192111936114,-0.13290737611647066,1.1427922982595045,25,8,0.32,25,0,0,0.32,0.0,0.0,True,0.9998272001347265,logistic,False,True,pre,pre,full,none,live,,
1,40,communication,2.2351536895133357,0.43099958059699284,-0.13151526682775783,0.7574679488798897,25,0,0.0,25,0,0,0.0,0.0,0.0,False,3.05286540276044e-10,logistic,False,True,pre,pre,full,none,live,,
1,41,communication,-1.1900587995424072,0.5079092484889638,-0.13456123075482537,1.0321454872487534,25,17,0.68,25,0,0,0.68,0.0,0.0,True,0.9999999932542425,logistic,False,True,pre,pre,full,none,live,,
1,42,communication,-1.2355813600886525,0.472276992129313,-0.09225213640047489,0.8949334879957319,25,18,0.72,25,0,0,0.72,0.0,0.0,True,0.9999999906335708,logistic,False,True,pre,pre,full,none,live,,
1,43,communication,-0.9574069281331359,0.46174206348399877,-0.13963925499116298,0.8578453417198655,25,18,0.72,25,0,0,0.72,0.0,0.0,True,0.9999982105678858,logistic,False,True,pre,pre,full,none,live,,
1,44,communication,-0.3240493296852316,0.4727328424483054,-0.1322974225976473,0.8965717581261592,25,8,0.32,25,0,0,0.32,0.0,0.0,True,0.9951667823731355,logistic,False,True,pre,pre,full,none,live,,
1,45,communication,0.7002446177350077,0.4339213542720415,-0.033281524897564446,0.7665389916166735,25,0,0.0,25,0,0,0.0,0.0,0.0,False,0.14590860411764184,logistic,False,True,pre,pre,full,none,live,,
1,46,communication,1.3117334924521664,0.3979382218278725,-0.1638915909112307,0.6609591179098289,25,0,0.0,25,0,0,0.0,0.0,0.0,False,0.000475438672720685,logistic,False,True,pre,pre,full,none,live,,
1,47,communication,0.8041116867287721,0.4904137011962943,-0.05941013600014156,0.9623761516892808,25,0,0.0,25,0,0,0.0,0.0,0.0,False,0.14237908502698793,logistic,False,True,pre,pre,full,none,live,,
1,48,communication,0.09363864994630233,0.5046003603394428,-0.20671304419719594,1.018572320087253,25,0,0.0,25,0,0,0.0,0.0,0.0,False,0.9164226142418039,logistic,False,True,pre,pre,full,none,live,,
1,49,communication,-2.262934389963411,0.44095425720143444,-0.1246534611164767,0.7887623917750115,25,22,0.88,25,0,0,0.88,0.0,0.0,True,1.0,logistic,False,True,pre,pre,full,none,live,,
2,0,communication,0.8765278329343799,0.39652178324860005,0.5939932139355701,0.6570606398738421,25,2,0.08,25,0,0,0.08,0.0,0.0,False,0.03127473022674356,logistic,False,True,pre,pre,full,none,live,,
2,1,communication,-1.7461459456977415,0.4561295046866063,0.5309229362906913,0.8386730087716405,25,24,0.96,25,0,0,0.96,0.0,0.0,True,0.9999999999997597,logistic,False,True,pre,pre,full,none,live,,
2,2,communication,0.019100052916702248,0.423379865557638,0.4945674877132182,0.7342439853701612,25,18,0.72,25,0,0,0.72,0.0,0.0,True,0.8758206163745497,logistic,False,True,pre,pre,full,none,live,,
2,3,communication,0.3056312547264967,0.45833169878072694,0.4912704911316751,0.8461482751511231,25,6,0.24,25,0,0,0.24,0.0,0.0,False,0.6570274305443504,logistic,False,True,pre,pre,full,none,live,,
2,4,communication,1.4088656753259634,0.4874827643616129,0.5931882307597883,0.9511538938869217,25,0,0.0,25,0,0,0.0,0.0,0.0,False,0.0009589570663838956,logistic,False,True,pre,pre,full,none,live,,
2,5,communication,0.34657635709286444,0.3561566565480428,0.46069194999855184,0.553172848908422,25,7,0.28,25,0,0,0.28,0.0,0.0,False,0.36812754443539475,logistic,False,True,pre,pre,full,none,live,,
2,6,communication,0.2651009207009588,0.2816183042300307,0.5660064408809868,0.39201765007137207,25,9,0.36,25,0,0,0.36,0.0,0.0,True,0.3004931101140814,logistic,False,True,pre,pre,full,none,live,,
2,7,communication,0.294719645533276,0.2387885898698349,0.497265866221438,0.31369549469706803,25,9,0.36,25,0,0,0.36,0.0,0.0,True,0.184955097378024,logistic,False,True,pre,pre,full,none,live,,
2,8,communication,2.0810628556019632,0.26294099928841946,0.5520005774470044,0.35674348869570516,25,0,0.0,25,0,0,0.0,0.0,0.0,False,1.0804922917580503e-11,logistic,False,True,pre,pre,full,none,live,,
2,9,communication,0.34955976490414764,0.27549071318490587,0.48946697920399773,0.38024455752106234,25,3,0.12,25,0,0,0.12,0.0,0.0,False,0.19956194375255126,logistic,False,True,pre,pre,full,none,live,,
2,10,communication,-1.3828936197602906,0.32712562997989314,0.6622422218517199,0.48616152517462946,25,22,0.88,25,0,0,0.88,0.0,0.0,True,0.9999999248534488,logistic,False,True,pre,pre,full,none,live,,
2,11,communication,1.097577017675728,0.29744050215639584,0.48441264762331937,0.4233669932145856,25,0,0.0,25,0,0,0.0,0.0,0.0,False,0.0006897700211918464,logistic,False,True,pre,pre,full,none,live,,
2,12,communication,1.7772089158282176,0.3489079582745171,0.5303053873364898,0.5358811595206467,25,0,0.0,25,0,0,0.0,0.0,0.0,False,1.307485848745713e-07,logistic,False,True,pre,pre,full,none,live,,
2,13,communication,0.473401223144545,0.25651614800218936,0.45394378288560544,0.345019124911599,25,3,0.12,25,0,0,0.12,0.0,0.0,False,0.08424473654226916,logistic,False,True,pre,pre,full,none,live,,
2,14,communication,2.650433883673073,0.2644378056993793,0.5171633915420722,0.3595043461291661,25,0,0.0,25,0,0,0.0,0.0,0.0,False,4.6197659569659e-18,logistic,False,True,pre,pre,full,none,live,,
2,15,communication,0.7672819670505707,0.11131166767431608,0.5302222938009836,0.12525388668377713,25,0,0.0,25,0,0,0.0,0.0,0.0,False,0.00032943012873679235,logistic,False,True,pre,pre,full,none,live,,
2,16,communication,2.1412361421175943,0.3261157222914486,0.560956504124378,0.48393430901869267,25,0,0.0,25,0,0,0.0,0.0,0.0,False,3.9876468186440434e-11,logistic,False,True,pre,pre,full,none,live,,
2,17,communication,1.3232987521158015,0.2810650633356665,0.525356610926235,0.39094645287337615,25,0,0.0,25,0,0,0.0,0.0,0.0,False,2.5196932983718813e-05,logistic,False,True,pre,pre,full,none,live,,
2,18,communication,0.758710547752152,0.3742316963581445,0.5243296737907504,0.5980355575381262,25,0,0.0,25,0,0,0.0,0.0,0.0,False,0.05454880560048588,logistic,False,True,pre,pre,full,none,live,,
2,19,communication,-0.9575477351814627,0.2532606381186947,0.49100969825258267,0.33915533457435537,25,21,0.84,25,0,0,0.84,0.0,0.0,True,0.9996265576137383,logistic,False,True,pre,pre,full,none,live,,
2,20,communication,0.9142081044434013,0.27518634673525405,0.5762799008886638,0.3796649600842153,25,1,0.04,25,0,0,0.04,0.0,0.0,False,0.0031929966928650163,logistic,False,True,pre,pre,full,none,live,,
2,21,communication,1.1107591088737003,0.4613661897654853,0.5006339015777821,0.8565488853449656,25,0,0.0,25,0,0,0.0,0.0,0.0,False,0.01185996555834124,logistic,False,True,pre,pre,full,none,live,,
2,22,communication,0.0019919934295393182,0.31671512667639057,0.4604104776255255,0.4635184226102304,25,15,0.6,25,0,0,0.6,0.0,0.0,True,0.7163975393858316,logistic,False,True,pre,pre,full,none,live,,
2,23,communication,0.548724069135766,0.2797347122957966,0.4002987648159358,0.3883773341173111,25,4,0.16,25,0,0,0.16,0.0,0.0,False,0.06940180843895993,logistic,False,True,pre,pre,full,none,live,,
2,24,communication,1.198944141906477,0.4016347013600302,0.5335013550143853,0.6712199090971845,25,0,0.0,25,0,0,0.0,0.0,0.0,False,0.0018256379353781874,logistic,False,True,pre,pre,full,none,live,,
2,25,communication,-1.7731534815382262,0.3610876055825872,0.5879129161700865,0.5651598070997543,25,23,0.92,25,0,0,0.92,0.0,0.0,True,0.9999999999930327,logistic,False,True,pre,pre,full,none,live,,
2,26,communication,0.4986720688497524,0.37002556151917904,0.44151449494430933,0.5873659928353492,25,1,0.04,25,0,0,0.04,0.0,0.0,False,0.2234458177512978,logistic,False,True,pre,pre,full,none,live,,
2,27,communication,1.825339850615107,0.36133097033563627,0.5651023210011252,0.5657562110464704,25,0,0.0,25,0,0,0.0,0.0,0.0,False,8.252234816067725e-08,logistic,False,True,pre,pre,full,none,live,,
2,28,communication,1.0215121308315422,0.2198204317134203,0.5207075946767008,0.2817562015834215,25,0,0.0,25,0,0,0.0,0.0,0.0,False,0.000285418296229869,logistic,False,True,pre,pre,full,none,live,,
2,29,communication,0.8837662202835348,0.3069717121418446,0.5085336443735914,0.44294254292354884,25,1,0.04,25,0,0,0.04,0.0,0.0,False,0.007610011690236429,logistic,False,True,pre,pre,full,none,live,,
2,30,communication,2.0824125885080784,0.2748452237891628,0.4865100917803262,0.3790159463960452,25,0,0.0,25,0,0,0.0,0.0,0.0,False,1.7545699545136185e-11,logistic,False,True,pre,pre,full,none,live,,
2,31,communication,0.039132533552312165,0.3699967336689201,0.5920989167769243,0.5872933577370996,25,13,0.52,25,0,0,0.52,0.0,0.0,True,0.7796520672204699,logistic,False,True,pre,pre,full,none,live,,
2,32,communication,-1.3403874126524813,0.33248266651882147,0.5055739537514096,0.4980884388198382,25,16,0.64,25,0,0,0.64,0.0,0.0,True,0.9999998649263142,logistic,False,True,pre,pre,full,none,live,,
2,33,communication,-0.5939124794752964,0.41046595945321346,0.5107039704175489,0.6962548915284189,25,18,0.72,25,0,0,0.72,0.0,0.0,True,0.999100588083366,logistic,False,True,pre,pre,full,none,live,,
2,34,communication,1.3643238035776122,0.3117525889081504,0.5323452215863056,0.45296587227778995,25,0,0.0,25,0,0,0.0,0.0,0.0,False,3.1743668178106775e-05,logistic,False,True,pre,pre,full,none,live,,
2,35,communication,2.2002084632335457,0.3367029367648514,0.5776990096008544,0.5076201229093718,25,0,0.0,25,0,0,0.0,0.0,0.0,False,1.642839083842101e-11,logistic,False,True,pre,pre,full,none,live,,
2,36,communication,-0.012527668740473397,0.2915973787014475,0.6135045026094506,0.4116266229604412,25,17,0.68,25,0,0,0.68,0.0,0.0,True,0.6790435774383712,logistic,False,True,pre,pre,full,none,live,,
2,37,communication,2.035517246634966,0.21612195259990055,0.5499158035321968,0.2757086428389156,25,0,0.0,25,0,0,0.0,0.0,0.0,False,3.6922767416330615e-12,logistic,False,True,pre,pre,full,none,live,,
2,38,communication,-1.1302850490308634,0.15782958041348666,0.5366918142146964,0.18740812636351845,25,19,0.76,25,0,0,0.76,0.0,0.0,True,0.9994995921076967,logistic,False,True,pre,pre,full,none,live,,
2,39,communication,1.819637151758918,0.31760074160950996,0.5636683845247107,0.46541777076165713,25,0,0.0,25,0,0,0.0,0.0,0.0,False,2.112174579896786e-08,logistic,False,True,pre,pre,full,none,live,,
2,40,communication,1.2408666371740034,0.31533627785220236,0.5142867936889106,0.46057103312409914,25,0,0.0,25,0,0,0.0,0.0,0.0,False,0.00018131751348825803,logistic,False,True,pre,pre,full,none,live,,
2,41,communication,-0.7633835547494222,0.4493728907070326,0.5407420110716595,0.8161110906508939,25,18,0.72,25,0,0,0.72,0.0,0.0,True,0.9999548494989524,logistic,False,True,pre,pre,full,none,live,,
2,42,communication,1.2428138197325753,0.2816553665004468,0.40651020122065307,0.3920894698249625,25,0,0.0,25,0,0,0.0,0.0,0.0,False,7.785157329001721e-05,logistic,False,True,pre,pre,full,none,live,,
2,43,communication,0.4512864838471671,0.34683289934728373,0.489012560348963,0.5310017895890504,25,8,0.32,25,0,0,0.32,0.0,0.0,False,0.22902433657679466,logistic,False,True,pre,pre,full,none,live,,
2,44,communication,0.7212318143017875,0.3171543347281529,0.47331115222974746,0.46445976134576605,25,3,0.12,25,0,0,0.12,0.0,0.0,False,0.03418229389395879,logistic,False,True,pre,pre,full,none,live,,
2,45,communication,0.9389379389456558,0.3466813081790814,0.4598845718808944,0.5306465474190203,25,1,0.04,25,0,0,0.04,0.0,0.0,False,0.008930561166465751,logistic,False,True,pre,pre,full,none,live,,
2,46,communication,-1.2738132923546186,0.32502499895739534,0.551278357582005,0.48153635090980146,25,22,0.88,25,0,0,0.88,0.0,0.0,True,0.9999994580709838,logistic,False,True,pre,pre,full,none,live,,
2,47,communication,0.07094067820434213,0.4140063364567811,0.43630944061563764,0.7065030941691177,25,10,0.4,25,0,0,0.4,0.0,0.0,True,0.8228552394178246,logistic,False,True,pre,pre,full,none,live,,
2,48,communication,-0.5697870233137251,0.38721495439600795,0.5109929318974894,0.6318936096332919,25,18,0.72,25,0,0,0.72,0.0,0.0,True,0.9981544516049464,logistic,False,True,pre,pre,full,none,live,,
2,49,communication,-0.32551748673213143,0.24524786173878574,0.5798437022494201,0.32493828014026405,25,21,0.84,25,0,0,0.84,0.0,0.0,True,0.887440934705972,logistic,False,True,pre,pre,full,none,live,,
3,0,communication,-1.8286316470671005,0.5015230772127386,-0.33850127616646575,1.0061109236681294,25,17,0.68,25,0,0,0.68,0.0,0.0,True,0.9999999999999961,logistic,False,True,pre,pre,full,none,live,,
3,1,communication,-2.9642515286830173,0.5221680005179618,-0.3017908061632151,1.0927857512347077,25,23,0.92,25,0,0,0.92,0.0,0.0,True,1.0,logistic,False,True,pre,pre,full,none,live,,
3,2,communication,-0.32783743608150606,0.5460427032653195,-0.3495760207787095,1.2028503720350132,25,2,0.08,25,0,0,0.08,0.0,0.0,True,0.9987715640775134,logistic,False,True,pre,pre,full,none,live,,
3,3,communication,-1.532484329600289,0.44816917314210125,-0.3769942450928294,0.8121495779675041,25,19,0.76,25,0,0,0.76,0.0,0.0,True,0.9999999999516077,logistic,False,True,pre,pre,full,none,live,,
3,4,communication,-1.0241487803732476,0.5785868406615328,-0.4474051085794698,1.3729681378953522,25,15,0.6,25,0,0,0.6,0.0,0.0,True,0.9999999849394762,logistic,False,True,pre,pre,full,none,live,,
3,5,communication,-0.5792967882495909,0.5668134469704891,-0.3420923496463311,1.308474242809367,25,5,0.2,25,0,0,0.2,0.0,0.0,True,0.999966772655583,logistic,False,True,pre,pre,full,none,live,,
3,6,communication,0.17407405855088331,0.5746210976044248,-0.3980194912274846,1.3508453154784432,25,0,0.0,25,0,0,0.0,0.0,0.0,False,0.936159217525258,logistic,False,True,pre,pre,full,none,live,,
3,7,communication,0.021664508406219085,0.4703483056915497,-0.39362727781728724,0.8880332315478925,25,0,0.0,25,0,0,0.0,0.0,0.0,False,0.9223733492825106,logistic,False,True,pre,pre,full,none,live,,
3,8,communication,-1.2670755382761318,0.5769544125286161,-0.43866061161662606,1.3638114416395921,25,17,0.68,25,0,0,0.68,0.0,0.0,True,0.9999999998857678,logistic,False,True,pre,pre,full,none,live,,
3,9,communication,-0.06316873521772984,0.5646258140070569,-0.2690847546505266,1.2968748083199608,25,1,0.04,25,0,0,0.04,0.0,0.0,True,0.9879445185336777,logistic,False,True,pre,pre,full,none,live,,
3,10,communication,-0.4152459341694415,0.5255418303099634,-0.3420385541045048,1.1076673643396209,25,5,0.2,25,0,0,0.2,0.0,0.0,True,0.9993129261708292,logistic,False,True,pre,pre,full,none,live,,
3,11,communication,-2.127018418752556,0.5061394662909393,-0.40656358528822256,1.0248631582071557,25,16,0.64,25,0,0,0.64,0.0,0.0,True,1.0,logistic,False,True,pre,pre,full,none,live,,
3,12,communication,0.6674583343106568,0.5119727698653217,-0.3829023614747838,1.0490659911006097,25,0,0.0,25,0,0,0.0,0.0,0.0,False,0.31267950769115427,logistic,False,True,pre,pre,full,none,live,,
3,13,communication,0.14763662677548722,0.4948363062141579,-0.37625404335954965,0.9795563543090602,25,1,0.04,25,0,0,0.04,0.0,0.0,False,0.8737687104275755,logistic,False,True,pre,pre,full,none,live,,
3,14,communication,-0.40942151679534855,0.4442513884615041,-0.3205142598353209,0.7993747159019784,25,8,0.32,25,0,0,0.32,0.0,0.0,True,0.9965886583118599,logistic,False,True,pre,pre,full,none,live,,
3,15,communication,-0.9937652778039918,0.5254863509992624,-0.36703613394586254,1.1074209395364425,25,10,0.4,25,0,0,0.4,0.0,0.0,True,0.9999998536598402,logistic,False,True,pre,pre,full,none,live,,
3,16,communication,0.701625929228615,0.5094232939044129,-0.2849752330038393,1.0384172089189119,25,0,0.0,25,0,0,0.0,0.0,0.0,False,0.2686000293523271,logistic,False,True,pre,pre,full,none,live,,
3,17,communication,-1.5142432269332358,0.5513198137624324,-0.3953308175691647,1.2287589928709688,25,23,0.92,25,0,0,0.92,0.0,0.0,True,0.9999999999988437,logistic,False,True,pre,pre,full,none,live,,
3,18,communication,0.8554980242238381,0.5817687242847477,-0.391012153374515,1.391021566452237,25,0,0.0,25,0,0,0.0,0.0,0.0,False,0.2400907671196088,logistic,False,True,pre,pre,full,none,live,,
3,19,communication,-0.15880214667827217,0.5213060043266083,-0.3300139556937245,1.0890172198489212,25,2,0.08,25,0,0,0.08,0.0,0.0,True,0.9898419648297967,logistic,False,True,pre,pre,full,none,live,,
3,20,communication,1.1935370430055339,0.5115826909235154,-0.43063562636188396,1.0474294858444568,25,0,0.0,25,0,0,0.0,0.0,0.0,False,0.012411581965845138,logistic,False,True,pre,pre,full,none,live,,
3,21,communication,-1.237353221475364,0.5726983671952751,-0.34330154584288564,1.3402672099242738,25,16,0.64,25,0,0,0.64,0.0,0.0,True,0.999999999746227,logistic,False,True,pre,pre,full,none,live,,
3,22,communication,-0.2841398420393074,0.5309234110639657,-0.46099240058336344,1.1318480256459038,25,2,0.08,25,0,0,0.08,0.0,0.0,True,0.9974007470932059,logistic,False,True,pre,pre,full,none,live,,
3,23,communication,-1.7815762007456448,0.5477173467731414,-0.22043694708057002,1.2110067517854022,25,17,0.68,25,0,0,0.68,0.0,0.0,True,0.9999999999999984,logistic,False,True,pre,pre,full,none,live,,
3,24,communication,0.2958016554018752,0.5069156177621431,-0.39943755036507433,1.028050443336926,25,0,0.0,25,0,0,0.0,0.0,0.0,False,0.7645603036482438,logistic,False,True,pre,pre,full,none,live,,
3,25,communication,0.1904934972645524,0.5450712903655984,-0.34452382344855254,1.1981466080776462,25,0,0.0,25,0,0,0.0,0.0,0.0,False,0.902364783277376,logistic,False,True,pre,pre,full,none,live,,
3,26,communication,-2.530893667054243,0.4795451906175235,-0.30631625546992824,0.9213964055524962,25,22,0.88,25,0,0,0.88,0.0,0.0,True,1.0,logistic,False,True,pre,pre,full,none,live,,
3,27,communication,-0.5173233799201539,0.5733862232663159,-0.3322305571000577,1.3440405690983002,25,4,0.16,25,0,0,0.16,0.0,0.0,True,0.9999334634318665,logistic,False,True,pre,pre,full,none,live,,
3,28,communication,-0.38706007867700215,0.5246798765657983,-0.366107511935364,1.1038452838372816,25,2,0.08,25,0,0,0.08,0.0,0.0,True,0.9990357756926935,logistic,False,True,pre,pre,full,none,live,,
3,29,communication,-0.2879557214873156,0.551135841771512,-0.2915045517541035,1.2278455110932782,25,1,0.04,25,0,0,0.04,0.0,0.0,True,0.9982805031702107,logistic,False,True,pre,pre,full,none,live,,
3,30,communication,0.23340537165694603,0.5631291493211164,-0.35053162502918883,1.2890060035958708,25,0,0.0,25,0,0,0.0,0.0,0.0,False,0.8958017390582331,logistic,False,True,pre,pre,full,none,live,,
3,31,communication,-2.1441670807986255,0.5172001662901966,-0.33927041690545295,1.0712517490241518,25,20,0.8,25,0,0,0.8,0.0,0.0,True,1.0,logistic,False,True,pre,pre,full,none,live,,
3,32,communication,0.33841069794741646,0.5599440324106806,-0.3838887240040821,1.2724382207066125,25,0,0.0,25,0,0,0.0,0.0,0.0,False,0.8130714796158687,logistic,False,True,pre,pre,full,none,live,,
3,33,communication,-0.7519193780444124,0.54211078090725,-0.4492000997803174,1.1839343629478205,25,5,0.2,25,0,0,0.2,0.0,0.0,True,0.9999950463489315,logistic,False,True,pre,pre,full,none,live,,
3,34,communication,-0.05660177992398341,0.5208641818859082,-0.42632866103899614,1.087090887790568,25,1,0.04,25,0,0,0.04,0.0,0.0,True,0.975991003193228,logistic,False,True,pre,pre,full,none,live,,
3,35,communication,-1.4156011150251504,0.5236961180992307,-0.31100021662265215,1.0994999998936288,25,20,0.8,25,0,0,0.8,0.0,0.0,True,0.999999999965716,logistic,False,True,pre,pre,full,none,live,,
3,36,communication,-0.8644500449451085,0.5397023236631413,-0.36165999256682235,1.1725071652722658,25,15,0.6,25,0,0,0.6,0.0,0.0,True,0.9999991243594047,logistic,False,True,pre,pre,full,none,live,,
3,37,communication,1.4697345265789936,0.5278677273799796,-0.37999857504925993,1.118050508283758,25,0,0.0,25,0,0,0.0,0.0,0.0,False,0.0010715665205417652,logistic,False,True,pre,pre,full,none,live,,
3,38,communication,-1.4889472868287064,0.5320968309297508,-0.3448192305768232,1.1371943301582208,25,13,0.52,25,0,0,0.52,0.0,0.0,True,0.9999999999953634,logistic,False,True,pre,pre,full,none,live,,
3,39,communication,-1.242360711368062,0.47787914172416945,-0.3984114469631851,0.9152653722784455,25,17,0.68,25,0,0,0.68,0.0,0.0,True,0.999999993212126,logistic,False,True,pre,pre,full,none,live,,
3,40,communication,0.5848404422819997,0.5110537211214727,-0.4106480502671863,1.045214460561296,25,0,0.0,25,0,0,0.0,0.0,0.0,False,0.41361926014019973,logistic,False,True,pre,pre,full,none,live,,
3,41,communication,1.0078769524406894,0.4953601993390494,-0.3860656813174034,0.9816114358999283,25,0,0.0,25,0,0,0.0,0.0,0.0,False,0.04271443082681547,logistic,False,True,pre,pre,full,none,live,,
3,42,communication,0.6417407923813057,0.5369985708945988,-0.3726880278348221,1.1598205472760048,25,0,0.0,25,0,0,0.0,0.0,0.0,False,0.3988728297533747,logistic,False,True,pre,pre,full,none,live,,
3,43,communication,-0.2435360764031236,0.5120656540992781,-0.3824322836164401,1.049456055719976,25,1,0.04,25,0,0,0.04,0.0,0.0,True,0.9945971636808612,logistic,False,True,pre,pre,full,none,live,,
3,44,communication,-0.3499652469146054,0.5376582210165229,-0.31943727069404465,1.162902089875243,25,2,0.08,25,0,0,0.08,0.0,0.0,True,0.998868229424238,logistic,False,True,pre,pre,full,none,live,,
3,45,communication,-0.7755304630608668,0.49892726589595776,-0.3519769228863273,0.9957182499424544,25,14,0.56,25,0,0,0.56,0.0,0.0,True,0.999989094843862,logistic,False,True,pre,pre,full,none,live,,
3,46,communication,-0.7056649662989343,0.5394073096846371,-0.33512919388688056,1.1711156538661323,25,10,0.4,25,0,0,0.4,0.0,0.0,True,0.9999892723526204,logistic,False,True,pre,pre,full,none,live,,
3,47,communication,-1.2123613543024852,0.4727289219245105,-0.4401207383856046,0.8965576561679527,25,14,0.56,25,0,0,0.56,0.0,0.0,True,0.9999999855980526,logistic,False,True,pre,pre,full,none,live,,
3,48,communication,0.43852296047871603,0.4772171656724572,-0.3397142863372666,0.9128401591194231,25,0,0.0,25,0,0,0.0,0.0,0.0,False,0.5286359811703554,logistic,False,True,pre,pre,full,none,live,,
3,49,communication,-0.7290745189225067,0.43366415486057264,-0.284171005035661,0.7657367242114226,25,18,0.72,25,0,0,0.72,0.0,0.0,True,0.9998958544544537,logistic,False,True,pre,pre,full,none,live,,
4,0,communication,0.9539815113140867,0.17421444597940702,0.22703870416586833,0.2109681443701576,25,0,0.0,25,0,0,0.0,0.0,0.0,False,0.00020245357077770132,logistic,False,True,pre,pre,full,none,live,,
4,1,communication,1.642089252458919,1.0,0.21486269536060962,-0.1478633483061735,25,0,0.0,25,0,0,0.0,0.0,0.0,False,0.0,logistic,False,True,pre,pre,full,none,live,,
4,2,communication,0.4226476003682104,0.1884597704823974,0.22503776637717932,0.23222480368523696,25,0,0.0,25,0,0,0.0,0.0,0.0,False,0.048034988789532045,logistic,False,True,pre,pre,full,none,live,,
4,3,communication,-0.9288259850693965,0.08488307656486685,0.1972250509552746,0.09275653677809366,25,20,0.8,25,0,0,0.8,0.0,0.0,True,0.977575856126492,logistic,False,True,pre,pre,full,none,live,,
4,4,communication,-0.29794511705049187,0.026553731933108168,0.21866668804290737,0.027278066395836742,25,15,0.6,25,0,0,0.6,0.0,0.0,True,0.19700070988318036,logistic,False,True,pre,pre,full,none,live,,
4,5,communication,-1.3190829836222426,0.23621837809266727,0.29564329264773276,0.3092747603729681,25,22,0.88,25,0,0,0.88,0.0,0.0,True,0.9999960118288279,logistic,False,True,pre,pre,full,none,live,,
4,6,communication,1.6025263770317157,0.06760182431996829,0.22228188074745825,0.07250317094482069,25,0,0.0,25,0,0,0.0,0.0,0.0,False,1.9176069075071488e-11,logistic,False,True,pre,pre,full,none,live,,
4,7,communication,-0.2240495282482836,0.2645759727031498,0.27633895217282956,0.3597597615563831,25,18,0.72,25,0,0,0.72,0.0,0.0,True,0.8412117613323908,logistic,False,True,pre,pre,full,none,live,,
4,8,communication,1.0446314646686676,0.06260864381521872,0.20955042115522937,0.06679029351202713,25,0,0.0,25,0,0,0.0,0.0,0.0,False,7.674126403672281e-07,logistic,False,True,pre,pre,full,none,live,,
4,9,communication,0.6132136500192256,0.21067532713721188,0.31771150435529427,0.26690579223010624,25,1,0.04,25,0,0,0.04,0.0,0.0,False,0.015941491696174405,logistic,False,True,pre,pre,full,none,live,,
4,10,communication,-0.023114228700863826,0.1347136247606786,0.302146584323426,0.15568675136415897,25,11,0.44,25,0,0,0.44,0.0,0.0,True,0.28153428929079827,logistic,False,True,pre,pre,full,none,live,,
4,11,communication,0.2952434741670339,0.05006567489850309,0.31696076647075044,0.05270435394905196,25,5,0.2,25,0,0,0.2,0.0,0.0,False,0.006918322918181644,logistic,False,True,pre,pre,full,none,live,,
4,12,communication,1.1641420092607864,0.15564920172173188,0.3445761652734159,0.18434186601009814,25,0,0.0,25,0,0,0.0,0.0,0.0,False,6.095493455111165e-06,logistic,False,True,pre,pre,full,none,live,,
4,13,communication,-1.2981974443659685,0.19936326537072552,0.30971975608837804,0.24900589336940473,25,18,0.72,25,0,0,0.72,0.0,0.0,True,0.9999832282749492,logistic,False,True,pre,pre,full,none,live,,
4,14,communication,-0.1745787736626335,0.15351867172315709,0.21094153342313485,0.1813609663850123,25,12,0.48,25,0,0,0.48,0.0,0.0,True,0.5287785576364847,logistic,False,True,pre,pre,full,none,live,,
4,15,communication,1.3729854714946228,0.042957771130327206,0.31886609191285487,0.04488597246232598,25,0,0.0,25,0,0,0.0,0.0,0.0,False,3.8552857785672085e-10,logistic,False,True,pre,pre,full,none,live,,
4,16,communication,1.1374000529803254,0.219747242947974,0.15405293895529584,0.28163597111560296,25,0,0.0,25,0,0,0.0,0.0,0.0,False,6.358134094944515e-05,logistic,False,True,pre,pre,full,none,live,,
4,17,communication,1.3886919277632213,0.19114741028150856,0.21019500324768892,0.23631921651883991,25,0,0.0,25,0,0,0.0,0.0,0.0,False,5.708653743892672e-07,logistic,False,True,pre,pre,full,none,live,,
4,18,communication,-0.6532849605510818,0.27816700353577495,0.15357586421635222,0.3853619949466542,25,20,0.8,25,0,0,0.8,0.0,0.0,True,0.9940744023627976,logistic,False,True,pre,pre,full,none,live,,
4,19,communication,0.48877417553730773,0.1433623582674598,0.2228729503355879,0.1673547265300075,25,0,0.0,25,0,0,0.0,0.0,0.0,False,0.01332156228072031,logistic,False,True,pre,pre,full,none,live,,
4,20,communication,1.2509102589714616,0.1632906347116395,0.2277081784240352,0.19515812955597026,25,0,0.0,25,0,0,0.0,0.0,0.0,False,2.048283001696929e-06,logistic,False,True,pre,pre,full,none,live,,
4,21,communication,0.6513464776455404,0.30341032430804515,0.25839322495438793,0.435565347715861,25,0,0.0,25,0,0,0.0,0.0,0.0,False,0.047025591279899394,logistic,False,True,pre,pre,full,none,live,,
4,22,communication,0.7722185040486541,0.23699378791649234,0.24672799650947932,0.3106053190174478,25,0,0.0,25,0,0,0.0,0.0,0.0,False,0.006208114284188216,logistic,False,True,pre,pre,full,none,live,,
4,23,communication,1.0976604806712023,0.1025402056072022,0.2216829353299529,0.1142560438337839,25,0,0.0,25,0,0,0.0,0.0,0.0,False,2.2777996656248913e-06,logistic,False,True,pre,pre,full,none,live,,
4,24,communication,-1.2809274278423162,0.1427619411525839,0.15904697475035684,0.1665371009594836,25,21,0.84,25,0,0,0.84,0.0,0.0,True,0.9998822984622653,logistic,False,True,pre,pre,full,none,live,,
4,25,communication,-0.4901214525293177,0.2017863356035053,0.18185699332947816,0.25279739573998633,25,17,0.68,25,0,0,0.68,0.0,0.0,True,0.9293681882166694,logistic,False,True,pre,pre,full,none,live,,
4,26,communication,-1.2333446774492798,0.18957732841829655,0.25854719831823597,0.2339240189915938,25,23,0.92,25,0,0,0.92,0.0,0.0,True,0.9999441401519942,logistic,False,True,pre,pre,full,none,live,,
4,27,communication,0.49547089364662705,0.12978272498196672,0.253361504412894,0.14913829994845512,25,1,0.04,25,0,0,0.04,0.0,0.0,False,0.009478400667722328,logistic,False,True,pre,pre,full,none,live,,
4,28,communication,0.559962199705418,0.0687003851867435,0.33614977940094276,0.07376829550232258,25,0,0.0,25,0,0,0.0,0.0,0.0,False,0.0008948466046951336,logistic,False,True,pre,pre,full,none,live,,
4,29,communication,-0.19728840513905024,0.16156630800112382,0.22421667385888436,0.19270016167401394,25,13,0.52,25,0,0,0.52,0.0,0.0,True,0.5824407473907453,logistic,False,True,pre,pre,full,none,live,,
4,30,communication,-0.16113019107180887,0.23064877105714277,0.16803064646433524,0.2997964549612411,25,13,0.52,25,0,0,0.52,0.0,0.0,True,0.7153958729815032,logistic,False,True,pre,pre,full,none,live,,
4,31,communication,0.9264417014926489,0.2616154130714677,0.13924776026188634,0.3543077925823352,25,0,0.0,25,0,0,0.0,0.0,0.0,False,0.0021554979481299545,logistic,False,True,pre,pre,full,none,live,,
4,32,communication,1.136961881727071,1.0,0.18054355450649268,-0.12831121000617182,25,0,0.0,25,0,0,0.0,0.0,0.0,False,0.0,logistic,False,True,pre,pre,full,none,live,,
4,33,communication,0.6288424122067807,0.17397091891391087,0.21932216039427518,0.21061113088799296,25,0,0.0,25,0,0,0.0,0.0,0.0,False,0.0070476154222088175,logistic,False,True,pre,pre,full,none,live,,
4,34,communication,1.1743550103909168,0.1824958475342956,0.3170704627231909,0.22323537682819483,25,0,0.0,25,0,0,0.0,0.0,0.0,False,1.2650838563057459e-05,logistic,False,True,pre,pre,full,none,live,,
4,35,communication,2.226496962900631,1.0,0.2870192945164419,-0.01586182778880832,25,0,0.0,25,0,0,0.0,0.0,0.0,False,0.0,logistic,False,True,pre,pre,full,none,live,,
4,36,communication,-0.21655029087269223,0.15205971704974416,0.2698750051549882,0.17932833255742928,25,18,0.72,25,0,0,0.72,0.0,0.0,True,0.5796743746024303,logistic,False,True,pre,pre,full,none,live,,
4,37,communication,1.6068739559522929,0.11798201591156036,0.2830213862439306,0.13376373049070434,25,0,0.0,25,0,0,0.0,0.0,0.0,False,3.920625911874328e-10,logistic,False,True,pre,pre,full,none,live,,
4,38,communication,0.06896592208311772,0.14172489610352618,0.29164810396287305,0.16512758608529,25,8,0.32,25,0,0,0.32,0.0,0.0,True,0.203249055003351,logistic,False,True,pre,pre,full,none,live,,
4,39,communication,-0.30532277000995317,0.2118610123199988,0.3141033154394684,0.26881173959385224,25,17,0.68,25,0,0,0.68,0.0,0.0,True,0.8222478137149819,logistic,False,True,pre,pre,full,none,live,,
4,40,communication,1.0636174838746126,0.04845866961433374,0.1603896329082464,0.0509265000551191,25,0,0.0,25,0,0,0.0,0.0,0.0,False,2.2813046158213437e-07,logistic,False,True,pre,pre,full,none,live,,
4,41,communication,-0.1544483628399911,0.045922672931216935,0.08410062124510004,0.04813307226606611,25,7,0.28,25,0,0,0.28,0.0,0.0,True,0.15437715047245593,logistic,False,True,pre,pre,full,none,live,,
4,42,communication,-0.35771847753113584,0.11015097223851507,0.16355770051474627,0.12378613540277973,25,13,0.52,25,0,0,0.52,0.0,0.0,True,0.6307495528836005,logistic,False,True,pre,pre,full,none,live,,
4,43,communication,0.1791137850330479,0.13728286438570578,0.19766889189410822,0.1591284775953292,25,4,0.16,25,0,0,0.16,0.0,0.0,False,0.10896615555489131,logistic,False,True,pre,pre,full,none,live,,
4,44,communication,-0.5131293006779329,0.14784224169160898,0.2417412040561201,0.17349163373820473,25,16,0.64,25,0,0,0.64,0.0,0.0,True,0.8764671192342754,logistic,False,True,pre,pre,full,none,live,,
4,45,communication,0.261879199103165,0.1912763870833086,0.28405016650867443,0.23651638709232597,25,2,0.08,25,0,0,0.08,0.0,0.0,False,0.1338132378774073,logistic,False,True,pre,pre,full,none,live,,
4,46,communication,1.4470397076023784,0.1409658812050949,0.27709334701719546,0.16409811685110798,25,0,0.0,25,0,0,0.0,0.0,0.0,False,2.8245100044152027e-08,logistic,False,True,pre,pre,full,none,live,,
4,47,communication,1.2170235956003146,0.09460594437707834,0.2670376593298073,0.10449145738204384,25,0,0.0,25,0,0,0.0,0.0,0.0,False,2.1597896021533062e-07,logistic,False,True,pre,pre,full,none,live,,
4,48,communication,0.0908356766676737,0.15889184163662193,0.27022399107229617,0.18890774040973812,25,4,0.16,25,0,0,0.16,0.0,0.0,True,0.22000721684910407,logistic,False,True,pre,pre,full,none,live,,
4,49,communication,-0.298598745805587,0.28230957940165247,0.2851324876844564,0.39335843324519704,25,18,0.72,25,0,0,0.72,0.0,0.0,True,0.9131430870236497,logistic,False,True,pre,pre,full,none,live,,
5,0,communication,-0.1368443034004615,0.03210629918330292,0.2709727234266542,0.03317130709313637,25,10,0.4,25,0,0,0.4,0.0,0.0,True,0.09895442722805081,logistic,False,True,pre,pre,full,none,live,,
5,1,communication,-0.10084696085104472,1.0,0.20576871598176583,-0.007539513492263887,25,10,0.4,25,0,0,0.4,0.0,0.0,True,0.0,logistic,False,True,pre,pre,full,none,live,,
5,2,communication,1.5580717747283643,1.0,0.11744619139959477,-0.1685216830353824,25,0,0.0,25,0,0,0.0,0.0,0.0,False,0.0,logistic,False,True,pre,pre,full,none,live,,
5,3,communication,2.110563823106477,1.0,0.08794024552772126,-0.05714079891620328,25,0,0.0,25,0,0,0.0,0.0,0.0,False,0.0,logistic,False,True,pre,pre,full,none,live,,
5,4,communication,1.1740146204448627,1.0,0.23043699811684604,-0.133711191106612,25,0,0.0,25,0,0,0.0,0.0,0.0,False,0.0,logistic,False,True,pre,pre,full,none,live,,
5,5,communication,1.3072194557422407,0.21063194369813104,0.2234912835338595,0.2668361634557726,25,0,0.0,25,0,0,0.0,0.0,0.0,False,4.1071287996980195e-06,logistic,False,True,pre,pre,full,none,live,,
5,6,communication,0.2549469999820083,0.12286456863739904,0.2929634054101329,0.1400747983085497,25,2,0.08,25,0,0,0.08,0.0,0.0,False,0.054681784206944105,logistic,False,True,pre,pre,full,none,live,,
5,7,communication,1.0106840362003036,1.0,0.23301544151475467,-0.14674312837162554,25,0,0.0,25,0,0,0.0,0.0,0.0,False,0.0,logistic,False,True,pre,pre,full,none,live,,
5,8,communication,-0.09827080805423904,1.0,0.29941908050388183,-0.09504495363087331,25,14,0.56,25,0,0,0.56,0.0,0.0,True,0.0,logistic,False,True,pre,pre,full,none,live,,
5,9,communication,0.5315457862349121,0.03745786076897938,0.20341893052729706,0.03891555417917042,25,0,0.0,25,0,0,0.0,0.0,0.0,False,0.00030409023178819673,logistic,False,True,pre,pre,full,none,live,,
5,10,communication,-0.1504808840362103,0.07957577410734641,0.2753412358361809,0.08645554068307096,25,15,0.6,25,0,0,0.6,0.0,0.0,True,0.2607368744469055,logistic,False,True,pre,pre,full,none,live,,
5,11,communication,0.718309775129021,1.0,0.194125031726106,-0.04173936600654047,25,0,0.0,25,0,0,0.0,0.0,0.0,False,0.0,logistic,False,True,pre,pre,full,none,live,,
5,12,communication,-0.2338840047007098,0.1667065293324748,0.1622020776372029,0.20005740498474256,25,9,0.36,25,0,0,0.36,0.0,0.0,True,0.6435782015889746,logistic,False,True,pre,pre,full,none,live,,
5,13,communication,0.418234772896538,1.0,0.19233139507437538,-0.0421317980519599,25,0,0.0,25,0,0,0.0,0.0,0.0,False,0.0,logistic,False,True,pre,pre,full,none,live,,
5,14,communication,-1.0220846836596977,1.0,0.1788073013699033,-0.10544109444891958,25,22,0.88,25,0,0,0.88,0.0,0.0,True,0.0,logistic,False,True,pre,pre,full,none,live,,
5,15,communication,-0.23370361150236602,1.0,0.19707303269022836,-0.04850297488300382,25,13,0.52,25,0,0,0.52,0.0,0.0,True,0.0,logistic,False,True,pre,pre,full,none,live,,
5,16,communication,-0.5142076010927823,1.0,0.31630807771846553,-0.13203774348999087,25,14,0.56,25,0,0,0.56,0.0,0.0,True,0.0,logistic,False,True,pre,pre,full,none,live,,
5,17,communication,0.08028112594422965,1.0,0.3009514673265129,-0.0959837534458049,25,8,0.32,25,0,0,0.32,0.0,0.0,True,0.0,logistic,False,True,pre,pre,full,none,live,,
5,18,communication,-0.34414847155728295,0.167164368070747,0.1461130459247187,0.2007171183148263,25,9,0.36,25,0,0,0.36,0.0,0.0,True,0.770029694044839,logistic,False,True,pre,pre,full,none,live,,
5,19,communication,-0.059852358808790196,0.06249551611268042,0.2150866107801641,0.06666156502371659,25,8,0.32,25,0,0,0.32,0.0,0.0,True,0.13001277231742475,logistic,False,True,pre,pre,full,none,live,,
5,20,communication,-0.03220013453415588,1.0,0.27431142787303325,-0.09590631708577144,25,9,0.36,25,0,0,0.36,0.0,0.0,True,0.0,logistic,False,True,pre,pre,full,none,live,,
5,21,communication,-0.055433791343225625,0.03238520067746933,0.17257033112680958,0.03346910433794896,25,9,0.36,25,0,0,0.36,0.0,0.0,True,0.06007914343111173,logistic,False,True,pre,pre,full,none,live,,
5,22,communication,0.5231980502772482,0.10812627728611122,0.141258351582366,0.12123496245308477,25,0,0.0,25,0,0,0.0,0.0,0.0,False,0.0043948515081444735,logistic,False,True,pre,pre,full,none,live,,
5,23,communication,-0.7370488367259876,0.06851141973250298,0.22232187496987366,0.07355046662282048,25,16,0.64,25,0,0,0.64,0.0,0.0,True,0.8845864990282282,logistic,False,True,pre,pre,full,none,live,,
5,24,communication,-0.7699506738615481,1.0,0.13507328745841132,-0.15268348063962767,25,19,0.76,25,0,0,0.76,0.0,0.0,True,0.0,logistic,False,True,pre,pre,full,none,live,,
5,25,communication,0.4599949884361896,0.18726164330719475,0.2138931377211664,0.2304082756339934,25,1,0.04,25,0,0,0.04,0.0,0.0,False,0.03615641129883994,logistic,False,True,pre,pre,full,none,live,,
5,26,communication,0.7382557569234605,1.0,0.2443908694816947,-0.029667739389161167,25,0,0.0,25,0,0,0.0,0.0,0.0,False,0.0,logistic,False,True,pre,pre,full,none,live,,
5,27,communication,0.8120516257756292,1.0,0.24926266752467696,-0.2522623235534206,25,0,0.0,25,0,0,0.0,0.0,0.0,False,0.0,logistic,False,True,pre,pre,full,none,live,,
5,28,communication,-0.21906813455797083,1.0,0.19104449118432978,-0.0819116387240944,25,15,0.6,25,0,0,0.6,0.0,0.0,True,0.0,logistic,False,True,pre,pre,full,none,live,,
5,29,communication,-0.6589027755612061,0.08157427679310052,0.22079415609362255,0.08881967777237854,25,19,0.76,25,0,0,0.76,0.0,0.0,True,0.8585207031987581,logistic,False,True,pre,pre,full,none,live,,
5,30,communication,-0.9276276974771911,1.0,0.24657260934888117,-0.19021505627114751,25,22,0.88,25,0,0,0.88,0.0,0.0,True,0.0,logistic,False,True,pre,pre,full,none,live,,
5,31,communication,1.4054873285382186,0.008716955949553646,0.2556118488365544,0.008793609455817586,25,0,0.0,25,0,0,0.0,0.0,0.0,False,1.0083237524259396e-12,logistic,False,True,pre,pre,full,none,live,,
5,32,communication,1.1195200839917816,0.08556397581030313,0.2599473057990328,0.09357021546272018,25,0,0.0,25,0,0,0.0,0.0,0.0,False,7.35598456623989e-07,logistic,False,True,pre,pre,full,none,live,,
5,33,communication,2.662320835649859,1.0,0.26641079972834625,-0.3314668247158368,25,0,0.0,25,0,0,0.0,0.0,0.0,False,0.0,logistic,False,True,pre,pre,full,none,live,,
5,34,communication,0.5628224768746402,0.08553679099124437,0.27735142926858575,0.09353770621779643,25,0,0.0,25,0,0,0.0,0.0,0.0,False,0.0015396207440598595,logistic,False,True,pre,pre,full,none,live,,
5,35,communication,0.47273638415297453,1.0,0.22136703987265072,-0.12888274602334787,25,1,0.04,25,0,0,0.04,0.0,0.0,False,0.0,logistic,False,True,pre,pre,full,none,live,,
5,36,communication,0.6910599137220369,0.08977459479237011,0.22152207993856052,0.09862897066896499,25,0,0.0,25,0,0,0.0,0.0,0.0,False,0.0004092985450353959,logistic,False,True,pre,pre,full,none,live,,
5,37,communication,0.5341990300413303,0.3001024509479002,0.24912942146542638,0.42878054274420796,25,0,0.0,25,0,0,0.0,0.0,0.0,False,0.09604387979526002,logistic,False,True,pre,pre,full,none,live,,
5,38,communication,0.028659072484603157,0.18320445637425525,0.15280450913383298,0.2242965914836081,25,3,0.12,25,0,0,0.12,0.0,0.0,True,0.3489824274325054,logistic,False,True,pre,pre,full,none,live,,
5,39,communication,-1.294725349702129,0.027985810444529233,0.22294873485945405,0.028791565745895052,25,19,0.76,25,0,0,0.76,0.0,0.0,True,0.9937513253048104,logistic,False,True,pre,pre,full,none,live,,
5,40,communication,-0.020688606147564542,0.15932887139709753,0.22280695090640315,0.18952580382043518,25,7,0.28,25,0,0,0.28,0.0,0.0,True,0.3456241022133909,logistic,False,True,pre,pre,full,none,live,,
5,41,communication,1.2937749984025348,0.1058235674650815,0.16026967947587684,0.11834752473298829,25,0,0.0,25,0,0,0.0,0.0,0.0,False,9.49883040924604e-08,logistic,False,True,pre,pre,full,none,live,,
5,42,communication,-1.0951143559234282,1.0,0.17750953977317346,-0.013036905825489463,25,20,0.8,25,0,0,0.8,0.0,0.0,True,0.0,logistic,False,True,pre,pre,full,none,live,,
5,43,communication,1.0861647936068017,1.0,0.17501339875781483,-0.04250155818531436,25,0,0.0,25,0,0,0.0,0.0,0.0,False,0.0,logistic,False,True,pre,pre,full,none,live,,
5,44,communication,-0.1946973883805888,0.020940022282036543,0.2940128446789273,0.021387885072010074,25,13,0.52,25,0,0,0.52,0.0,0.0,True,0.09410064927486017,logistic,False,True,pre,pre,full,none,live,,
5,45,communication,0.9261084845586226,0.054596020978983244,0.20874733737439458,0.05774888004545784,25,0,0.0,25,0,0,0.0,0.0,0.0,False,3.2894400945481347e-06,logistic,False,True,pre,pre,full,none,live,,
5,46,communication,0.40189069947874256,0.07714284813681939,0.20470280209747266,0.08359132069472903,25,3,0.12,25,0,0,0.12,0.0,0.0,False,0.006087200995914693,logistic,False,True,pre,pre,full,none,live,,
5,47,communication,0.25319733580196047,1.0,0.18232508267898895,-0.15719474247301396,25,2,0.08,25,0,0,0.08,0.0,0.0,False,0.0,logistic,False,True,pre,pre,full,none,live,,
5,48,communication,-1.7202337937194663,1.0,0.13649145323228998,-0.01990163631444724,25,17,0.68,25,0,0,0.68,0.0,0.0,True,0.0,logistic,False,True,pre,pre,full,none,live,,
5,49,communication,-0.18005474038172692,0.10126452127936825,0.3022651229452192,0.11267444501414406,25,16,0.64,25,0,0,0.64,0.0,0.0,True,0.36819099133217414,logistic,False,True,pre,pre,full,none,live,,
6,0,communication,-2.3975417220327713,0.02791012496817256,-0.10093086088896754,0.028711465559970728,25,20,0.8,25,0,0,0.8,0.0,0.0,True,0.9999999996637013,logistic,False,True,pre,pre,full,none,live,,
6,1,communication,1.4656113346104158,0.09104041195687089,-0.11701511570883431,0.10015892142451455,25,0,0.0,25,0,0,0.0,0.0,0.0,False,1.6465363737560708e-09,logistic,False,True,pre,pre,full,none,live,,
6,2,communication,0.493767914391922,0.18827329273446525,-0.07286382932239191,0.23194172502799845,25,0,0.0,25,0,0,0.0,0.0,0.0,False,0.02854686147015261,logistic,False,True,pre,pre,full,none,live,,
6,3,communication,-1.1097853967719007,0.31918934160209766,-0.1469125293097835,0.46883716884400817,25,19,0.76,25,0,0,0.76,0.0,0.0,True,0.9999911974516149,logistic,False,True,pre,pre,full,none,live,,
6,4,communication,0.3646167694011161,0.14790745384806112,-0.0209004802176129,0.17358144313785293,25,1,0.04,25,0,0,0.04,0.0,0.0,False,0.03854594602789224,logistic,False,True,pre,pre,full,none,live,,
6,5,communication,-0.2697594372110288,0.01033614329340506,-0.11512505053675501,0.010444094955434358,25,8,0.32,25,0,0,0.32,0.0,0.0,True,0.08375255490732902,logistic,False,True,pre,pre,full,none,live,,
6,6,communication,-1.246718807743687,0.2526815635335328,-0.07135506995604832,0.33811766337290255,25,16,0.64,25,0,0,0.64,0.0,0.0,True,0.9999926094748406,logistic,False,True,pre,pre,full,none,live,,
6,7,communication,-1.931471335070416,0.30410667346156134,-0.13030135863763412,0.4370018533936374,25,22,0.88,25,0,0,0.88,0.0,0.0,True,0.9999999999980298,logistic,False,True,pre,pre,full,none,live,,
6,8,communication,-0.4206713065272364,0.23642741991929717,-0.09876565877421004,0.30963319805735934,25,11,0.44,25,0,0,0.44,0.0,0.0,True,0.929555332080646,logistic,False,True,pre,pre,full,none,live,,
6,9,communication,-0.24218397485109688,0.23391351679891054,-0.03773961676801124,0.3053356532561491,25,7,0.28,25,0,0,0.28,0.0,0.0,True,0.8053734035014415,logistic,False,True,pre,pre,full,none,live,,
6,10,communication,-0.9116655062754153,0.15162697629242122,-0.16144696676558967,0.1787267770841859,25,19,0.76,25,0,0,0.76,0.0,0.0,True,0.9940454733184501,logistic,False,True,pre,pre,full,none,live,,
6,11,communication,0.00915454586124373,0.21808672541725485,-0.18124459129156462,0.2789142127477413,25,1,0.04,25,0,0,0.04,0.0,0.0,True,0.4672316868111504,logistic,False,True,pre,pre,full,none,live,,
6,12,communication,0.40081007697251214,0.3290096742027917,-0.14499574887594593,0.49033445275368615,25,0,0.0,25,0,0,0.0,0.0,0.0,False,0.24762451055093765,logistic,False,True,pre,pre,full,none,live,,
6,13,communication,0.950442499912048,1.0,-0.032825238461002146,-0.07262951183543531,25,0,0.0,25,0,0,0.0,0.0,0.0,False,0.0,logistic,False,True,pre,pre,full,none,live,,
6,14,communication,-0.9294843002496764,0.1350454457876397,-0.13264586607960094,0.15613010548353487,25,17,0.68,25,0,0,0.68,0.0,0.0,True,0.9927690163316193,logistic,False,True,pre,pre,full,none,live,,
6,15,communication,-0.18687333868140027,0.1919738196221258,-0.07414899357981963,0.23758366286145466,25,6,0.24,25,0,0,0.24,0.0,0.0,True,0.6525367129210913,logistic,False,True,pre,pre,full,none,live,,
6,16,communication,-0.9874317362181178,0.2591201132433158,-0.19373428945706878,0.3497464540138267,25,17,0.68,25,0,0,0.68,0.0,0.0,True,0.9997751975820975,logistic,False,True,pre,pre,full,none,live,,
6,17,communication,0.42393696834972583,0.27380651466663564,-0.07491851249359684,0.37704347422084455,25,0,0.0,25,0,0,0.0,0.0,0.0,False,0.1352796134649485,logistic,False,True,pre,pre,full,none,live,,
6,18,communication,-0.642160698091459,0.36539694476097595,-0.14711127382336636,0.5757881903410451,25,12,0.48,25,0,0,0.48,0.0,0.0,True,0.9987127964162034,logistic,False,True,pre,pre,full,none,live,,
6,19,communication,-0.04023430610074888,0.34702212295242924,-0.05742557944571875,0.531445451906402,25,2,0.08,25,0,0,0.08,0.0,0.0,True,0.8152691356191474,logistic,False,True,pre,pre,full,none,live,,
6,20,communication,-1.13359836201811,0.2358557211785916,-0.14794863631294303,0.3086533887845995,25,16,0.64,25,0,0,0.64,0.0,0.0,True,0.9999397605754492,logistic,False,True,pre,pre,full,none,live,,
6,21,communication,0.3977302686352774,0.3120051706273206,-0.007345312795841635,0.45349929578949016,25,0,0.0,25,0,0,0.0,0.0,0.0,False,0.21889665206109565,logistic,False,True,pre,pre,full,none,live,,
6,22,communication,-0.4748707235798041,0.16041546935839085,-0.1440569824611469,0.19106529897091076,25,10,0.4,25,0,0,0.4,0.0,0.0,True,0.8696776979439198,logistic,False,True,pre,pre,full,none,live,,
6,23,communication,-0.017164445877998924,0.029094054164940986,-0.09413814542088755,0.029965883193678156,25,4,0.16,25,0,0,0.16,0.0,0.0,True,0.04092221500265847,logistic,False,True,pre,pre,full,none,live,,
6,24,communication,1.0681407139250867,0.335970196635634,-0.08897531628309145,0.5059565021530829,25,0,0.0,25,0,0,0.0,0.0,0.0,False,0.0020912780518315965,logistic,False,True,pre,pre,full,none,live,,
6,25,communication,0.9339192305911985,0.1653254513390092,-0.12027339054684343,0.19807175336091065,25,0,0.0,25,0,0,0.0,0.0,0.0,False,0.00020405515262149766,logistic,False,True,pre,pre,full,none,live,,
6,26,communication,-1.4458961732689304,0.2814061685416734,-0.06571609636737702,0.391606713309218,25,23,0.92,25,0,0,0.92,0.0,0.0,True,0.9999998884638597,logistic,False,True,pre,pre,full,none,live,,
6,27,communication,-1.2123972145741284,0.3494440112961577,-0.13782170676176006,0.5371467135248182,25,23,0.92,25,0,0,0.92,0.0,0.0,True,0.9999992797418833,logistic,False,True,pre,pre,full,none,live,,
6,28,communication,1.3174126638585848,0.42705940826953664,-0.18800629202905395,0.7453816581221466,25,0,0.0,25,0,0,0.0,0.0,0.0,False,0.0008115873087466119,logistic,False,True,pre,pre,full,none,live,,
6,29,communication,0.9601921782003368,0.1957906520044811,-0.07153880977626297,0.24345731928195896,25,0,0.0,25,0,0,0.0,0.0,0.0,False,0.00033111322797735153,logistic,False,True,pre,pre,full,none,live,,
6,30,communication,-0.35938894325637855,0.19986120015007866,-0.030825621410827522,0.24978316285570173,25,15,0.6,25,0,0,0.6,0.0,0.0,True,0.8466213881644973,logistic,False,True,pre,pre,full,none,live,,
6,31,communication,0.19940440209729143,0.30338192255586494,-0.12150310150173527,0.4355068184118355,25,1,0.04,25,0,0,0.04,0.0,0.0,False,0.4332497130488519,logistic,False,True,pre,pre,full,none,live,,
6,32,communication,1.0413942296463587,0.30541728293105613,-0.14480009628445611,0.43971333496445253,25,0,0.0,25,0,0,0.0,0.0,0.0,False,0.0015275490503351026,logistic,False,True,pre,pre,full,none,live,,
6,33,communication,-1.0911830370834779,1.0,-0.16458531920813044,-0.02614933760756566,25,19,0.76,25,0,0,0.76,0.0,0.0,True,0.0,logistic,False,True,pre,pre,full,none,live,,
6,34,communication,-1.9717144533673265,0.3798116476755226,-0.06458093868348969,0.6124133841791475,25,21,0.84,25,0,0,0.84,0.0,0.0,True,0.9999999999999751,logistic,False,True,pre,pre,full,none,live,,
6,35,communication,-2.199236244127945,0.1793499389208805,-0.17063117269263742,0.21854618360113573,25,24,0.96,25,0,0,0.96,0.0,0.0,True,0.999999999998815,logistic,False,True,pre,pre,full,none,live,,
6,36,communication,-0.8806327630357215,0.3467257875649004,0.007415780211137743,0.5307507643267739,25,17,0.68,25,0,0,0.68,0.0,0.0,True,0.9998909273362125,logistic,False,True,pre,pre,full,none,live,,
6,37,communication,2.544241190229987,0.13629146340895515,-0.0704633766505701,0.1577979811880538,25,0,0.0,25,0,0,0.0,0.0,0.0,False,3.6323682721909495e-20,logistic,False,True,pre,pre,full,none,live,,
6,38,communication,-1.1784143461062675,0.28310990629284977,0.015038756523063038,0.3949139607005091,25,19,0.76,25,0,0,0.76,0.0,0.0,True,0.9999913873501672,logistic,False,True,pre,pre,full,none,live,,
6,39,communication,-0.48997317072576846,0.29753843106290695,-0.1510880473954015,0.4235654222523768,25,6,0.24,25,0,0,0.24,0.0,0.0,True,0.9818497431299903,logistic,False,True,pre,pre,full,none,live,,
6,40,communication,-0.1252368295430488,0.24062588495354167,-0.1748423127364186,0.31687396263015927,25,4,0.16,25,0,0,0.16,0.0,0.0,True,0.6968114280888441,logistic,False,True,pre,pre,full,none,live,,
6,41,communication,-1.2536436060629899,0.21566021819550377,-0.10833555417081138,0.2749576436112213,25,19,0.76,25,0,0,0.76,0.0,0.0,True,0.9999802807975596,logistic,False,True,pre,pre,full,none,live,,
6,42,communication,0.19161302912743547,0.16108845419277631,-0.1475288318778075,0.19202078574061415,25,0,0.0,25,0,0,0.0,0.0,0.0,False,0.13747306676814863,logistic,False,True,pre,pre,full,none,live,,
6,43,communication,0.9718887072721925,0.30735549874596235,-0.14489604772598602,0.44374206131643745,25,0,0.0,25,0,0,0.0,0.0,0.0,False,0.0032792205527762434,logistic,False,True,pre,pre,full,none,live,,
6,44,communication,-2.0240479725206293,0.18657952769030642,-0.0652667331802679,0.22937648367825936,25,19,0.76,25,0,0,0.76,0.0,0.0,True,0.9999999999535844,logistic,False,True,pre,pre,full,none,live,,
6,45,communication,-1.4388461420991685,0.360273893974995,-0.1050816819806304,0.5631689727555264,25,18,0.72,25,0,0,0.72,0.0,0.0,True,0.9999999914648411,logistic,False,True,pre,pre,full,none,live,,
6,46,communication,-1.1622936868054512,0.19256564842086027,-0.054107752464929035,0.2384907801411347,25,20,0.8,25,0,0,0.8,0.0,0.0,True,0.9998677096889447,logistic,False,True,pre,pre,full,none,live,,
6,47,communication,1.6043053850091828,0.3389113404742737,-0.2028687707828401,0.5126564124052788,25,0,0.0,25,0,0,0.0,0.0,0.0,False,1.7984015108531527e-06,logistic,False,True,pre,pre,full,none,live,,
6,48,communication,-0.2716977366584903,0.31360945060107825,-0.07780040120981613,0.4568965159495696,25,10,0.4,25,0,0,0.4,0.0,0.0,True,0.9285912254605451,logistic,False,True,pre,pre,full,none,live,,
6,49,communication,0.09795540140180033,0.20679937309534718,-0.05981636403345102,0.26071509033263235,25,1,0.04,25,0,0,0.04,0.0,0.0,False,0.3246395900960332,logistic,False,True,pre,pre,full,none,live,,
7,0,communication,1.3049332485859126,0.3914849276107014,-0.23623148236505614,0.6433446686432251,25,0,0.0,25,0,0,0.0,0.0,0.0,False,0.00044963824771333767,logistic,False,True,pre,pre,full,none,live,,
7,1,communication,0.021053719865935683,0.42749408464779926,-0.31958058803037537,0.7467068429935936,25,2,0.08,25,0,0,0.08,0.0,0.0,True,0.8794102146990732,logistic,False,True,pre,pre,full,none,live,,
7,2,communication,-0.7805249272396219,0.4287799837972867,-0.3049784977436675,0.7506389335718275,25,12,0.48,25,0,0,0.48,0.0,0.0,True,0.9999413101933768,logistic,False,True,pre,pre,full,none,live,,
7,3,communication,0.03742058823738298,0.36220669994570515,-0.30445792390502735,0.5679060910719362,25,0,0.0,25,0,0,0.0,0.0,0.0,False,0.767321349420947,logistic,False,True,pre,pre,full,none,live,,
7,4,communication,0.2000217664595827,0.35166828028329383,-0.32103603291360905,0.542420291323951,25,0,0.0,25,0,0,0.0,0.0,0.0,False,0.54960681702938,logistic,False,True,pre,pre,full,none,live,,
7,5,communication,-0.6339508645217076,0.30177980129491744,-0.2933994266021096,0.4322129349087831,25,9,0.36,25,0,0,0.36,0.0,0.0,True,0.9953362817227481,logistic,False,True,pre,pre,full,none,live,,
7,6,communication,-1.299691649512207,0.3796299590926053,-0.33606168525516017,0.6119411545685428,25,14,0.56,25,0,0,0.56,0.0,0.0,True,0.9999999392703407,logistic,False,True,pre,pre,full,none,live,,
7,7,communication,-0.2328177383023434,0.36465006346059137,-0.2550854638737831,0.5739357832421431,25,0,0.0,25,0,0,0.0,0.0,0.0,True,0.9500669037681709,logistic,False,True,pre,pre,full,none,live,,
7,8,communication,-0.5014982294574741,0.28085618555276715,-0.2508793534232298,0.3905424477142255,25,10,0.4,25,0,0,0.4,0.0,0.0,True,0.9786968054726715,logistic,False,True,pre,pre,full,none,live,,
7,9,communication,0.46834432757851746,0.3749902705712593,-0.3228108590796473,0.5999750930501525,25,0,0.0,25,0,0,0.0,0.0,0.0,False,0.26439793078105206,logistic,False,True,pre,pre,full,none,live,,
7,10,communication,-0.7099832898000147,0.40640808272276374,-0.36581407286514184,0.6846590576686566,25,12,0.48,25,0,0,0.48,0.0,0.0,True,0.999753480487008,logistic,False,True,pre,pre,full,none,live,,
7,11,communication,-1.1519747213213098,0.3086348458384667,-0.2931085716126755,0.44641365562134766,25,17,0.68,25,0,0,0.68,0.0,0.0,True,0.9999937584452115,logistic,False,True,pre,pre,full,none,live,,
7,12,communication,-0.20773295855668464,0.4068120946773489,-0.3124826675519584,0.6858064553020053,25,1,0.04,25,0,0,0.04,0.0,0.0,True,0.9650632868335888,logistic,False,True,pre,pre,full,none,live,,
7,13,communication,0.04811376488391661,0.39553204493828853,-0.2767178401688178,0.6543474168087334,25,1,0.04,25,0,0,0.04,0.0,0.0,False,0.8141067146327241,logistic,False,True,pre,pre,full,none,live,,
7,14,communication,-0.7526144891557325,0.4064351185167032,-0.3142895170387332,0.6847357908052727,25,13,0.52,25,0,0,0.52,0.0,0.0,True,0.9998565077659185,logistic,False,True,pre,pre,full,none,live,,
7,15,communication,-1.476088567512342,0.3202259622667777,-0.252503331244915,0.47107707045506575,25,16,0.64,25,0,0,0.64,0.0,0.0,True,0.9999999831124182,logistic,False,True,pre,pre,full,none,live,,
7,16,communication,-1.1883576148737443,0.3639592091771713,-0.309583029941456,0.5722262069172123,25,16,0.64,25,0,0,0.64,0.0,0.0,True,0.999999305210662,logistic,False,True,pre,pre,full,none,live,,
7,17,communication,0.6310622590076188,0.35408088156730316,-0.36469802984802935,0.548181454090521,25,0,0.0,25,0,0,0.0,0.0,0.0,False,0.09721287606496432,logistic,False,True,pre,pre,full,none,live,,
7,18,communication,-0.7413325743259457,0.3365632820464066,-0.3264699632845223,0.507302765943607,25,12,0.48,25,0,0,0.48,0.0,0.0,True,0.9992407518717928,logistic,False,True,pre,pre,full,none,live,,
7,19,communication,-0.09995496113532798,0.47198453543595753,-0.2403187742140873,0.8938839240734227,25,2,0.08,25,0,0,0.08,0.0,0.0,True,0.9668346883003214,logistic,False,True,pre,pre,full,none,live,,
7,20,communication,0.3457214330132944,0.43560867154463145,-0.2729330941422915,0.7718202771414107,25,0,0.0,25,0,0,0.0,0.0,0.0,False,0.5546868393315154,logistic,False,True,pre,pre,full,none,live,,
7,21,communication,-1.3686065190560799,0.4181613661241983,-0.3385344241805645,0.718689584668347,25,18,0.72,25,0,0,0.72,0.0,0.0,True,0.9999999955191449,logistic,False,True,pre,pre,full,none,live,,
7,22,communication,-1.2439560610979195,0.42278880766141835,-0.2490646011203609,0.7324681386521315,25,18,0.72,25,0,0,0.72,0.0,0.0,True,0.9999999586306786,logistic,False,True,pre,pre,full,none,live,,
7,23,communication,0.49761076747009897,0.25285435265184536,-0.3128937196848833,0.3384271240143093,25,0,0.0,25,0,0,0.0,0.0,0.0,False,0.06925144763926504,logistic,False,True,pre,pre,full,none,live,,
7,24,communication,0.30812423442611425,0.39053059032099185,-0.398522331904935,0.6407714384331025,25,0,0.0,25,0,0,0.0,0.0,0.0,False,0.4987040192656895,logistic,False,True,pre,pre,full,none,live,,
7,25,communication,-1.3072513093185745,0.4474639865504762,-0.2749582866810245,0.8098367810578082,25,18,0.72,25,0,0,0.72,0.0,0.0,True,0.9999999945782994,logistic,False,True,pre,pre,full,none,live,,
7,26,communication,-1.7525148156620411,0.34664264597736855,-0.2047072268558666,0.5305559719243037,25,20,0.8,25,0,0,0.8,0.0,0.0,True,0.9999999999798256,logistic,False,True,pre,pre,full,none,live,,
7,27,communication,-1.289926644862791,0.32855306514781346,-0.3174738137373623,0.4893209695270136,25,18,0.72,25,0,0,0.72,0.0,0.0,True,0.9999996308729143,logistic,False,True,pre,pre,full,none,live,,
7,28,communication,-0.6799285307088767,0.43691996098271607,-0.3407747350325039,0.7759464564669192,25,10,0.4,25,0,0,0.4,0.0,0.0,True,0.9998174086290096,logistic,False,True,pre,pre,full,none,live,,
7,29,communication,0.9964755323675872,0.4131702122834989,-0.35610830329353804,0.7040716421217228,25,0,0.0,25,0,0,0.0,0.0,0.0,False,0.015241826067062772,logistic,False,True,pre,pre,full,none,live,,
7,30,communication,-0.03773672303000669,0.3271255449785164,-0.32268719961059117,0.4861613374341458,25,0,0.0,25,0,0,0.0,0.0,0.0,True,0.7788583416077511,logistic,False,True,pre,pre,full,none,live,,
7,31,communication,-0.34299579581083484,0.4224240344158199,-0.2637385945175847,0.731373982967878,25,6,0.24,25,0,0,0.24,0.0,0.0,True,0.9907561630746061,logistic,False,True,pre,pre,full,none,live,,
7,32,communication,-0.6678466040988508,0.24681636086907302,-0.30342574038728504,0.32769745390893784,25,11,0.44,25,0,0,0.44,0.0,0.0,True,0.9909687435026326,logistic,False,True,pre,pre,full,none,live,,
7,33,communication,-2.015773135500474,0.38462404722932775,-0.23434750241886762,0.6250228750369498,25,20,0.8,25,0,0,0.8,0.0,0.0,True,0.9999999999999936,logistic,False,True,pre,pre,full,none,live,,
7,34,communication,-0.6794934898236702,0.28282337284874287,-0.29210107203715996,0.39435665098591344,25,11,0.44,25,0,0,0.44,0.0,0.0,True,0.995771376114178,logistic,False,True,pre,pre,full,none,live,,
7,35,communication,-1.7309647291265173,0.427777668439978,-0.2567984527380362,0.7475724816152289,25,23,0.92,25,0,0,0.92,0.0,0.0,True,0.9999999999988402,logistic,False,True,pre,pre,full,none,live,,
7,36,communication,-1.2995511655672702,0.41131865822304897,-0.34593394427986224,0.6987118990071473,25,21,0.84,25,0,0,0.84,0.0,0.0,True,0.999999978582367,logistic,False,True,pre,pre,full,none,live,,
7,37,communication,0.6649419798515086,0.39929035268248914,-0.3913533749565676,0.6646977528420488,25,0,0.0,25,0,0,0.0,0.0,0.0,False,0.12699951839309165,logistic,False,True,pre,pre,full,none,live,,
7,38,communication,-0.417022830110497,0.46169555692755637,-0.26148379400306354,0.8576848340548111,25,6,0.24,25,0,0,0.24,0.0,0.0,True,0.9976935969484516,logistic,False,True,pre,pre,full,none,live,,
7,39,communication,0.26557189205220355,0.2321755385928867,-0.2591534664138767,0.3023810131907003,25,0,0.0,25,0,0,0.0,0.0,0.0,False,0.19960801610682938,logistic,False,True,pre,pre,full,none,live,,
7,40,communication,1.059343158562029,0.44287466893497524,-0.3012816737039326,0.7949282580426866,25,0,0.0,25,0,0,0.0,0.0,0.0,False,0.013953906882066975,logistic,False,True,pre,pre,full,none,live,,
7,41,communication,-0.4411122530486368,0.3673046056403165,-0.2623758232738819,0.5805394016058002,25,8,0.32,25,0,0,0.32,0.0,0.0,True,0.9907566308207197,logistic,False,True,pre,pre,full,none,live,,
7,42,communication,-1.9286208414629473,0.44236466048162254,-0.3165311530372341,0.7932866321988977,25,19,0.76,25,0,0,0.76,0.0,0.0,True,0.9999999999999957,logistic,False,True,pre,pre,full,none,live,,
7,43,communication,-1.1737421731869746,0.373373398144232,-0.30555336495701574,0.595846708452017,25,17,0.68,25,0,0,0.68,0.0,0.0,True,0.9999993313204228,logistic,False,True,pre,pre,full,none,live,,
7,44,communication,0.04032257105478981,0.41730656498558727,-0.3168967724077974,0.7161682969283245,25,1,0.04,25,0,0,0.04,0.0,0.0,False,0.8526402712433594,logistic,False,True,pre,pre,full,none,live,,
7,45,communication,-1.84624559549194,0.37744186875685803,-0.25793583222097183,0.6062757031269855,25,19,0.76,25,0,0,0.76,0.0,0.0,True,0.9999999999993766,logistic,False,True,pre,pre,full,none,live,,
7,46,communication,-0.5344223446825542,0.39146957949257816,-0.2195046359413881,0.6433032208416994,25,11,0.44,25,0,0,0.44,0.0,0.0,True,0.9975291948516224,logistic,False,True,pre,pre,full,none,live,,
7,47,communication,0.11993784503545901,0.36239670058647644,-0.2657488412295932,0.5683733144414622,25,0,0.0,25,0,0,0.0,0.0,0.0,False,0.6758540394721309,logistic,False,True,pre,pre,full,none,live,,
7,48,communication,-0.35208462503479354,0.4120963170414992,-0.3910613434301389,0.7009588968174374,25,5,0.2,25,0,0,0.2,0.0,0.0,True,0.9899670687058486,logistic,False,True,pre,pre,full,none,live,,
7,49,communication,0.7557558969565854,0.3893112443632371,-0.3137242533597993,0.637495353844044,25,0,0.0,25,0,0,0.0,0.0,0.0,False,0.06647152526887841,logistic,False,True,pre,pre,full,none,live,,
8,0,communication,1.351594063939833,0.47810152452707394,0.17622483811207446,0.9160814736886042,25,0,0.0,25,0,0,0.0,0.0,0.0,False,0.001505754397478261,logistic,False,True,pre,pre,full,none,live,,
8,1,communication,-0.4583179603724244,0.4865175668646495,0.06692395715164516,0.9474862925571724,25,13,0.52,25,0,0,0.52,0.0,0.0,True,0.9990822997321582,logistic,False,True,pre,pre,full,none,live,,
8,2,communication,0.4505331335056318,0.44958369416462596,0.1288568712871792,0.816806641442584,25,0,0.0,25,0,0,0.0,0.0,0.0,False,0.4483314712010056,logistic,False,True,pre,pre,full,none,live,,
8,3,communication,-1.0988846050424432,0.4594527242820231,0.19130774668813438,0.8499769491424396,25,16,0.64,25,0,0,0.64,0.0,0.0,True,0.9999998234489438,logistic,False,True,pre,pre,full,none,live,,
8,4,communication,0.9620631080145644,0.447095519141004,0.1604319457611529,0.808630666994041,25,0,0.0,25,0,0,0.0,0.0,0.0,False,0.032188381485902556,logistic,False,True,pre,pre,full,none,live,,
8,5,communication,-1.126428507255869,0.5024303809533383,0.20240602648476902,1.0097690086384086,25,15,0.6,25,0,0,0.6,0.0,0.0,True,0.9999999726971545,logistic,False,True,pre,pre,full,none,live,,
8,6,communication,-1.0397963959945467,0.34964651994814366,0.11087570236522754,0.5376253540155799,25,20,0.8,25,0,0,0.8,0.0,0.0,True,0.9999890801426463,logistic,False,True,pre,pre,full,none,live,,
8,7,communication,-1.2499300914328872,0.4286160016100699,0.16222080297906066,0.750136515579439,25,21,0.84,25,0,0,0.84,0.0,0.0,True,0.9999999693992597,logistic,False,True,pre,pre,full,none,live,,
8,8,communication,0.04801266279967878,0.3910609651055272,0.10105075906326487,0.6422005204072634,25,6,0.24,25,0,0,0.24,0.0,0.0,True,0.8070124152927067,logistic,False,True,pre,pre,full,none,live,,
8,9,communication,1.2199565587009817,0.40591761985285857,0.0990049379340642,0.6832682358839215,25,0,0.0,25,0,0,0.0,0.0,0.0,False,0.0015810588113842508,logistic,False,True,pre,pre,full,none,live,,
8,10,communication,-0.8259121388907966,0.5203729435558009,0.19114753758510122,1.084953270596698,25,18,0.72,25,0,0,0.72,0.0,0.0,True,0.9999971699831817,logistic,False,True,pre,pre,full,none,live,,
8,11,communication,0.2325813165972061,0.43228782145176614,0.14892679033021164,0.7614559591749855,25,3,0.12,25,0,0,0.12,0.0,0.0,False,0.6897478819428637,logistic,False,True,pre,pre,full,none,live,,
8,12,communication,-0.06070342541714269,0.36629639946646475,0.1384527685567885,0.57802480395893,25,5,0.2,25,0,0,0.2,0.0,0.0,True,0.860296889153128,logistic,False,True,pre,pre,full,none,live,,
8,13,communication,-1.01908607357522,0.47646394287829136,0.19476747546455014,0.9100881140790763,25,20,0.8,25,0,0,0.8,0.0,0.0,True,0.9999995806425048,logistic,False,True,pre,pre,full,none,live,,
8,14,communication,0.9184884945295685,0.42864440956468924,0.217128181809643,0.750223532840746,25,0,0.0,25,0,0,0.0,0.0,0.0,False,0.03494367705254811,logistic,False,True,pre,pre,full,none,live,,
8,15,communication,-0.58961174716895,0.465024174846667,0.06024080685035592,0.8692433433106691,25,19,0.76,25,0,0,0.76,0.0,0.0,True,0.9996956064533012,logistic,False,True,pre,pre,full,none,live,,
8,16,communication,0.5488893253074929,0.35460922679152546,0.23766462424235574,0.5494488634050851,25,0,0.0,25,0,0,0.0,0.0,0.0,False,0.15374420980920545,logistic,False,True,pre,pre,full,none,live,,
8,17,communication,0.18571177321764426,0.43488661350297636,0.16944787213372137,0.7695563826557255,25,3,0.12,25,0,0,0.12,0.0,0.0,False,0.7474977484512968,logistic,False,True,pre,pre,full,none,live,,
8,18,communication,1.4787593022658594,0.43227188729518184,0.16047706903699943,0.7614065212231885,25,0,0.0,25,0,0,0.0,0.0,0.0,False,0.00012665777343670454,logistic,False,True,pre,pre,full,none,live,,
8,19,communication,0.2601956237593839,0.5120959107341054,0.2274577917199166,1.0495831496403527,25,4,0.16,25,0,0,0.16,0.0,0.0,False,0.807847672625964,logistic,False,True,pre,pre,full,none,live,,
8,20,communication,0.9102006804382363,0.4686170404820048,0.18038474524822046,0.8818819498974453,25,0,0.0,25,0,0,0.0,0.0,0.0,False,0.060487733537540916,logistic,False,True,pre,pre,full,none,live,,
8,21,communication,-0.028879370037600105,0.5097196189070218,0.157162929034451,1.0396492263686097,25,7,0.28,25,0,0,0.28,0.0,0.0,True,0.9655973318234179,logistic,False,True,pre,pre,full,none,live,,
8,22,communication,-1.1977294330235624,0.42375030360147836,0.20331090187703113,0.7353588318568449,25,18,0.72,25,0,0,0.72,0.0,0.0,True,0.9999999069059916,logistic,False,True,pre,pre,full,none,live,,
8,23,communication,1.6568313753319615,0.4559639928213975,0.08442542493450302,0.8381136299893994,25,0,0.0,25,0,0,0.0,0.0,0.0,False,1.948539658286451e-05,logistic,False,True,pre,pre,full,none,live,,
8,24,communication,-1.9134236384972922,0.4584919519848177,0.1884015799245962,0.8466946219273234,25,22,0.88,25,0,0,0.88,0.0,0.0,True,0.999999999999997,logistic,False,True,pre,pre,full,none,live,,
8,25,communication,-1.1835814197073695,0.5092247386546621,0.12179677109494347,1.0375925169063123,25,18,0.72,25,0,0,0.72,0.0,0.0,True,0.9999999926835157,logistic,False,True,pre,pre,full,none,live,,
8,26,communication,1.0794278190209798,0.45814516288637475,0.19343241712176054,0.8455127305439244,25,0,0.0,25,0,0,0.0,0.0,0.0,False,0.014775764125371868,logistic,False,True,pre,pre,full,none,live,,
8,27,communication,1.3406705878247644,0.48491738161024117,0.0835825324489725,0.9414361197552741,25,0,0.0,25,0,0,0.0,0.0,0.0,False,0.001924211226070045,logistic,False,True,pre,pre,full,none,live,,
8,28,communication,-0.2758813820749524,0.4287718906796982,0.26811445366829545,0.7506141306489438,25,18,0.72,25,0,0,0.72,0.0,0.0,True,0.9849716561132632,logistic,False,True,pre,pre,full,none,live,,
8,29,communication,1.8053054757010694,0.41828635364122,0.15786626157555006,0.7190588638576241,25,0,0.0,25,0,0,0.0,0.0,0.0,False,6.837754978674234e-07,logistic,False,True,pre,pre,full,none,live,,
8,30,communication,0.10218200758693097,0.514352663236306,0.19795765622435024,1.0591073486861913,25,3,0.12,25,0,0,0.12,0.0,0.0,True,0.9207134358915794,logistic,False,True,pre,pre,full,none,live,,
8,31,communication,0.10831813970056825,0.3759042446552898,0.1663078246954997,0.602318220298846,25,4,0.16,25,0,0,0.16,0.0,0.0,True,0.7175903556574297,logistic,False,True,pre,pre,full,none,live,,
8,32,communication,-0.41442469830709894,0.4775543192923565,0.2864930690756765,0.9140745859847431,25,18,0.72,25,0,0,0.72,0.0,0.0,True,0.9982327551196104,logistic,False,True,pre,pre,full,none,live,,
8,33,communication,-0.7084342097222027,0.4711972093797649,0.1637137227409442,0.8910641504502946,25,14,0.56,25,0,0,0.56,0.0,0.0,True,0.9999432702842305,logistic,False,True,pre,pre,full,none,live,,
8,34,communication,1.117664477116863,0.49595128416198564,0.0730725876479566,0.9839352201055286,25,1,0.04,25,0,0,0.04,0.0,0.0,False,0.018647220273581688,logistic,False,True,pre,pre,full,none,live,,
8,35,communication,0.2595543569399271,0.4314020843855449,0.10066808419037926,0.7587120398064604,25,2,0.08,25,0,0,0.08,0.0,0.0,False,0.655429134148283,logistic,False,True,pre,pre,full,none,live,,
8,36,communication,-0.753291813419199,0.4915103062680701,0.14648177214304967,0.966608197426296,25,17,0.68,25,0,0,0.68,0.0,0.0,True,0.9999817080303368,logistic,False,True,pre,pre,full,none,live,,
8,37,communication,0.27617176996165516,0.4253187603579518,0.15268032696641182,0.7400950840554151,25,2,0.08,25,0,0,0.08,0.0,0.0,False,0.6212827834278987,logistic,False,True,pre,pre,full,none,live,,
8,38,communication,-0.42319782551808693,0.473569862417614,0.1384847078479554,0.8995872929928913,25,18,0.72,25,0,0,0.72,0.0,0.0,True,0.9982662085239602,logistic,False,True,pre,pre,full,none,live,,
8,39,communication,1.9182787752000823,0.4846673373228323,0.14617414871470855,0.9404941165672905,25,0,0.0,25,0,0,0.0,0.0,0.0,False,7.281250390309037e-07,logistic,False,True,pre,pre,full,none,live,,
8,40,communication,-0.29149011739265995,0.4929498192641737,0.24740933568096501,0.9721913885304403,25,16,0.64,25,0,0,0.64,0.0,0.0,True,0.995299637756015,logistic,False,True,pre,pre,full,none,live,,
8,41,communication,1.453402299643935,0.45202469318905264,0.23682852557536535,0.8248997492600557,25,0,0.0,25,0,0,0.0,0.0,0.0,False,0.00027162341988153083,logistic,False,True,pre,pre,full,none,live,,
8,42,communication,-0.25178831573635885,0.47601602127081716,0.24268547460995105,0.9084552974793194,25,15,0.6,25,0,0,0.6,0.0,0.0,True,0.9910058598372558,logistic,False,True,pre,pre,full,none,live,,
8,43,communication,-0.5510645157372909,0.5142923023016391,0.12301873006412842,1.058851454771528,25,12,0.48,25,0,0,0.48,0.0,0.0,True,0.9998327622954929,logistic,False,True,pre,pre,full,none,live,,
8,44,communication,-1.9279004418206824,0.4976629909949065,0.1253000842395932,0.99069545359709,25,17,0.68,25,0,0,0.68,0.0,0.0,True,0.9999999999999997,logistic,False,True,pre,pre,full,none,live,,
8,45,communication,-0.6919061127724873,0.5001883010884421,0.1977222752262874,1.0007534881190345,25,13,0.52,25,0,0,0.52,0.0,0.0,True,0.999964680035121,logistic,False,True,pre,pre,full,none,live,,
8,46,communication,0.9887701869668631,0.44924653610108134,0.15206450994713294,0.8156944359836706,25,0,0.0,25,0,0,0.0,0.0,0.0,False,0.02705359979892945,logistic,False,True,pre,pre,full,none,live,,
8,47,communication,0.16641936695780446,0.42498997209510786,0.2102875497643545,0.7391001051644305,25,4,0.16,25,0,0,0.16,0.0,0.0,False,0.749449369434777,logistic,False,True,pre,pre,full,none,live,,
8,48,communication,-0.17043136175685014,0.43868025251714865,0.11322329625254168,0.7815158017945031,25,8,0.32,25,0,0,0.32,0.0,0.0,True,0.9696762012072284,logistic,False,True,pre,pre,full,none,live,,
8,49,communication,0.7793871877743668,0.40223469948228396,0.22162578634168456,0.6728973714832798,25,0,0.0,25,0,0,0.0,0.0,0.0,False,0.06619520742808707,logistic,False,True,pre,pre,full,none,live,,
9,0,communication,-0.010296821634601563,0.03519658656155351,0.02810668964589648,0.03648057839691611,25,5,0.2,25,0,0,0.2,0.0,0.0,True,0.04868622279714368,logistic,False,True,pre,pre,full,none,live,,
9,1,communication,0.7678951405009363,0.1031940379300358,-0.004054271123780054,0.11506841200280195,25,0,0.0,25,0,0,0.0,0.0,0.0,False,0.0002514282839571915,logistic,False,True,pre,pre,full,none,live,,
9,2,communication,-2.2485284384316473,0.07880275220471718,0.10067420510387623,0.08554384242171496,25,14,0.56,25,0,0,0.56,0.0,0.0,True,0.9999999998884979,logistic,False,True,pre,pre,full,none,live,,
9,3,communication,-0.2807933100223032,0.00573110002169533,0.07367494455020206,0.005764134855088381,25,10,0.4,25,0,0,0.4,0.0,0.0,True,0.0578360977443995,logistic,False,True,pre,pre,full,none,live,,
9,4,communication,0.4796063751892572,0.12300086695430563,0.025063619607713965,0.1402519823789802,25,0,0.0,25,0,0,0.0,0.0,0.0,False,0.009416993633839176,logistic,False,True,pre,pre,full,none,live,,
9,5,communication,1.4053069911906817,1.0,0.031697730904549706,-0.19216250207998478,25,0,0.0,25,0,0,0.0,0.0,0.0,False,0.0,logistic,False,True,pre,pre,full,none,live,,
9,6,communication,-1.145940873122229,1.0,0.11011388274174114,-0.09867828186928643,25,20,0.8,25,0,0,0.8,0.0,0.0,True,0.0,logistic,False,True,pre,pre,full,none,live,,
9,7,communication,-0.6861931217378303,0.1010054625351581,0.02918549152827949,0.11235381120333922,25,17,0.68,25,0,0,0.68,0.0,0.0,True,0.9111952506186483,logistic,False,True,pre,pre,full,none,live,,
9,8,communication,-0.5374170879145711,1.0,0.03597803106407993,-0.04922708411719222,25,13,0.52,25,0,0,0.52,0.0,0.0,True,0.0,logistic,False,True,pre,pre,full,none,live,,
9,9,communication,0.4601733093149913,0.01901130267105352,0.060087209297218856,0.01937973671135848,25,0,0.0,25,0,0,0.0,0.0,0.0,False,0.0001961941266326344,logistic,False,True,pre,pre,full,none,live,,
9,10,communication,-0.8147962143511271,0.108950843642863,0.07229365540898061,0.12227254003391362,25,21,0.84,25,0,0,0.84,0.0,0.0,True,0.9676286014378139,logistic,False,True,pre,pre,full,none,live,,
9,11,communication,-0.08184611613063855,1.0,0.03244382627376465,-0.10946964624175223,25,6,0.24,25,0,0,0.24,0.0,0.0,True,0.0,logistic,False,True,pre,pre,full,none,live,,
9,12,communication,-2.059220147050515,0.003925712342628554,0.07193429329781052,0.0039411842984736455,25,12,0.48,25,0,0,0.48,0.0,0.0,True,0.999987717506177,logistic,False,True,pre,pre,full,none,live,,
9,13,communication,-1.4222976135283831,0.10145177010069886,0.0428316858489356,0.11290631568220706,25,16,0.64,25,0,0,0.64,0.0,0.0,True,0.9999293386716358,logistic,False,True,pre,pre,full,none,live,,
9,14,communication,0.5832291916368948,0.06792836242524977,0.06423379036757,0.07287890725009004,25,0,0.0,25,0,0,0.0,0.0,0.0,False,0.0006658285679959885,logistic,False,True,pre,pre,full,none,live,,
9,15,communication,1.2583020873123933,1.0,0.10029469931170748,-0.057110867133119914,25,0,0.0,25,0,0,0.0,0.0,0.0,False,0.0,logistic,False,True,pre,pre,full,none,live,,
9,16,communication,0.6255868892392404,1.0,0.07971751066059264,-0.007688701838803588,25,0,0.0,25,0,0,0.0,0.0,0.0,False,0.0,logistic,False,True,pre,pre,full,none,live,,
9,17,communication,1.5209593916345718,1.0,0.06111601152270303,-0.1406228686772708,25,0,0.0,25,0,0,0.0,0.0,0.0,False,0.0,logistic,False,True,pre,pre,full,none,live,,
9,18,communication,-0.36255557832680807,1.0,0.012000298574203705,-0.07815365722006541,25,8,0.32,25,0,0,0.32,0.0,0.0,True,0.0,logistic,False,True,pre,pre,full,none,live,,
9,19,communication,-0.6108611946141353,0.05741722495915582,0.011638216874689668,0.0609147827432639,25,17,0.68,25,0,0,0.68,0.0,0.0,True,0.7424005389943837,logistic,False,True,pre,pre,full,none,live,,
9,20,communication,-0.9961916116448347,0.04853235218167048,-0.02554271206109958,0.05100788481137838,25,16,0.64,25,0,0,0.64,0.0,0.0,True,0.9658603912992302,logistic,False,True,pre,pre,full,none,live,,
9,21,communication,-0.2227704956233143,0.04770071258716588,0.11819684289243913,0.050090043348406915,25,14,0.56,25,0,0,0.56,0.0,0.0,True,0.22183881795609312,logistic,False,True,pre,pre,full,none,live,,
9,22,communication,1.4499230965012095,1.0,-0.014226782811219058,-0.17107806771819709,25,0,0.0,25,0,0,0.0,0.0,0.0,False,0.0,logistic,False,True,pre,pre,full,none,live,,
9,23,communication,-0.05219183089893478,0.11941671315160134,0.02105777175071949,0.13561092395813337,25,5,0.2,25,0,0,0.2,0.0,0.0,True,0.2722974973676929,logistic,False,True,pre,pre,full,none,live,,
9,24,communication,-0.5890896596847423,1.0,0.0781955542472484,-0.029585611102509977,25,17,0.68,25,0,0,0.68,0.0,0.0,True,0.0,logistic,False,True,pre,pre,full,none,live,,
9,25,communication,-1.1439001147514898,1.0,0.01686807513918169,-0.15604611973273932,25,23,0.92,25,0,0,0.92,0.0,0.0,True,0.0,logistic,False,True,pre,pre,full,none,live,,
9,26,communication,-0.13611525073269004,0.031198890141655288,0.05318813623013016,0.03220360693663646,25,6,0.24,25,0,0,0.24,0.0,0.0,True,0.09581968919360495,logistic,False,True,pre,pre,full,none,live,,
9,27,communication,0.014631796529677818,0.1039277106882487,0.12391229839661996,0.11598139115324362,25,11,0.44,25,0,0,0.44,0.0,0.0,True,0.16806716300412583,logistic,False,True,pre,pre,full,none,live,,
9,28,communication,-0.7619675388825831,0.26683114826283155,0.12352599916518472,0.36394228646048254,25,21,0.84,25,0,0,0.84,0.0,0.0,True,0.9974989906015801,logistic,False,True,pre,pre,full,none,live,,
9,29,communication,1.956936088540412,1.0,0.08483318953454866,-0.3421483110792367,25,0,0.0,25,0,0,0.0,0.0,0.0,False,0.0,logistic,False,True,pre,pre,full,none,live,,
9,30,communication,0.14596279268450393,0.024931560674740245,0.14668669151552483,0.02556903666371635,25,1,0.04,25,0,0,0.04,0.0,0.0,False,0.00902541591827046,logistic,False,True,pre,pre,full,none,live,,
9,31,communication,1.26459394549793,1.0,0.019816933003630167,-0.07404929315964989,25,0,0.0,25,0,0,0.0,0.0,0.0,False,0.0,logistic,False,True,pre,pre,full,none,live,,
9,32,communication,0.23760404667781349,0.18623955788286223,0.18641757631164435,0.2288628793485316,25,2,0.08,25,0,0,0.08,0.0,0.0,False,0.14387869000682613,logistic,False,True,pre,pre,full,none,live,,
9,33,communication,2.153162774019493,1.0,0.059110801168661756,-0.17971180319519797,25,0,0.0,25,0,0,0.0,0.0,0.0,False,0.0,logistic,False,True,pre,pre,full,none,live,,
9,34,communication,2.1833408833974697,0.16172623030890326,0.03230800363238859,0.1929276999428233,25,0,0.0,25,0,0,0.0,0.0,0.0,False,5.544423239772894e-15,logistic,False,True,pre,pre,full,none,live,,
9,35,communication,-0.08026005418880072,0.09950522310499665,0.09636846737472354,0.11050061106195493,25,5,0.2,25,0,0,0.2,0.0,0.0,True,0.24662200084818126,logistic,False,True,pre,pre,full,none,live,,
9,36,communication,-1.0334868366810606,0.042147752832813294,0.15713790184795018,0.044002353136889064,25,18,0.72,25,0,0,0.72,0.0,0.0,True,0.9684977710644833,logistic,False,True,pre,pre,full,none,live,,
9,37,communication,-1.1382429240496346,1.0,0.0463726803285579,-0.05171584443004225,25,17,0.68,25,0,0,0.68,0.0,0.0,True,0.0,logistic,False,True,pre,pre,full,none,live,,
9,38,communication,-0.672473307793855,1.0,0.0710981666113531,-0.09840743358792602,25,16,0.64,25,0,0,0.64,0.0,0.0,True,0.0,logistic,False,True,pre,pre,full,none,live,,
9,39,communication,-0.4053551719574081,0.26485294851124885,0.02832816235213237,0.3602720679827164,25,13,0.52,25,0,0,0.52,0.0,0.0,True,0.9458160133341159,logistic,False,True,pre,pre,full,none,live,,
9,40,communication,1.2084264915489593,1.0,0.06338424178635885,-0.050693820567413464,25,0,0.0,25,0,0,0.0,0.0,0.0,False,0.0,logistic,False,True,pre,pre,full,none,live,,
9,41,communication,-0.23559776102396646,1.0,0.09954922773061609,-0.1501740677719167,25,8,0.32,25,0,0,0.32,0.0,0.0,True,0.0,logistic,False,True,pre,pre,full,none,live,,
9,42,communication,-1.0213703571243866,0.1611027219613065,0.1351752428325531,0.1920410593511018,25,20,0.8,25,0,0,0.8,0.0,0.0,True,0.9984195491113457,logistic,False,True,pre,pre,full,none,live,,
9,43,communication,0.35890537503505404,0.23884325152493893,0.10989787513665547,0.3137898363293097,25,1,0.04,25,0,0,0.04,0.0,0.0,False,0.1334487765357319,logistic,False,True,pre,pre,full,none,live,,
9,44,communication,-0.118739273350875,0.0017104344383581075,0.12353423858588064,0.0017133650369227389,25,11,0.44,25,0,0,0.44,0.0,0.0,True,0.005774252854308271,logistic,False,True,pre,pre,full,none,live,,
9,45,communication,1.46847347135873,0.044456031176682266,0.02585670067513935,0.04652431769458668,25,0,0.0,25,0,0,0.0,0.0,0.0,False,5.670919832829899e-11,logistic,False,True,pre,pre,full,none,live,,
9,46,communication,0.777011197068841,1.0,0.05917336191998374,-0.039707768219325375,25,0,0.0,25,0,0,0.0,0.0,0.0,False,0.0,logistic,False,True,pre,pre,full,none,live,,
9,47,communication,-0.3731005205108975,0.13963764203972762,0.03046638226679805,0.16230096627051113,25,7,0.28,25,0,0,0.28,0.0,0.0,True,0.7347288563079389,logistic,False,True,pre,pre,full,none,live,,
9,48,communication,-0.8483068466522967,0.11567319184520641,0.08975954136050288,0.13080366984075287,25,23,0.92,25,0,0,0.92,0.0,0.0,True,0.9781192963480723,logistic,False,True,pre,pre,full,none,live,,
9,49,communication,-0.05336779953095057,1.0,0.06182603555433051,-0.31319594776369963,25,4,0.16,25,0,0,0.16,0.0,0.0,True,0.0,logistic,False,True,pre,pre,full,none,live,,
