country,period,treatment,theta,theta_star,z,benefit,n_agents,n_join,join_fraction,n_valid,n_api_error,n_unparseable,join_fraction_valid,api_error_rate,unparseable_rate,coup_success,theoretical_attack,direction_transform,degrade_messages,no_peer_messages,beliefs_include_messages,belief_order,second_order_order,message_stage_context,decision_context,message_bundle_mode,message_source_country,message_source_period
0,0,communication,-1.5690379156212926,0.5,0.02481260212133443,1.0,25,25,1.0,25,0,0,1.0,0.0,0.0,True,0.9999999999973406,logistic,False,False,False,post,post,mild,none,live,,
0,1,communication,0.27413995296177207,0.5,-0.04417378248669119,1.0,25,1,0.04,25,0,0,0.04,0.0,0.0,False,0.7742350268560285,logistic,False,False,False,post,post,mild,none,live,,
0,2,communication,-0.6921698666414775,0.5,-0.14928959424293253,1.0,25,19,0.76,25,0,0,0.76,0.0,0.0,True,0.9999646473048837,logistic,False,False,False,post,post,mild,none,live,,
0,3,communication,-0.05931788553484087,0.5,-0.12699129873537982,1.0,25,4,0.16,25,0,0,0.16,0.0,0.0,True,0.9688667290248282,logistic,False,False,False,post,post,mild,none,live,,
0,4,communication,0.7879336174018815,0.5,-0.0672271240003965,1.0,25,0,0.0,25,0,0,0.0,0.0,0.0,False,0.16858329606485978,logistic,False,False,False,post,post,mild,none,live,,
0,5,communication,1.690847318114246,0.5,-0.16111230334916,1.0,25,0,0.0,25,0,0,0.0,0.0,0.0,False,3.60131544554382e-05,logistic,False,False,False,post,post,mild,none,live,,
0,6,communication,-1.0228733453805763,0.5,-0.020547806503192878,1.0,25,24,0.96,25,0,0,0.96,0.0,0.0,True,0.9999998075160539,logistic,False,False,False,post,post,mild,none,live,,
0,7,communication,0.26474965699684816,0.5,-0.06594115645229179,1.0,25,0,0.0,25,0,0,0.0,0.0,0.0,False,0.783529174695774,logistic,False,False,False,post,post,mild,none,live,,
0,8,communication,1.4514390127670076,0.5,-0.1431316388582483,1.0,25,0,0.0,25,0,0,0.0,0.0,0.0,False,0.0007583649597885834,logistic,False,False,False,post,post,mild,none,live,,
0,9,communication,-0.15891057641466977,0.5,-0.09646564183913495,1.0,25,2,0.08,25,0,0,0.08,0.0,0.0,True,0.9859672139480404,logistic,False,False,False,post,post,mild,none,live,,
0,10,communication,-2.8514440492388764,0.5,-0.18349821835810923,1.0,25,25,1.0,25,0,0,1.0,0.0,0.0,True,1.0,logistic,False,False,False,post,post,mild,none,live,,
0,11,communication,-0.17761207514838723,0.5,-0.04347621746506677,1.0,25,7,0.28,25,0,0,0.28,0.0,0.0,True,0.9880491890437949,logistic,False,False,False,post,post,mild,none,live,,
0,12,communication,0.39635098434182814,0.5,-0.11735896535841528,1.0,25,0,0.0,25,0,0,0.0,0.0,0.0,False,0.635139511718994,logistic,False,False,False,post,post,mild,none,live,,
0,13,communication,-0.8930585297314593,0.5,-0.19683508751962092,1.0,25,23,0.92,25,0,0,0.92,0.0,0.0,True,0.9999982874558385,logistic,False,False,False,post,post,mild,none,live,,
0,14,communication,2.0074252072990673,0.5,-0.060059376492507914,1.0,25,0,0.0,25,0,0,0.0,0.0,0.0,False,2.5204347063315984e-07,logistic,False,False,False,post,post,mild,none,live,,
0,15,communication,-0.3746785692418634,0.5,-0.08171517401354812,1.0,25,15,0.6,25,0,0,0.6,0.0,0.0,True,0.9982249462728662,logistic,False,False,False,post,post,mild,none,live,,
0,16,communication,0.2964098962195181,0.5,-0.11597662513704396,1.0,25,0,0.0,25,0,0,0.0,0.0,0.0,False,0.7513150012167416,logistic,False,False,False,post,post,mild,none,live,,
0,17,communication,-0.2527282626446281,0.5,-0.02169877844535706,1.0,25,15,0.6,25,0,0,0.6,0.0,0.0,True,0.9939479401046135,logistic,False,False,False,post,post,mild,none,live,,
0,18,communication,1.7694653864749827,0.5,-0.08136125277276256,1.0,25,0,0.0,25,0,0,0.0,0.0,0.0,False,1.1604252863129306e-05,logistic,False,False,False,post,post,mild,none,live,,
0,19,communication,-1.4277805074623344,0.5,-0.11490104391911787,1.0,25,25,1.0,25,0,0,1.0,0.0,0.0,True,0.9999999999344693,logistic,False,False,False,post,post,mild,none,live,,
0,20,communication,-0.7665054199611054,0.5,-0.09332460794131554,1.0,25,22,0.88,25,0,0,0.88,0.0,0.0,True,0.9999878758446421,logistic,False,False,False,post,post,mild,none,live,,
0,21,communication,-0.9857283322434358,0.5,-0.08954854235240813,1.0,25,24,0.96,25,0,0,0.96,0.0,0.0,True,0.9999996335336817,logistic,False,False,False,post,post,mild,none,live,,
0,22,communication,0.461174717853195,0.5,-0.14696433268499504,1.0,25,0,0.0,25,0,0,0.0,0.0,0.0,False,0.5514863918276958,logistic,False,False,False,post,post,mild,none,live,,
0,23,communication,0.3403385328121334,0.5,-0.06619657077559972,1.0,25,0,0.0,25,0,0,0.0,0.0,0.0,False,0.7027079519543624,logistic,False,False,False,post,post,mild,none,live,,
0,24,communication,-0.9763610863043007,0.5,-0.13955115624859202,1.0,25,25,1.0,25,0,0,1.0,0.0,0.0,True,0.9999995699320862,logistic,False,False,False,post,post,mild,none,live,,
0,25,communication,2.92538629606796,0.5,-0.04436878533580724,1.0,25,0,0.0,25,0,0,0.0,0.0,0.0,False,3.1178907943835377e-16,logistic,False,False,False,post,post,mild,none,live,,
0,26,communication,-1.381275231058007,0.5,-0.0920550203744214,1.0,25,25,1.0,25,0,0,1.0,0.0,0.0,True,0.9999999998205366,logistic,False,False,False,post,post,mild,none,live,,
0,27,communication,0.09467516706652017,0.5,0.009505501286772383,1.0,25,1,0.04,25,0,0,0.04,0.0,0.0,False,0.9116655409564518,logistic,False,False,False,post,post,mild,none,live,,
0,28,communication,-1.5072403235405762,0.5,-0.012211946440275664,1.0,25,25,1.0,25,0,0,1.0,0.0,0.0,True,0.9999999999889024,logistic,False,False,False,post,post,mild,none,live,,
0,29,communication,0.3689343178407862,0.5,0.01727598707103932,1.0,25,0,0.0,25,0,0,0.0,0.0,0.0,False,0.6689028447886122,logistic,False,False,False,post,post,mild,none,live,,
0,30,communication,0.14927110332851345,0.5,-0.041741500894164396,1.0,25,0,0.0,25,0,0,0.0,0.0,0.0,False,0.8788175872400722,logistic,False,False,False,post,post,mild,none,live,,
0,31,communication,0.32117046802430793,0.5,-0.09042165459624404,1.0,25,1,0.04,25,0,0,0.04,0.0,0.0,False,0.7244452668367523,logistic,False,False,False,post,post,mild,none,live,,
0,32,communication,-0.5250476615988334,0.5,-0.0230796623133388,1.0,25,15,0.6,25,0,0,0.6,0.0,0.0,True,0.999683220669421,logistic,False,False,False,post,post,mild,none,live,,
0,33,communication,-0.8283027469335477,0.5,-0.04749779706240071,1.0,25,23,0.92,25,0,0,0.92,0.0,0.0,True,0.9999952373040619,logistic,False,False,False,post,post,mild,none,live,,
0,34,communication,-0.19641443478209278,0.5,-0.08064430119964554,1.0,25,3,0.12,25,0,0,0.12,0.0,0.0,True,0.9898668670831801,logistic,False,False,False,post,post,mild,none,live,,
0,35,communication,1.5852483184685613,0.5,-0.04882525292838078,1.0,25,0,0.0,25,0,0,0.0,0.0,0.0,False,0.00014873438522720802,logistic,False,False,False,post,post,mild,none,live,,
0,36,communication,0.23853137419688883,0.5,-0.14184669013220044,1.0,25,0,0.0,25,0,0,0.0,0.0,0.0,False,0.8082763391220793,logistic,False,False,False,post,post,mild,none,live,,
0,37,communication,-0.010820192566592751,0.5,-0.13970479657970167,1.0,25,2,0.08,25,0,0,0.08,0.0,0.0,True,0.9556910681601155,logistic,False,False,False,post,post,mild,none,live,,
0,38,communication,-0.42307615377282126,0.5,-0.1781442701114454,1.0,25,14,0.56,25,0,0,0.56,0.0,0.0,True,0.9989542446736109,logistic,False,False,False,post,post,mild,none,live,,
0,39,communication,0.5899429458324532,0.5,-0.1192369930910116,1.0,25,0,0.0,25,0,0,0.0,0.0,0.0,False,0.3821611124275368,logistic,False,False,False,post,post,mild,none,live,,
0,40,communication,0.2172365040016686,0.5,-0.019059202523810936,1.0,25,1,0.04,25,0,0,0.04,0.0,0.0,False,0.8270431548613415,logistic,False,False,False,post,post,mild,none,live,,
0,41,communication,-0.9145352910176325,0.5,-0.13393678321121003,1.0,25,23,0.92,25,0,0,0.92,0.0,0.0,True,0.9999987921442984,logistic,False,False,False,post,post,mild,none,live,,
0,42,communication,1.0257063444799466,0.5,-0.1518168714970438,1.0,25,0,0.0,25,0,0,0.0,0.0,0.0,False,0.039856436616907416,logistic,False,False,False,post,post,mild,none,live,,
0,43,communication,-0.4643991929485848,0.5,-0.10886581128452703,1.0,25,17,0.68,25,0,0,0.68,0.0,0.0,True,0.9993470134975063,logistic,False,False,False,post,post,mild,none,live,,
0,44,communication,0.7887529830650717,0.5,-0.06924697489044013,1.0,25,0,0.0,25,0,0,0.0,0.0,0.0,False,0.1678967553774452,logistic,False,False,False,post,post,mild,none,live,,
0,45,communication,0.07173313772629476,0.5,-0.11291700151576974,1.0,25,1,0.04,25,0,0,0.04,0.0,0.0,False,0.9232901819918108,logistic,False,False,False,post,post,mild,none,live,,
0,46,communication,-0.07351007756029697,0.5,-0.07260505579632014,1.0,25,1,0.04,25,0,0,0.04,0.0,0.0,True,0.9720426744198724,logistic,False,False,False,post,post,mild,none,live,,
0,47,communication,-0.9101164676919695,0.5,-0.10316930744943284,1.0,25,23,0.92,25,0,0,0.92,0.0,0.0,True,0.9999987016632207,logistic,False,False,False,post,post,mild,none,live,,
0,48,communication,0.9034130624847089,0.5,-0.015107845004757467,1.0,25,0,0.0,25,0,0,0.0,0.0,0.0,False,0.08935941836500977,logistic,False,False,False,post,post,mild,none,live,,
0,49,communication,0.19311031782714647,0.5,-0.1064766379204655,1.0,25,0,0.0,25,0,0,0.0,0.0,0.0,False,0.8468379462823455,logistic,False,False,False,post,post,mild,none,live,,
1,0,communication,1.0527969067587184,0.5,-0.03835358860643634,1.0,25,0,0.0,25,0,0,0.0,0.0,0.0,False,0.03268960003234948,logistic,False,False,False,post,post,mild,none,live,,
1,1,communication,-0.3378740388789836,0.5,-0.16567780795023068,1.0,25,7,0.28,25,0,0,0.28,0.0,0.0,True,0.9973882167973237,logistic,False,False,False,post,post,mild,none,live,,
1,2,communication,0.898047614674998,0.5,-0.044893389550982155,1.0,25,0,0.0,25,0,0,0.0,0.0,0.0,False,0.09228322603497063,logistic,False,False,False,post,post,mild,none,live,,
1,3,communication,-0.6791631723600354,0.5,-0.1545845200220306,1.0,25,23,0.92,25,0,0,0.92,0.0,0.0,True,0.9999576230432743,logistic,False,False,False,post,post,mild,none,live,,
1,4,communication,-0.5589867108107897,0.5,-0.11694265329081124,1.0,25,19,0.76,25,0,0,0.76,0.0,0.0,True,0.9997921853751761,logistic,False,False,False,post,post,mild,none,live,,
1,5,communication,0.4645659440168681,0.5,-0.03961760594856481,1.0,25,0,0.0,25,0,0,0.0,0.0,0.0,False,0.5470111444628684,logistic,False,False,False,post,post,mild,none,live,,
1,6,communication,-0.6409928943675819,0.5,-0.13408380874398876,1.0,25,23,0.92,25,0,0,0.92,0.0,0.0,True,0.9999286121452007,logistic,False,False,False,post,post,mild,none,live,,
1,7,communication,-0.6728602709334208,0.5,-0.08316296764703673,1.0,25,23,0.92,25,0,0,0.92,0.0,0.0,True,0.9999537628754156,logistic,False,False,False,post,post,mild,none,live,,
1,8,communication,1.410833647554595,0.5,-0.14014446992051144,1.0,25,0,0.0,25,0,0,0.0,0.0,0.0,False,0.0011982510034004646,logistic,False,False,False,post,post,mild,none,live,,
1,9,communication,-0.20266414707239716,0.5,-0.05523571834848194,1.0,25,5,0.2,25,0,0,0.2,0.0,0.0,True,0.9904151355697506,logistic,False,False,False,post,post,mild,none,live,,
1,10,communication,-0.9688699473033304,0.5,-0.10488383470896342,1.0,25,25,1.0,25,0,0,1.0,0.0,0.0,True,0.9999995115442545,logistic,False,False,False,post,post,mild,none,live,,
1,11,communication,-0.08100878193289476,0.5,-0.10621405583847651,1.0,25,0,0.0,25,0,0,0.0,0.0,0.0,True,0.973608738810652,logistic,False,False,False,post,post,mild,none,live,,
1,12,communication,0.32392077680238235,0.5,-0.08777569955318072,1.0,25,0,0.0,25,0,0,0.0,0.0,0.0,False,0.721374889618225,logistic,False,False,False,post,post,mild,none,live,,
1,13,communication,-0.9563224638372365,0.5,-0.1908081799920192,1.0,25,22,0.88,25,0,0,0.88,0.0,0.0,True,0.9999993962660997,logistic,False,False,False,post,post,mild,none,live,,
1,14,communication,-0.27691944838390853,0.5,-0.024760613724565506,1.0,25,16,0.64,25,0,0,0.64,0.0,0.0,True,0.9951974591197877,logistic,False,False,False,post,post,mild,none,live,,
1,15,communication,-0.5407364616000336,0.5,-0.06924339069343964,1.0,25,18,0.72,25,0,0,0.72,0.0,0.0,True,0.9997389184114979,logistic,False,False,False,post,post,mild,none,live,,
1,16,communication,-1.0961691134753955,0.5,-0.11499278574394621,1.0,25,24,0.96,25,0,0,0.96,0.0,0.0,True,0.9999999482768935,logistic,False,False,False,post,post,mild,none,live,,
1,17,communication,-2.099965396867324,0.5,-0.09784648643620344,1.0,25,25,1.0,25,0,0,1.0,0.0,0.0,True,1.0,logistic,False,False,False,post,post,mild,none,live,,
1,18,communication,-0.6000943059599797,0.5,-0.04159553022030238,1.0,25,18,0.72,25,0,0,0.72,0.0,0.0,True,0.9998772844976731,logistic,False,False,False,post,post,mild,none,live,,
1,19,communication,0.7738287021388062,0.5,-0.0730730747064364,1.0,25,0,0.0,25,0,0,0.0,0.0,0.0,False,0.18068377439707328,logistic,False,False,False,post,post,mild,none,live,,
1,20,communication,1.0027363768003792,0.5,-0.04143161599315835,1.0,25,0,0.0,25,0,0,0.0,0.0,0.0,False,0.04688987030471841,logistic,False,False,False,post,post,mild,none,live,,
1,21,communication,-0.6690689374556471,0.5,-0.1875014934117963,1.0,25,17,0.68,25,0,0,0.68,0.0,0.0,True,0.9999512833751037,logistic,False,False,False,post,post,mild,none,live,,
1,22,communication,-1.4861986063419097,0.5,-0.10442751418264135,1.0,25,25,1.0,25,0,0,1.0,0.0,0.0,True,0.9999999999821203,logistic,False,False,False,post,post,mild,none,live,,
1,23,communication,0.1399583892170086,0.5,-0.11808794743705897,1.0,25,0,0.0,25,0,0,0.0,0.0,0.0,False,0.884957261649477,logistic,False,False,False,post,post,mild,none,live,,
1,24,communication,-1.0003226918160606,0.5,0.009577105313210377,1.0,25,25,1.0,25,0,0,1.0,0.0,0.0,True,0.9999997149433092,logistic,False,False,False,post,post,mild,none,live,,
1,25,communication,-0.011412546294082365,0.5,-0.15041934041957705,1.0,25,1,0.04,25,0,0,0.04,0.0,0.0,True,0.9558755969570186,logistic,False,False,False,post,post,mild,none,live,,
1,26,communication,-1.1275007735595426,0.5,-0.1782222374883977,1.0,25,25,1.0,25,0,0,1.0,0.0,0.0,True,0.9999999710231483,logistic,False,False,False,post,post,mild,none,live,,
1,27,communication,1.193396705136232,0.5,-0.2040809642874284,1.0,25,0,0.0,25,0,0,0.0,0.0,0.0,False,0.010407528189773379,logistic,False,False,False,post,post,mild,none,live,,
1,28,communication,1.6177326974559536,0.5,-0.05416507527645564,1.0,25,0,0.0,25,0,0,0.0,0.0,0.0,False,9.735776416363544e-05,logistic,False,False,False,post,post,mild,none,live,,
1,29,communication,0.6131947952294148,0.5,-0.10504866990051714,1.0,25,0,0.0,25,0,0,0.0,0.0,0.0,False,0.3529693974823267,logistic,False,False,False,post,post,mild,none,live,,
1,30,communication,-0.10684970892119935,0.5,-0.046869609554540406,1.0,25,3,0.12,25,0,0,0.12,0.0,0.0,True,0.9784547830915671,logistic,False,False,False,post,post,mild,none,live,,
1,31,communication,0.7828785600388035,0.5,-0.10330205738598272,1.0,25,0,0.0,25,0,0,0.0,0.0,0.0,False,0.1728587294952173,logistic,False,False,False,post,post,mild,none,live,,
1,32,communication,-0.5722607401194324,0.5,-0.175429770067837,1.0,25,18,0.72,25,0,0,0.72,0.0,0.0,True,0.9998243514870098,logistic,False,False,False,post,post,mild,none,live,,
1,33,communication,-0.09708414996436748,0.5,-0.1307490658083798,1.0,25,1,0.04,25,0,0,0.04,0.0,0.0,True,0.9767199775640112,logistic,False,False,False,post,post,mild,none,live,,
1,34,communication,0.22722986726567224,0.5,-0.14914296503055408,1.0,25,0,0.0,25,0,0,0.0,0.0,0.0,False,0.8183866305084398,logistic,False,False,False,post,post,mild,none,live,,
1,35,communication,-0.5516234080266305,0.5,-0.14418627459076716,1.0,25,18,0.72,25,0,0,0.72,0.0,0.0,True,0.9997720488589836,logistic,False,False,False,post,post,mild,none,live,,
1,36,communication,1.989949799144832,0.5,-0.1675440796292007,1.0,25,0,0.0,25,0,0,0.0,0.0,0.0,False,3.4086144208268824e-07,logistic,False,False,False,post,post,mild,none,live,,
1,37,communication,-0.5172278934409587,0.5,-0.0007154667775823853,1.0,25,21,0.84,25,0,0,0.84,0.0,0.0,True,0.9996515040091137,logistic,False,False,False,post,post,mild,none,live,,
1,38,communication,-0.14003934783348204,0.5,-0.19012692704779383,1.0,25,1,0.04,25,0,0,0.04,0.0,0.0,True,0.98355667929096,logistic,False,False,False,post,post,mild,none,live,,
1,39,communication,-0.5151396029895559,0.5,-0.13290737611647066,1.0,25,15,0.6,25,0,0,0.6,0.0,0.0,True,0.9996425479848765,logistic,False,False,False,post,post,mild,none,live,,
1,40,communication,2.2351536895133357,0.5,-0.13151526682775783,1.0,25,0,0.0,25,0,0,0.0,0.0,0.0,False,3.6505973308043575e-09,logistic,False,False,False,post,post,mild,none,live,,
1,41,communication,-1.1900587995424072,0.5,-0.13456123075482537,1.0,25,24,0.96,25,0,0,0.96,0.0,0.0,True,0.9999999911720764,logistic,False,False,False,post,post,mild,none,live,,
1,42,communication,-1.2355813600886525,0.5,-0.09225213640047489,1.0,25,24,0.96,25,0,0,0.96,0.0,0.0,True,0.9999999963802282,logistic,False,False,False,post,post,mild,none,live,,
1,43,communication,-0.9574069281331359,0.5,-0.13963925499116298,1.0,25,25,1.0,25,0,0,1.0,0.0,0.0,True,0.9999994071820824,logistic,False,False,False,post,post,mild,none,live,,
1,44,communication,-0.3240493296852316,0.5,-0.1322974225976473,1.0,25,10,0.4,25,0,0,0.4,0.0,0.0,True,0.9969912942873993,logistic,False,False,False,post,post,mild,none,live,,
1,45,communication,0.7002446177350077,0.5,-0.033281524897564446,1.0,25,0,0.0,25,0,0,0.0,0.0,0.0,False,0.25223213286765267,logistic,False,False,False,post,post,mild,none,live,,
1,46,communication,1.3117334924521664,0.5,-0.1638915909112307,1.0,25,0,0.0,25,0,0,0.0,0.0,0.0,False,0.0034072260511501273,logistic,False,False,False,post,post,mild,none,live,,
1,47,communication,0.8041116867287721,0.5,-0.05941013600014156,1.0,25,0,0.0,25,0,0,0.0,0.0,0.0,False,0.15536162021754263,logistic,False,False,False,post,post,mild,none,live,,
1,48,communication,0.09363864994630233,0.5,-0.20671304419719594,1.0,25,1,0.04,25,0,0,0.04,0.0,0.0,False,0.9122175742023007,logistic,False,False,False,post,post,mild,none,live,,
1,49,communication,-2.262934389963411,0.5,-0.1246534611164767,1.0,25,25,1.0,25,0,0,1.0,0.0,0.0,True,1.0,logistic,False,False,False,post,post,mild,none,live,,
2,0,communication,0.8765278329343799,0.5,0.5939932139355701,1.0,25,0,0.0,25,0,0,0.0,0.0,0.0,False,0.10472254121971353,logistic,False,False,False,post,post,mild,none,live,,
2,1,communication,-1.7461459456977415,0.5,0.5309229362906913,1.0,25,25,1.0,25,0,0,1.0,0.0,0.0,True,0.9999999999999648,logistic,False,False,False,post,post,mild,none,live,,
2,2,communication,0.019100052916702248,0.5,0.4945674877132182,1.0,25,22,0.88,25,0,0,0.88,0.0,0.0,True,0.9455326534819541,logistic,False,False,False,post,post,mild,none,live,,
2,3,communication,0.3056312547264967,0.5,0.4912704911316751,1.0,25,12,0.48,25,0,0,0.48,0.0,0.0,True,0.7414738319764735,logistic,False,False,False,post,post,mild,none,live,,
2,4,communication,1.4088656753259634,0.5,0.5931882307597883,1.0,25,0,0.0,25,0,0,0.0,0.0,0.0,False,0.0012245826720279774,logistic,False,False,False,post,post,mild,none,live,,
2,5,communication,0.34657635709286444,0.5,0.46069194999855184,1.0,25,10,0.4,25,0,0,0.4,0.0,0.0,True,0.6954687530874333,logistic,False,False,False,post,post,mild,none,live,,
2,6,communication,0.2651009207009588,0.5,0.5660064408809868,1.0,25,16,0.64,25,0,0,0.64,0.0,0.0,True,0.7831855428671721,logistic,False,False,False,post,post,mild,none,live,,
2,7,communication,0.294719645533276,0.5,0.497265866221438,1.0,25,14,0.56,25,0,0,0.56,0.0,0.0,True,0.7530969771864677,logistic,False,False,False,post,post,mild,none,live,,
2,8,communication,2.0810628556019632,0.5,0.5520005774470044,1.0,25,0,0.0,25,0,0,0.0,0.0,0.0,False,6.813406062688352e-08,logistic,False,False,False,post,post,mild,none,live,,
2,9,communication,0.34955976490414764,0.5,0.48946697920399773,1.0,25,9,0.36,25,0,0,0.36,0.0,0.0,True,0.6919789099760002,logistic,False,False,False,post,post,mild,none,live,,
2,10,communication,-1.3828936197602906,0.5,0.6622422218517199,1.0,25,25,1.0,25,0,0,1.0,0.0,0.0,True,0.999999999826651,logistic,False,False,False,post,post,mild,none,live,,
2,11,communication,1.097577017675728,0.5,0.48441264762331937,1.0,25,0,0.0,25,0,0,0.0,0.0,0.0,False,0.023189731964993427,logistic,False,False,False,post,post,mild,none,live,,
2,12,communication,1.7772089158282176,0.5,0.5303053873364898,1.0,25,0,0.0,25,0,0,0.0,0.0,0.0,False,1.0342614608283773e-05,logistic,False,False,False,post,post,mild,none,live,,
2,13,communication,0.473401223144545,0.5,0.45394378288560544,1.0,25,0,0.0,25,0,0,0.0,0.0,0.0,False,0.5353249676797451,logistic,False,False,False,post,post,mild,none,live,,
2,14,communication,2.650433883673073,0.5,0.5171633915420722,1.0,25,0,0.0,25,0,0,0.0,0.0,0.0,False,3.8019280320081347e-13,logistic,False,False,False,post,post,mild,none,live,,
2,15,communication,0.7672819670505707,0.5,0.5302222938009836,1.0,25,0,0.0,25,0,0,0.0,0.0,0.0,False,0.1864807093156312,logistic,False,False,False,post,post,mild,none,live,,
2,16,communication,2.1412361421175943,0.5,0.560956504124378,1.0,25,0,0.0,25,0,0,0.0,0.0,0.0,False,2.2402057928354403e-08,logistic,False,False,False,post,post,mild,none,live,,
2,17,communication,1.3232987521158015,0.5,0.525356610926235,1.0,25,0,0.0,25,0,0,0.0,0.0,0.0,False,0.0030317351627150145,logistic,False,False,False,post,post,mild,none,live,,
2,18,communication,0.758710547752152,0.5,0.5243296737907504,1.0,25,2,0.08,25,0,0,0.08,0.0,0.0,False,0.19424238650188502,logistic,False,False,False,post,post,mild,none,live,,
2,19,communication,-0.9575477351814627,0.5,0.49100969825258267,1.0,25,25,1.0,25,0,0,1.0,0.0,0.0,True,0.9999994085854096,logistic,False,False,False,post,post,mild,none,live,,
2,20,communication,0.9142081044434013,0.5,0.5762799008886638,1.0,25,0,0.0,25,0,0,0.0,0.0,0.0,False,0.08368658244667215,logistic,False,False,False,post,post,mild,none,live,,
2,21,communication,1.1107591088737003,0.5,0.5006339015777821,1.0,25,0,0.0,25,0,0,0.0,0.0,0.0,False,0.020882022085158793,logistic,False,False,False,post,post,mild,none,live,,
2,22,communication,0.0019919934295393182,0.5,0.4604104776255255,1.0,25,20,0.8,25,0,0,0.8,0.0,0.0,True,0.9515454581799658,logistic,False,False,False,post,post,mild,none,live,,
2,23,communication,0.548724069135766,0.5,0.4002987648159358,1.0,25,0,0.0,25,0,0,0.0,0.0,0.0,False,0.43549009514553033,logistic,False,False,False,post,post,mild,none,live,,
2,24,communication,1.198944141906477,0.5,0.5335013550143853,1.0,25,0,0.0,25,0,0,0.0,0.0,0.0,False,0.009907997070272442,logistic,False,False,False,post,post,mild,none,live,,
2,25,communication,-1.7731534815382262,0.5,0.5879129161700865,1.0,25,25,1.0,25,0,0,1.0,0.0,0.0,True,0.9999999999999823,logistic,False,False,False,post,post,mild,none,live,,
2,26,communication,0.4986720688497524,0.5,0.44151449494430933,1.0,25,1,0.04,25,0,0,0.04,0.0,0.0,False,0.5017658871710446,logistic,False,False,False,post,post,mild,none,live,,
2,27,communication,1.825339850615107,0.5,0.5651023210011252,1.0,25,0,0.0,25,0,0,0.0,0.0,0.0,False,4.985542466752186e-06,logistic,False,False,False,post,post,mild,none,live,,
2,28,communication,1.0215121308315422,0.5,0.5207075946767008,1.0,25,0,0.0,25,0,0,0.0,0.0,0.0,False,0.041072487762966924,logistic,False,False,False,post,post,mild,none,live,,
2,29,communication,0.8837662202835348,0.5,0.5085336443735914,1.0,25,0,0.0,25,0,0,0.0,0.0,0.0,False,0.10040966817986036,logistic,False,False,False,post,post,mild,none,live,,
2,30,communication,2.0824125885080784,0.5,0.4865100917803262,1.0,25,0,0.0,25,0,0,0.0,0.0,0.0,False,6.648358778760133e-08,logistic,False,False,False,post,post,mild,none,live,,
2,31,communication,0.039132533552312165,0.5,0.5920989167769243,1.0,25,23,0.92,25,0,0,0.92,0.0,0.0,True,0.937758383017852,logistic,False,False,False,post,post,mild,none,live,,
2,32,communication,-1.3403874126524813,0.5,0.5055739537514096,1.0,25,25,1.0,25,0,0,1.0,0.0,0.0,True,0.9999999995731977,logistic,False,False,False,post,post,mild,none,live,,
2,33,communication,-0.5939124794752964,0.5,0.5107039704175489,1.0,25,24,0.96,25,0,0,0.96,0.0,0.0,True,0.9998670170827938,logistic,False,False,False,post,post,mild,none,live,,
2,34,communication,1.3643238035776122,0.5,0.5323452215863056,1.0,25,0,0.0,25,0,0,0.0,0.0,0.0,False,0.001981579290063713,logistic,False,False,False,post,post,mild,none,live,,
2,35,communication,2.2002084632335457,0.5,0.5776990096008544,1.0,25,0,0.0,25,0,0,0.0,0.0,0.0,False,7.2506574292610376e-09,logistic,False,False,False,post,post,mild,none,live,,
2,36,communication,-0.012527668740473397,0.5,0.6135045026094506,1.0,25,23,0.92,25,0,0,0.92,0.0,0.0,True,0.9562212962707637,logistic,False,False,False,post,post,mild,none,live,,
2,37,communication,2.035517246634966,0.5,0.5499158035321968,1.0,25,0,0.0,25,0,0,0.0,0.0,0.0,False,1.5407676788076808e-07,logistic,False,False,False,post,post,mild,none,live,,
2,38,communication,-1.1302850490308634,0.5,0.5366918142146964,1.0,25,25,1.0,25,0,0,1.0,0.0,0.0,True,0.9999999724914743,logistic,False,False,False,post,post,mild,none,live,,
2,39,communication,1.819637151758918,0.5,0.5636683845247107,1.0,25,0,0.0,25,0,0,0.0,0.0,0.0,False,5.4427920887307005e-06,logistic,False,False,False,post,post,mild,none,live,,
2,40,communication,1.2408666371740034,0.5,0.5142867936889106,1.0,25,0,0.0,25,0,0,0.0,0.0,0.0,False,0.0067640523973265315,logistic,False,False,False,post,post,mild,none,live,,
2,41,communication,-0.7633835547494222,0.5,0.5407420110716595,1.0,25,24,0.96,25,0,0,0.96,0.0,0.0,True,0.9999873035279266,logistic,False,False,False,post,post,mild,none,live,,
2,42,communication,1.2428138197325753,0.5,0.40651020122065307,1.0,25,0,0.0,25,0,0,0.0,0.0,0.0,False,0.006642321821093384,logistic,False,False,False,post,post,mild,none,live,,
2,43,communication,0.4512864838471671,0.5,0.489012560348963,1.0,25,3,0.12,25,0,0,0.12,0.0,0.0,False,0.564496055250928,logistic,False,False,False,post,post,mild,none,live,,
2,44,communication,0.7212318143017875,0.5,0.47331115222974746,1.0,25,0,0.0,25,0,0,0.0,0.0,0.0,False,0.23042759716616062,logistic,False,False,False,post,post,mild,none,live,,
2,45,communication,0.9389379389456558,0.5,0.4598845718808944,1.0,25,0,0.0,25,0,0,0.0,0.0,0.0,False,0.07171638897378949,logistic,False,False,False,post,post,mild,none,live,,
2,46,communication,-1.2738132923546186,0.5,0.551278357582005,1.0,25,24,0.96,25,0,0,0.96,0.0,0.0,True,0.9999999983173881,logistic,False,False,False,post,post,mild,none,live,,
2,47,communication,0.07094067820434213,0.5,0.43630944061563764,1.0,25,15,0.6,25,0,0,0.6,0.0,0.0,True,0.9236698629435602,logistic,False,False,False,post,post,mild,none,live,,
2,48,communication,-0.5697870233137251,0.5,0.5109929318974894,1.0,25,25,1.0,25,0,0,1.0,0.0,0.0,True,0.9998187344155907,logistic,False,False,False,post,post,mild,none,live,,
2,49,communication,-0.32551748673213143,0.5,0.5798437022494201,1.0,25,25,1.0,25,0,0,1.0,0.0,0.0,True,0.9970358856048324,logistic,False,False,False,post,post,mild,none,live,,
3,0,communication,-1.8286316470671005,0.5,-0.33850127616646575,1.0,25,25,1.0,25,0,0,1.0,0.0,0.0,True,0.9999999999999958,logistic,False,False,False,post,post,mild,none,live,,
3,1,communication,-2.9642515286830173,0.5,-0.3017908061632151,1.0,25,25,1.0,25,0,0,1.0,0.0,0.0,True,1.0,logistic,False,False,False,post,post,mild,none,live,,
3,2,communication,-0.32783743608150606,0.5,-0.3495760207787095,1.0,25,3,0.12,25,0,0,0.12,0.0,0.0,True,0.9971051346232042,logistic,False,False,False,post,post,mild,none,live,,
3,3,communication,-1.532484329600289,0.5,-0.3769942450928294,1.0,25,24,0.96,25,0,0,0.96,0.0,0.0,True,0.9999999999937774,logistic,False,False,False,post,post,mild,none,live,,
3,4,communication,-1.0241487803732476,0.5,-0.4474051085794698,1.0,25,20,0.8,25,0,0,0.8,0.0,0.0,True,0.9999998117746042,logistic,False,False,False,post,post,mild,none,live,,
3,5,communication,-0.5792967882495909,0.5,-0.3420923496463311,1.0,25,14,0.56,25,0,0,0.56,0.0,0.0,True,0.9998394510202214,logistic,False,False,False,post,post,mild,none,live,,
3,6,communication,0.17407405855088331,0.5,-0.3980194912274846,1.0,25,0,0.0,25,0,0,0.0,0.0,0.0,False,0.8613533483174026,logistic,False,False,False,post,post,mild,none,live,,
3,7,communication,0.021664508406219085,0.5,-0.39362727781728724,1.0,25,0,0.0,25,0,0,0.0,0.0,0.0,False,0.9445825428077954,logistic,False,False,False,post,post,mild,none,live,,
3,8,communication,-1.2670755382761318,0.5,-0.43866061161662606,1.0,25,25,1.0,25,0,0,1.0,0.0,0.0,True,0.9999999980719618,logistic,False,False,False,post,post,mild,none,live,,
3,9,communication,-0.06316873521772984,0.5,-0.2690847546505266,1.0,25,0,0.0,25,0,0,0.0,0.0,0.0,True,0.9697566508036526,logistic,False,False,False,post,post,mild,none,live,,
3,10,communication,-0.4152459341694415,0.5,-0.3420385541045048,1.0,25,7,0.28,25,0,0,0.28,0.0,0.0,True,0.9988589124363273,logistic,False,False,False,post,post,mild,none,live,,
3,11,communication,-2.127018418752556,0.5,-0.40656358528822256,1.0,25,24,0.96,25,0,0,0.96,0.0,0.0,True,1.0,logistic,False,False,False,post,post,mild,none,live,,
3,12,communication,0.6674583343106568,0.5,-0.3829023614747838,1.0,25,0,0.0,25,0,0,0.0,0.0,0.0,False,0.2883558059348885,logistic,False,False,False,post,post,mild,none,live,,
3,13,communication,0.14763662677548722,0.5,-0.37625404335954965,1.0,25,0,0.0,25,0,0,0.0,0.0,0.0,False,0.8799115161842049,logistic,False,False,False,post,post,mild,none,live,,
3,14,communication,-0.40942151679534855,0.5,-0.3205142598353209,1.0,25,7,0.28,25,0,0,0.28,0.0,0.0,True,0.9987829076975078,logistic,False,False,False,post,post,mild,none,live,,
3,15,communication,-0.9937652778039918,0.5,-0.36703613394586254,1.0,25,21,0.84,25,0,0,0.84,0.0,0.0,True,0.9999996807908266,logistic,False,False,False,post,post,mild,none,live,,
3,16,communication,0.701625929228615,0.5,-0.2849752330038393,1.0,25,0,0.0,25,0,0,0.0,0.0,0.0,False,0.2507643372107289,logistic,False,False,False,post,post,mild,none,live,,
3,17,communication,-1.5142432269332358,0.5,-0.3953308175691647,1.0,25,25,1.0,25,0,0,1.0,0.0,0.0,True,0.9999999999905413,logistic,False,False,False,post,post,mild,none,live,,
3,18,communication,0.8554980242238381,0.5,-0.391012153374515,1.0,25,0,0.0,25,0,0,0.0,0.0,0.0,False,0.11801002543481132,logistic,False,False,False,post,post,mild,none,live,,
3,19,communication,-0.15880214667827217,0.5,-0.3300139556937245,1.0,25,0,0.0,25,0,0,0.0,0.0,0.0,True,0.9859542843891091,logistic,False,False,False,post,post,mild,none,live,,
3,20,communication,1.1935370430055339,0.5,-0.43063562636188396,1.0,25,0,0.0,25,0,0,0.0,0.0,0.0,False,0.010394625432421518,logistic,False,False,False,post,post,mild,none,live,,
3,21,communication,-1.237353221475364,0.5,-0.34330154584288564,1.0,25,24,0.96,25,0,0,0.96,0.0,0.0,True,0.9999999965052649,logistic,False,False,False,post,post,mild,none,live,,
3,22,communication,-0.2841398420393074,0.5,-0.46099240058336344,1.0,25,2,0.08,25,0,0,0.08,0.0,0.0,True,0.9955229213585871,logistic,False,False,False,post,post,mild,none,live,,
3,23,communication,-1.7815762007456448,0.5,-0.22043694708057002,1.0,25,23,0.92,25,0,0,0.92,0.0,0.0,True,0.9999999999999858,logistic,False,False,False,post,post,mild,none,live,,
3,24,communication,0.2958016554018752,0.5,-0.39943755036507433,1.0,25,0,0.0,25,0,0,0.0,0.0,0.0,False,0.7519570374630384,logistic,False,False,False,post,post,mild,none,live,,
3,25,communication,0.1904934972645524,0.5,-0.34452382344855254,1.0,25,0,0.0,25,0,0,0.0,0.0,0.0,False,0.848890929873223,logistic,False,False,False,post,post,mild,none,live,,
3,26,communication,-2.530893667054243,0.5,-0.30631625546992824,1.0,25,25,1.0,25,0,0,1.0,0.0,0.0,True,1.0,logistic,False,False,False,post,post,mild,none,live,,
3,27,communication,-0.5173233799201539,0.5,-0.3322305571000577,1.0,25,9,0.36,25,0,0,0.36,0.0,0.0,True,0.9996519084918822,logistic,False,False,False,post,post,mild,none,live,,
3,28,communication,-0.38706007867700215,0.5,-0.366107511935364,1.0,25,6,0.24,25,0,0,0.24,0.0,0.0,True,0.9984460889449314,logistic,False,False,False,post,post,mild,none,live,,
3,29,communication,-0.2879557214873156,0.5,-0.2915045517541035,1.0,25,2,0.08,25,0,0,0.08,0.0,0.0,True,0.9956868420862663,logistic,False,False,False,post,post,mild,none,live,,
3,30,communication,0.23340537165694603,0.5,-0.35053162502918883,1.0,25,0,0.0,25,0,0,0.0,0.0,0.0,False,0.8129040617501182,logistic,False,False,False,post,post,mild,none,live,,
3,31,communication,-2.1441670807986255,0.5,-0.33927041690545295,1.0,25,25,1.0,25,0,0,1.0,0.0,0.0,True,1.0,logistic,False,False,False,post,post,mild,none,live,,
3,32,communication,0.33841069794741646,0.5,-0.3838887240040821,1.0,25,0,0.0,25,0,0,0.0,0.0,0.0,False,0.7049292559198267,logistic,False,False,False,post,post,mild,none,live,,
3,33,communication,-0.7519193780444124,0.5,-0.4492000997803174,1.0,25,14,0.56,25,0,0,0.56,0.0,0.0,True,0.9999849735153078,logistic,False,False,False,post,post,mild,none,live,,
3,34,communication,-0.05660177992398341,0.5,-0.42632866103899614,1.0,25,0,0.0,25,0,0,0.0,0.0,0.0,True,0.9682261028664119,logistic,False,False,False,post,post,mild,none,live,,
3,35,communication,-1.4156011150251504,0.5,-0.31100021662265215,1.0,25,25,1.0,25,0,0,1.0,0.0,0.0,True,0.9999999999144898,logistic,False,False,False,post,post,mild,none,live,,
3,36,communication,-0.8644500449451085,0.5,-0.36165999256682235,1.0,25,17,0.68,25,0,0,0.68,0.0,0.0,True,0.9999972942383055,logistic,False,False,False,post,post,mild,none,live,,
3,37,communication,1.4697345265789936,0.5,-0.37999857504925993,1.0,25,0,0.0,25,0,0,0.0,0.0,0.0,False,0.0006136714506698338,logistic,False,False,False,post,post,mild,none,live,,
3,38,communication,-1.4889472868287064,0.5,-0.3448192305768232,1.0,25,24,0.96,25,0,0,0.96,0.0,0.0,True,0.9999999999831957,logistic,False,False,False,post,post,mild,none,live,,
3,39,communication,-1.242360711368062,0.5,-0.3984114469631851,1.0,25,25,1.0,25,0,0,1.0,0.0,0.0,True,0.9999999968363512,logistic,False,False,False,post,post,mild,none,live,,
3,40,communication,0.5848404422819997,0.5,-0.4106480502671863,1.0,25,0,0.0,25,0,0,0.0,0.0,0.0,False,0.38866451207010466,logistic,False,False,False,post,post,mild,none,live,,
3,41,communication,1.0078769524406894,0.5,-0.3860656813174034,1.0,25,0,0.0,25,0,0,0.0,0.0,0.0,False,0.045235045734441495,logistic,False,False,False,post,post,mild,none,live,,
3,42,communication,0.6417407923813057,0.5,-0.3726880278348221,1.0,25,0,0.0,25,0,0,0.0,0.0,0.0,False,0.31829592202021617,logistic,False,False,False,post,post,mild,none,live,,
3,43,communication,-0.2435360764031236,0.5,-0.3824322836164401,1.0,25,2,0.08,25,0,0,0.08,0.0,0.0,True,0.9934023361463845,logistic,False,False,False,post,post,mild,none,live,,
3,44,communication,-0.3499652469146054,0.5,-0.31943727069404465,1.0,25,3,0.12,25,0,0,0.12,0.0,0.0,True,0.9976958989506254,logistic,False,False,False,post,post,mild,none,live,,
3,45,communication,-0.7755304630608668,0.5,-0.3519769228863273,1.0,25,20,0.8,25,0,0,0.8,0.0,0.0,True,0.9999893955345135,logistic,False,False,False,post,post,mild,none,live,,
3,46,communication,-0.7056649662989343,0.5,-0.33512919388688056,1.0,25,19,0.76,25,0,0,0.76,0.0,0.0,True,0.9999707626789571,logistic,False,False,False,post,post,mild,none,live,,
3,47,communication,-1.2123613543024852,0.5,-0.4401207383856046,1.0,25,24,0.96,25,0,0,0.96,0.0,0.0,True,0.9999999942801027,logistic,False,False,False,post,post,mild,none,live,,
3,48,communication,0.43852296047871603,0.5,-0.3397142863372666,1.0,25,0,0.0,25,0,0,0.0,0.0,0.0,False,0.5811840391152847,logistic,False,False,False,post,post,mild,none,live,,
3,49,communication,-0.7290745189225067,0.5,-0.284171005035661,1.0,25,20,0.8,25,0,0,0.8,0.0,0.0,True,0.9999790653781293,logistic,False,False,False,post,post,mild,none,live,,
4,0,communication,0.9539815113140867,0.5,0.22703870416586833,1.0,25,0,0.0,25,0,0,0.0,0.0,0.0,False,0.06510532850570791,logistic,False,False,False,post,post,mild,none,live,,
4,1,communication,1.642089252458919,0.5,0.21486269536060962,1.0,25,0,0.0,25,0,0,0.0,0.0,0.0,False,7.034155760008115e-05,logistic,False,False,False,post,post,mild,none,live,,
4,2,communication,0.4226476003682104,0.5,0.22503776637717932,1.0,25,0,0.0,25,0,0,0.0,0.0,0.0,False,0.6017353178592628,logistic,False,False,False,post,post,mild,none,live,,
4,3,communication,-0.9288259850693965,0.5,0.1972250509552746,1.0,25,25,1.0,25,0,0,1.0,0.0,0.0,True,0.9999990451536499,logistic,False,False,False,post,post,mild,none,live,,
4,4,communication,-0.29794511705049187,0.5,0.21866668804290737,1.0,25,15,0.6,25,0,0,0.6,0.0,0.0,True,0.9960908447432895,logistic,False,False,False,post,post,mild,none,live,,
4,5,communication,-1.3190829836222426,0.5,0.29564329264773276,1.0,25,25,1.0,25,0,0,1.0,0.0,0.0,True,0.9999999993345013,logistic,False,False,False,post,post,mild,none,live,,
4,6,communication,1.6025263770317157,0.5,0.22228188074745825,1.0,25,0,0.0,25,0,0,0.0,0.0,0.0,False,0.00011888375907511421,logistic,False,False,False,post,post,mild,none,live,,
4,7,communication,-0.2240495282482836,0.5,0.27633895217282956,1.0,25,24,0.96,25,0,0,0.96,0.0,0.0,True,0.9920999019674894,logistic,False,False,False,post,post,mild,none,live,,
4,8,communication,1.0446314646686676,0.5,0.20955042115522937,1.0,25,0,0.0,25,0,0,0.0,0.0,0.0,False,0.034728296357720276,logistic,False,False,False,post,post,mild,none,live,,
4,9,communication,0.6132136500192256,0.5,0.31771150435529427,1.0,25,3,0.12,25,0,0,0.12,0.0,0.0,False,0.3529460472783308,logistic,False,False,False,post,post,mild,none,live,,
4,10,communication,-0.023114228700863826,0.5,0.302146584323426,1.0,25,13,0.52,25,0,0,0.52,0.0,0.0,True,0.9593955218868646,logistic,False,False,False,post,post,mild,none,live,,
4,11,communication,0.2952434741670339,0.5,0.31696076647075044,1.0,25,3,0.12,25,0,0,0.12,0.0,0.0,False,0.7525454536181262,logistic,False,False,False,post,post,mild,none,live,,
4,12,communication,1.1641420092607864,0.5,0.3445761652734159,1.0,25,0,0.0,25,0,0,0.0,0.0,0.0,False,0.013421039578346906,logistic,False,False,False,post,post,mild,none,live,,
4,13,communication,-1.2981974443659685,0.5,0.30971975608837804,1.0,25,24,0.96,25,0,0,0.96,0.0,0.0,True,0.9999999989762395,logistic,False,False,False,post,post,mild,none,live,,
4,14,communication,-0.1745787736626335,0.5,0.21094153342313485,1.0,25,21,0.84,25,0,0,0.84,0.0,0.0,True,0.9877308916325778,logistic,False,False,False,post,post,mild,none,live,,
4,15,communication,1.3729854714946228,0.5,0.31886609191285487,1.0,25,0,0.0,25,0,0,0.0,0.0,0.0,False,0.0018074238180540282,logistic,False,False,False,post,post,mild,none,live,,
4,16,communication,1.1374000529803254,0.5,0.15405293895529584,1.0,25,0,0.0,25,0,0,0.0,0.0,0.0,False,0.01680721099664352,logistic,False,False,False,post,post,mild,none,live,,
4,17,communication,1.3886919277632213,0.5,0.21019500324768892,1.0,25,0,0.0,25,0,0,0.0,0.0,0.0,False,0.0015267186897818124,logistic,False,False,False,post,post,mild,none,live,,
4,18,communication,-0.6532849605510818,0.5,0.15357586421635222,1.0,25,25,1.0,25,0,0,1.0,0.0,0.0,True,0.9999395473414552,logistic,False,False,False,post,post,mild,none,live,,
4,19,communication,0.48877417553730773,0.5,0.2228729503355879,1.0,25,1,0.04,25,0,0,0.04,0.0,0.0,False,0.5149247036608138,logistic,False,False,False,post,post,mild,none,live,,
4,20,communication,1.2509102589714616,0.5,0.2277081784240352,1.0,25,0,0.0,25,0,0,0.0,0.0,0.0,False,0.006156682303148318,logistic,False,False,False,post,post,mild,none,live,,
4,21,communication,0.6513464776455404,0.5,0.25839322495438793,1.0,25,0,0.0,25,0,0,0.0,0.0,0.0,False,0.30695915543131136,logistic,False,False,False,post,post,mild,none,live,,
4,22,communication,0.7722185040486541,0.5,0.24672799650947932,1.0,25,0,0.0,25,0,0,0.0,0.0,0.0,False,0.1820989727140247,logistic,False,False,False,post,post,mild,none,live,,
4,23,communication,1.0976604806712023,0.5,0.2216829353299529,1.0,25,0,0.0,25,0,0,0.0,0.0,0.0,False,0.0231744712611245,logistic,False,False,False,post,post,mild,none,live,,
4,24,communication,-1.2809274278423162,0.5,0.15904697475035684,1.0,25,25,1.0,25,0,0,1.0,0.0,0.0,True,0.9999999985434774,logistic,False,False,False,post,post,mild,none,live,,
4,25,communication,-0.4901214525293177,0.5,0.18185699332947816,1.0,25,24,0.96,25,0,0,0.96,0.0,0.0,True,0.9995172727598192,logistic,False,False,False,post,post,mild,none,live,,
4,26,communication,-1.2333446774492798,0.5,0.25854719831823597,1.0,25,25,1.0,25,0,0,1.0,0.0,0.0,True,0.9999999962161658,logistic,False,False,False,post,post,mild,none,live,,
4,27,communication,0.49547089364662705,0.5,0.253361504412894,1.0,25,0,0.0,25,0,0,0.0,0.0,0.0,False,0.5060226112761395,logistic,False,False,False,post,post,mild,none,live,,
4,28,communication,0.559962199705418,0.5,0.33614977940094276,1.0,25,0,0.0,25,0,0,0.0,0.0,0.0,False,0.4207895629450222,logistic,False,False,False,post,post,mild,none,live,,
4,29,communication,-0.19728840513905024,0.5,0.22421667385888436,1.0,25,20,0.8,25,0,0,0.8,0.0,0.0,True,0.9899451472240723,logistic,False,False,False,post,post,mild,none,live,,
4,30,communication,-0.16113019107180887,0.5,0.16803064646433524,1.0,25,20,0.8,25,0,0,0.8,0.0,0.0,True,0.9862296434361342,logistic,False,False,False,post,post,mild,none,live,,
4,31,communication,0.9264417014926489,0.5,0.13924776026188634,1.0,25,0,0.0,25,0,0,0.0,0.0,0.0,False,0.07758974484398513,logistic,False,False,False,post,post,mild,none,live,,
4,32,communication,1.136961881727071,0.5,0.18054355450649268,1.0,25,0,0.0,25,0,0,0.0,0.0,0.0,False,0.01686828529662512,logistic,False,False,False,post,post,mild,none,live,,
4,33,communication,0.6288424122067807,0.5,0.21932216039427518,1.0,25,0,0.0,25,0,0,0.0,0.0,0.0,False,0.33378889824459274,logistic,False,False,False,post,post,mild,none,live,,
4,34,communication,1.1743550103909168,0.5,0.3170704627231909,1.0,25,0,0.0,25,0,0,0.0,0.0,0.0,False,0.012292877071634921,logistic,False,False,False,post,post,mild,none,live,,
4,35,communication,2.226496962900631,0.5,0.2870192945164419,1.0,25,0,0.0,25,0,0,0.0,0.0,0.0,False,4.332349358809194e-09,logistic,False,False,False,post,post,mild,none,live,,
4,36,communication,-0.21655029087269223,0.5,0.2698750051549882,1.0,25,23,0.92,25,0,0,0.92,0.0,0.0,True,0.9915413681558491,logistic,False,False,False,post,post,mild,none,live,,
4,37,communication,1.6068739559522929,0.5,0.2830213862439306,1.0,25,0,0.0,25,0,0,0.0,0.0,0.0,False,0.00011231235750246741,logistic,False,False,False,post,post,mild,none,live,,
4,38,communication,0.06896592208311772,0.5,0.29164810396287305,1.0,25,8,0.32,25,0,0,0.32,0.0,0.0,True,0.9246097794106578,logistic,False,False,False,post,post,mild,none,live,,
4,39,communication,-0.30532277000995317,0.5,0.3141033154394684,1.0,25,24,0.96,25,0,0,0.96,0.0,0.0,True,0.9963670945346014,logistic,False,False,False,post,post,mild,none,live,,
4,40,communication,1.0636174838746126,0.5,0.1603896329082464,1.0,25,0,0.0,25,0,0,0.0,0.0,0.0,False,0.030141029868569303,logistic,False,False,False,post,post,mild,none,live,,
4,41,communication,-0.1544483628399911,0.5,0.08410062124510004,1.0,25,7,0.28,25,0,0,0.28,0.0,0.0,True,0.9854265711704158,logistic,False,False,False,post,post,mild,none,live,,
4,42,communication,-0.35771847753113584,0.5,0.16355770051474627,1.0,25,16,0.64,25,0,0,0.64,0.0,0.0,True,0.9978755186095353,logistic,False,False,False,post,post,mild,none,live,,
4,43,communication,0.1791137850330479,0.5,0.19766889189410822,1.0,25,5,0.2,25,0,0,0.2,0.0,0.0,True,0.8576049668152469,logistic,False,False,False,post,post,mild,none,live,,
4,44,communication,-0.5131293006779329,0.5,0.2417412040561201,1.0,25,18,0.72,25,0,0,0.72,0.0,0.0,True,0.9996337248322251,logistic,False,False,False,post,post,mild,none,live,,
4,45,communication,0.261879199103165,0.5,0.28405016650867443,1.0,25,6,0.24,25,0,0,0.24,0.0,0.0,False,0.7863254319760299,logistic,False,False,False,post,post,mild,none,live,,
4,46,communication,1.4470397076023784,0.5,0.27709334701719546,1.0,25,0,0.0,25,0,0,0.0,0.0,0.0,False,0.0007975562203905297,logistic,False,False,False,post,post,mild,none,live,,
4,47,communication,1.2170235956003146,0.5,0.2670376593298073,1.0,25,0,0.0,25,0,0,0.0,0.0,0.0,False,0.008422382500135809,logistic,False,False,False,post,post,mild,none,live,,
4,48,communication,0.0908356766676737,0.5,0.27022399107229617,1.0,25,5,0.2,25,0,0,0.2,0.0,0.0,True,0.9136975014363938,logistic,False,False,False,post,post,mild,none,live,,
4,49,communication,-0.298598745805587,0.5,0.2851324876844564,1.0,25,25,1.0,25,0,0,1.0,0.0,0.0,True,0.9961160578376024,logistic,False,False,False,post,post,mild,none,live,,
5,0,communication,-0.1368443034004615,0.5,0.2709727234266542,1.0,25,13,0.52,25,0,0,0.52,0.0,0.0,True,0.9831152938408854,logistic,False,False,False,post,post,mild,none,live,,
5,1,communication,-0.10084696085104472,0.5,0.20576871598176583,1.0,25,15,0.6,25,0,0,0.6,0.0,0.0,True,0.9774018657752078,logistic,False,False,False,post,post,mild,none,live,,
5,2,communication,1.5580717747283643,0.5,0.11744619139959477,1.0,25,0,0.0,25,0,0,0.0,0.0,0.0,False,0.00021022306890205008,logistic,False,False,False,post,post,mild,none,live,,
5,3,communication,2.110563823106477,0.5,0.08794024552772126,1.0,25,0,0.0,25,0,0,0.0,0.0,0.0,False,3.968695684577385e-08,logistic,False,False,False,post,post,mild,none,live,,
5,4,communication,1.1740146204448627,0.5,0.23043699811684604,1.0,25,0,0.0,25,0,0,0.0,0.0,0.0,False,0.012329110659909107,logistic,False,False,False,post,post,mild,none,live,,
5,5,communication,1.3072194557422407,0.5,0.2234912835338595,1.0,25,0,0.0,25,0,0,0.0,0.0,0.0,False,0.003564777303692226,logistic,False,False,False,post,post,mild,none,live,,
5,6,communication,0.2549469999820083,0.5,0.2929634054101329,1.0,25,1,0.04,25,0,0,0.04,0.0,0.0,False,0.7929910176459165,logistic,False,False,False,post,post,mild,none,live,,
5,7,communication,1.0106840362003036,0.5,0.23301544151475467,1.0,25,0,0.0,25,0,0,0.0,0.0,0.0,False,0.04435143477523719,logistic,False,False,False,post,post,mild,none,live,,
5,8,communication,-0.09827080805423904,0.5,0.29941908050388183,1.0,25,25,1.0,25,0,0,1.0,0.0,0.0,True,0.9769368666330591,logistic,False,False,False,post,post,mild,none,live,,
5,9,communication,0.5315457862349121,0.5,0.20341893052729706,1.0,25,0,0.0,25,0,0,0.0,0.0,0.0,False,0.4581273526780213,logistic,False,False,False,post,post,mild,none,live,,
5,10,communication,-0.1504808840362103,0.5,0.2753412358361809,1.0,25,16,0.64,25,0,0,0.64,0.0,0.0,True,0.9849309105117106,logistic,False,False,False,post,post,mild,none,live,,
5,11,communication,0.718309775129021,0.5,0.194125031726106,1.0,25,0,0.0,25,0,0,0.0,0.0,0.0,False,0.23339885464805482,logistic,False,False,False,post,post,mild,none,live,,
5,12,communication,-0.2338840047007098,0.5,0.1622020776372029,1.0,25,19,0.76,25,0,0,0.76,0.0,0.0,True,0.9927830574838481,logistic,False,False,False,post,post,mild,none,live,,
5,13,communication,0.418234772896538,0.5,0.19233139507437538,1.0,25,0,0.0,25,0,0,0.0,0.0,0.0,False,0.6074007153207145,logistic,False,False,False,post,post,mild,none,live,,
5,14,communication,-1.0220846836596977,0.5,0.1788073013699033,1.0,25,25,1.0,25,0,0,1.0,0.0,0.0,True,0.9999998048364294,logistic,False,False,False,post,post,mild,none,live,,
5,15,communication,-0.23370361150236602,0.5,0.19707303269022836,1.0,25,21,0.84,25,0,0,0.84,0.0,0.0,True,0.9927710110853636,logistic,False,False,False,post,post,mild,none,live,,
5,16,communication,-0.5142076010927823,0.5,0.31630807771846553,1.0,25,24,0.96,25,0,0,0.96,0.0,0.0,True,0.9996384823026889,logistic,False,False,False,post,post,mild,none,live,,
5,17,communication,0.08028112594422965,0.5,0.3009514673265129,1.0,25,13,0.52,25,0,0,0.52,0.0,0.0,True,0.919102941126438,logistic,False,False,False,post,post,mild,none,live,,
5,18,communication,-0.34414847155728295,0.5,0.1461130459247187,1.0,25,20,0.8,25,0,0,0.8,0.0,0.0,True,0.9975522310881121,logistic,False,False,False,post,post,mild,none,live,,
5,19,communication,-0.059852358808790196,0.5,0.2150866107801641,1.0,25,9,0.36,25,0,0,0.36,0.0,0.0,True,0.9689915243017243,logistic,False,False,False,post,post,mild,none,live,,
5,20,communication,-0.03220013453415588,0.5,0.27431142787303325,1.0,25,13,0.52,25,0,0,0.52,0.0,0.0,True,0.9619684619333833,logistic,False,False,False,post,post,mild,none,live,,
5,21,communication,-0.055433791343225625,0.5,0.17257033112680958,1.0,25,12,0.48,25,0,0,0.48,0.0,0.0,True,0.9679472896462183,logistic,False,False,False,post,post,mild,none,live,,
5,22,communication,0.5231980502772482,0.5,0.141258351582366,1.0,25,1,0.04,25,0,0,0.04,0.0,0.0,False,0.4691817720815462,logistic,False,False,False,post,post,mild,none,live,,
5,23,communication,-0.7370488367259876,0.5,0.22232187496987366,1.0,25,23,0.92,25,0,0,0.92,0.0,0.0,True,0.9999813417627539,logistic,False,False,False,post,post,mild,none,live,,
5,24,communication,-0.7699506738615481,0.5,0.13507328745841132,1.0,25,25,1.0,25,0,0,1.0,0.0,0.0,True,0.9999884789345996,logistic,False,False,False,post,post,mild,none,live,,
5,25,communication,0.4599949884361896,0.5,0.2138931377211664,1.0,25,0,0.0,25,0,0,0.0,0.0,0.0,False,0.553041722055164,logistic,False,False,False,post,post,mild,none,live,,
5,26,communication,0.7382557569234605,0.5,0.2443908694816947,1.0,25,0,0.0,25,0,0,0.0,0.0,0.0,False,0.213543620549345,logistic,False,False,False,post,post,mild,none,live,,
5,27,communication,0.8120516257756292,0.5,0.24926266752467696,1.0,25,0,0.0,25,0,0,0.0,0.0,0.0,False,0.1491299788646318,logistic,False,False,False,post,post,mild,none,live,,
5,28,communication,-0.21906813455797083,0.5,0.19104449118432978,1.0,25,19,0.76,25,0,0,0.76,0.0,0.0,True,0.9917326419553198,logistic,False,False,False,post,post,mild,none,live,,
5,29,communication,-0.6589027755612061,0.5,0.22079415609362255,1.0,25,24,0.96,25,0,0,0.96,0.0,0.0,True,0.9999440006178285,logistic,False,False,False,post,post,mild,none,live,,
5,30,communication,-0.9276276974771911,0.5,0.24657260934888117,1.0,25,25,1.0,25,0,0,1.0,0.0,0.0,True,0.999999026065776,logistic,False,False,False,post,post,mild,none,live,,
5,31,communication,1.4054873285382186,0.5,0.2556118488365544,1.0,25,0,0.0,25,0,0,0.0,0.0,0.0,False,0.0012710229858004804,logistic,False,False,False,post,post,mild,none,live,,
5,32,communication,1.1195200839917816,0.5,0.2599473057990328,1.0,25,0,0.0,25,0,0,0.0,0.0,0.0,False,0.01945833317581851,logistic,False,False,False,post,post,mild,none,live,,
5,33,communication,2.662320835649859,0.5,0.26641079972834625,1.0,25,0,0.0,25,0,0,0.0,0.0,0.0,False,2.844486919150853e-13,logistic,False,False,False,post,post,mild,none,live,,
5,34,communication,0.5628224768746402,0.5,0.27735142926858575,1.0,25,0,0.0,25,0,0,0.0,0.0,0.0,False,0.4170647740451549,logistic,False,False,False,post,post,mild,none,live,,
5,35,communication,0.47273638415297453,0.5,0.22136703987265072,1.0,25,1,0.04,25,0,0,0.04,0.0,0.0,False,0.5362055202017241,logistic,False,False,False,post,post,mild,none,live,,
5,36,communication,0.6910599137220369,0.5,0.22152207993856052,1.0,25,0,0.0,25,0,0,0.0,0.0,0.0,False,0.26210594205160237,logistic,False,False,False,post,post,mild,none,live,,
5,37,communication,0.5341990300413303,0.5,0.24912942146542638,1.0,25,0,0.0,25,0,0,0.0,0.0,0.0,False,0.45462017822660866,logistic,False,False,False,post,post,mild,none,live,,
5,38,communication,0.028659072484603157,0.5,0.15280450913383298,1.0,25,12,0.48,25,0,0,0.48,0.0,0.0,True,0.9419245183103675,logistic,False,False,False,post,post,mild,none,live,,
5,39,communication,-1.294725349702129,0.5,0.22294873485945405,1.0,25,25,1.0,25,0,0,1.0,0.0,0.0,True,0.9999999989007529,logistic,False,False,False,post,post,mild,none,live,,
5,40,communication,-0.020688606147564542,0.5,0.22280695090640315,1.0,25,10,0.4,25,0,0,0.4,0.0,0.0,True,0.9586852449049315,logistic,False,False,False,post,post,mild,none,live,,
5,41,communication,1.2937749984025348,0.5,0.16026967947587684,1.0,25,0,0.0,25,0,0,0.0,0.0,0.0,False,0.004073494255477996,logistic,False,False,False,post,post,mild,none,live,,
5,42,communication,-1.0951143559234282,0.5,0.17750953977317346,1.0,25,24,0.96,25,0,0,0.96,0.0,0.0,True,0.9999999472678304,logistic,False,False,False,post,post,mild,none,live,,
5,43,communication,1.0861647936068017,0.5,0.17501339875781483,1.0,25,0,0.0,25,0,0,0.0,0.0,0.0,False,0.025357548711182832,logistic,False,False,False,post,post,mild,none,live,,
5,44,communication,-0.1946973883805888,0.5,0.2940128446789273,1.0,25,21,0.84,25,0,0,0.84,0.0,0.0,True,0.9897115242786728,logistic,False,False,False,post,post,mild,none,live,,
5,45,communication,0.9261084845586226,0.5,0.20874733737439458,1.0,25,0,0.0,25,0,0,0.0,0.0,0.0,False,0.07775121583874144,logistic,False,False,False,post,post,mild,none,live,,
5,46,communication,0.40189069947874256,0.5,0.20470280209747266,1.0,25,0,0.0,25,0,0,0.0,0.0,0.0,False,0.628177781359551,logistic,False,False,False,post,post,mild,none,live,,
5,47,communication,0.25319733580196047,0.5,0.18232508267898895,1.0,25,1,0.04,25,0,0,0.04,0.0,0.0,False,0.7946537378005767,logistic,False,False,False,post,post,mild,none,live,,
5,48,communication,-1.7202337937194663,0.5,0.13649145323228998,1.0,25,25,1.0,25,0,0,1.0,0.0,0.0,True,0.9999999999999323,logistic,False,False,False,post,post,mild,none,live,,
5,49,communication,-0.18005474038172692,0.5,0.3022651229452192,1.0,25,21,0.84,25,0,0,0.84,0.0,0.0,True,0.9883002783019148,logistic,False,False,False,post,post,mild,none,live,,
6,0,communication,-2.3975417220327713,0.5,-0.10093086088896754,1.0,25,25,1.0,25,0,0,1.0,0.0,0.0,True,1.0,logistic,False,False,False,post,post,mild,none,live,,
6,1,communication,1.4656113346104158,0.5,-0.11701511570883431,1.0,25,0,0.0,25,0,0,0.0,0.0,0.0,False,0.0006438556778775909,logistic,False,False,False,post,post,mild,none,live,,
6,2,communication,0.493767914391922,0.5,-0.07286382932239191,1.0,25,0,0.0,25,0,0,0.0,0.0,0.0,False,0.5082868787851142,logistic,False,False,False,post,post,mild,none,live,,
6,3,communication,-1.1097853967719007,0.5,-0.1469125293097835,1.0,25,23,0.92,25,0,0,0.92,0.0,0.0,True,0.999999959738171,logistic,False,False,False,post,post,mild,none,live,,
6,4,communication,0.3646167694011161,0.5,-0.0209004802176129,1.0,25,0,0.0,25,0,0,0.0,0.0,0.0,False,0.6741051971187597,logistic,False,False,False,post,post,mild,none,live,,
6,5,communication,-0.2697594372110288,0.5,-0.11512505053675501,1.0,25,7,0.28,25,0,0,0.28,0.0,0.0,True,0.9948540531159106,logistic,False,False,False,post,post,mild,none,live,,
6,6,communication,-1.246718807743687,0.5,-0.07135506995604832,1.0,25,25,1.0,25,0,0,1.0,0.0,0.0,True,0.9999999970995055,logistic,False,False,False,post,post,mild,none,live,,
6,7,communication,-1.931471335070416,0.5,-0.13030135863763412,1.0,25,25,1.0,25,0,0,1.0,0.0,0.0,True,0.9999999999999998,logistic,False,False,False,post,post,mild,none,live,,
6,8,communication,-0.4206713065272364,0.5,-0.09876565877421004,1.0,25,14,0.56,25,0,0,0.56,0.0,0.0,True,0.9989257731866703,logistic,False,False,False,post,post,mild,none,live,,
6,9,communication,-0.24218397485109688,0.5,-0.03773961676801124,1.0,25,6,0.24,25,0,0,0.24,0.0,0.0,True,0.9933185162380359,logistic,False,False,False,post,post,mild,none,live,,
6,10,communication,-0.9116655062754153,0.5,-0.16144696676558967,1.0,25,24,0.96,25,0,0,0.96,0.0,0.0,True,0.9999987340982682,logistic,False,False,False,post,post,mild,none,live,,
6,11,communication,0.00915454586124373,0.5,-0.18124459129156462,1.0,25,0,0.0,25,0,0,0.0,0.0,0.0,False,0.9490960594201036,logistic,False,False,False,post,post,mild,none,live,,
6,12,communication,0.40081007697251214,0.5,-0.14499574887594593,1.0,25,0,0.0,25,0,0,0.0,0.0,0.0,False,0.6295391707701454,logistic,False,False,False,post,post,mild,none,live,,
6,13,communication,0.950442499912048,0.5,-0.032825238461002146,1.0,25,0,0.0,25,0,0,0.0,0.0,0.0,False,0.06661637410280946,logistic,False,False,False,post,post,mild,none,live,,
6,14,communication,-0.9294843002496764,0.5,-0.13264586607960094,1.0,25,23,0.92,25,0,0,0.92,0.0,0.0,True,0.9999990554866436,logistic,False,False,False,post,post,mild,none,live,,
6,15,communication,-0.18687333868140027,0.5,-0.07414899357981963,1.0,25,14,0.56,25,0,0,0.56,0.0,0.0,True,0.988977098307058,logistic,False,False,False,post,post,mild,none,live,,
6,16,communication,-0.9874317362181178,0.5,-0.19373428945706878,1.0,25,22,0.88,25,0,0,0.88,0.0,0.0,True,0.9999996440809893,logistic,False,False,False,post,post,mild,none,live,,
6,17,communication,0.42393696834972583,0.5,-0.07491851249359684,1.0,25,0,0.0,25,0,0,0.0,0.0,0.0,False,0.6000758509441971,logistic,False,False,False,post,post,mild,none,live,,
6,18,communication,-0.642160698091459,0.5,-0.14711127382336636,1.0,25,17,0.68,25,0,0,0.68,0.0,0.0,True,0.9999297261220076,logistic,False,False,False,post,post,mild,none,live,,
6,19,communication,-0.04023430610074888,0.5,-0.05742557944571875,1.0,25,2,0.08,25,0,0,0.08,0.0,0.0,True,0.964131299237143,logistic,False,False,False,post,post,mild,none,live,,
6,20,communication,-1.13359836201811,0.5,-0.14794863631294303,1.0,25,25,1.0,25,0,0,1.0,0.0,0.0,True,0.9999999741449768,logistic,False,False,False,post,post,mild,none,live,,
6,21,communication,0.3977302686352774,0.5,-0.007345312795841635,1.0,25,0,0.0,25,0,0,0.0,0.0,0.0,False,0.633410230524754,logistic,False,False,False,post,post,mild,none,live,,
6,22,communication,-0.4748707235798041,0.5,-0.1440569824611469,1.0,25,18,0.72,25,0,0,0.72,0.0,0.0,True,0.9994220999848512,logistic,False,False,False,post,post,mild,none,live,,
6,23,communication,-0.017164445877998924,0.5,-0.09413814542088755,1.0,25,4,0.16,25,0,0,0.16,0.0,0.0,True,0.9576353799080397,logistic,False,False,False,post,post,mild,none,live,,
6,24,communication,1.0681407139250867,0.5,-0.08897531628309145,1.0,25,0,0.0,25,0,0,0.0,0.0,0.0,False,0.029125622836973394,logistic,False,False,False,post,post,mild,none,live,,
6,25,communication,0.9339192305911985,0.5,-0.12027339054684343,1.0,25,0,0.0,25,0,0,0.0,0.0,0.0,False,0.0740328803994152,logistic,False,False,False,post,post,mild,none,live,,
6,26,communication,-1.4458961732689304,0.5,-0.06571609636737702,1.0,25,25,1.0,25,0,0,1.0,0.0,0.0,True,0.9999999999560211,logistic,False,False,False,post,post,mild,none,live,,
6,27,communication,-1.2123972145741284,0.5,-0.13782170676176006,1.0,25,25,1.0,25,0,0,1.0,0.0,0.0,True,0.9999999942841172,logistic,False,False,False,post,post,mild,none,live,,
6,28,communication,1.3174126638585848,0.5,-0.18800629202905395,1.0,25,0,0.0,25,0,0,0.0,0.0,0.0,False,0.003217910319913171,logistic,False,False,False,post,post,mild,none,live,,
6,29,communication,0.9601921782003368,0.5,-0.07153880977626297,1.0,25,0,0.0,25,0,0,0.0,0.0,0.0,False,0.06251803356736851,logistic,False,False,False,post,post,mild,none,live,,
6,30,communication,-0.35938894325637855,0.5,-0.030825621410827522,1.0,25,17,0.68,25,0,0,0.68,0.0,0.0,True,0.9979125150200477,logistic,False,False,False,post,post,mild,none,live,,
6,31,communication,0.19940440209729143,0.5,-0.12150310150173527,1.0,25,0,0.0,25,0,0,0.0,0.0,0.0,False,0.8418246600560164,logistic,False,False,False,post,post,mild,none,live,,
6,32,communication,1.0413942296463587,0.5,-0.14480009628445611,1.0,25,0,0.0,25,0,0,0.0,0.0,0.0,False,0.03556493534410747,logistic,False,False,False,post,post,mild,none,live,,
6,33,communication,-1.0911830370834779,0.5,-0.16458531920813044,1.0,25,24,0.96,25,0,0,0.96,0.0,0.0,True,0.9999999433362858,logistic,False,False,False,post,post,mild,none,live,,
6,34,communication,-1.9717144533673265,0.5,-0.06458093868348969,1.0,25,24,0.96,25,0,0,0.96,0.0,0.0,True,0.9999999999999999,logistic,False,False,False,post,post,mild,none,live,,
6,35,communication,-2.199236244127945,0.5,-0.17063117269263742,1.0,25,25,1.0,25,0,0,1.0,0.0,0.0,True,1.0,logistic,False,False,False,post,post,mild,none,live,,
6,36,communication,-0.8806327630357215,0.5,0.007415780211137743,1.0,25,23,0.92,25,0,0,0.92,0.0,0.0,True,0.9999979088310414,logistic,False,False,False,post,post,mild,none,live,,
6,37,communication,2.544241190229987,0.5,-0.0704633766505701,1.0,25,0,0.0,25,0,0,0.0,0.0,0.0,False,4.7415551529643995e-12,logistic,False,False,False,post,post,mild,none,live,,
6,38,communication,-1.1784143461062675,0.5,0.015038756523063038,1.0,25,24,0.96,25,0,0,0.96,0.0,0.0,True,0.9999999889507438,logistic,False,False,False,post,post,mild,none,live,,
6,39,communication,-0.48997317072576846,0.5,-0.1510880473954015,1.0,25,13,0.52,25,0,0,0.52,0.0,0.0,True,0.9995164217839675,logistic,False,False,False,post,post,mild,none,live,,
6,40,communication,-0.1252368295430488,0.5,-0.1748423127364186,1.0,25,7,0.28,25,0,0,0.28,0.0,0.0,True,0.9814254991020054,logistic,False,False,False,post,post,mild,none,live,,
6,41,communication,-1.2536436060629899,0.5,-0.10833555417081138,1.0,25,25,1.0,25,0,0,1.0,0.0,0.0,True,0.9999999974744319,logistic,False,False,False,post,post,mild,none,live,,
6,42,communication,0.19161302912743547,0.5,-0.1475288318778075,1.0,25,0,0.0,25,0,0,0.0,0.0,0.0,False,0.8480148712079933,logistic,False,False,False,post,post,mild,none,live,,
6,43,communication,0.9718887072721925,0.5,-0.14489604772598602,1.0,25,0,0.0,25,0,0,0.0,0.0,0.0,False,0.05786376730296058,logistic,False,False,False,post,post,mild,none,live,,
6,44,communication,-2.0240479725206293,0.5,-0.0652667331802679,1.0,25,24,0.96,25,0,0,0.96,0.0,0.0,True,1.0,logistic,False,False,False,post,post,mild,none,live,,
6,45,communication,-1.4388461420991685,0.5,-0.1050816819806304,1.0,25,25,1.0,25,0,0,1.0,0.0,0.0,True,0.9999999999486154,logistic,False,False,False,post,post,mild,none,live,,
6,46,communication,-1.1622936868054512,0.5,-0.054107752464929035,1.0,25,24,0.96,25,0,0,0.96,0.0,0.0,True,0.9999999849607317,logistic,False,False,False,post,post,mild,none,live,,
6,47,communication,1.6043053850091828,0.5,-0.2028687707828401,1.0,25,0,0.0,25,0,0,0.0,0.0,0.0,False,0.00011615232411762953,logistic,False,False,False,post,post,mild,none,live,,
6,48,communication,-0.2716977366584903,0.5,-0.07780040120981613,1.0,25,9,0.36,25,0,0,0.36,0.0,0.0,True,0.9949491109039748,logistic,False,False,False,post,post,mild,none,live,,
6,49,communication,0.09795540140180033,0.5,-0.05981636403345102,1.0,25,0,0.0,25,0,0,0.0,0.0,0.0,False,0.9099014908872678,logistic,False,False,False,post,post,mild,none,live,,
7,0,communication,1.3049332485859126,0.5,-0.23623148236505614,1.0,25,0,0.0,25,0,0,0.0,0.0,0.0,False,0.0036470406863508054,logistic,False,False,False,post,post,mild,none,live,,
7,1,communication,0.021053719865935683,0.5,-0.31958058803037537,1.0,25,0,0.0,25,0,0,0.0,0.0,0.0,False,0.9448100140212139,logistic,False,False,False,post,post,mild,none,live,,
7,2,communication,-0.7805249272396219,0.5,-0.3049784977436675,1.0,25,19,0.76,25,0,0,0.76,0.0,0.0,True,0.9999901567220146,logistic,False,False,False,post,post,mild,none,live,,
7,3,communication,0.03742058823738298,0.5,-0.30445792390502735,1.0,25,0,0.0,25,0,0,0.0,0.0,0.0,False,0.9384548643542641,logistic,False,False,False,post,post,mild,none,live,,
7,4,communication,0.2000217664595827,0.5,-0.32103603291360905,1.0,25,0,0.0,25,0,0,0.0,0.0,0.0,False,0.8413271892783327,logistic,False,False,False,post,post,mild,none,live,,
7,5,communication,-0.6339508645217076,0.5,-0.2933994266021096,1.0,25,13,0.52,25,0,0,0.52,0.0,0.0,True,0.9999215342227429,logistic,False,False,False,post,post,mild,none,live,,
7,6,communication,-1.299691649512207,0.5,-0.33606168525516017,1.0,25,25,1.0,25,0,0,1.0,0.0,0.0,True,0.9999999990071481,logistic,False,False,False,post,post,mild,none,live,,
7,7,communication,-0.2328177383023434,0.5,-0.2550854638737831,1.0,25,5,0.2,25,0,0,0.2,0.0,0.0,True,0.9927115960339586,logistic,False,False,False,post,post,mild,none,live,,
7,8,communication,-0.5014982294574741,0.5,-0.2508793534232298,1.0,25,10,0.4,25,0,0,0.4,0.0,0.0,True,0.9995785781721898,logistic,False,False,False,post,post,mild,none,live,,
7,9,communication,0.46834432757851746,0.5,-0.3228108590796473,1.0,25,0,0.0,25,0,0,0.0,0.0,0.0,False,0.5420179663642096,logistic,False,False,False,post,post,mild,none,live,,
7,10,communication,-0.7099832898000147,0.5,-0.36581407286514184,1.0,25,11,0.44,25,0,0,0.44,0.0,0.0,True,0.9999724978852352,logistic,False,False,False,post,post,mild,none,live,,
7,11,communication,-1.1519747213213098,0.5,-0.2931085716126755,1.0,25,23,0.92,25,0,0,0.92,0.0,0.0,True,0.9999999817066628,logistic,False,False,False,post,post,mild,none,live,,
7,12,communication,-0.20773295855668464,0.5,-0.3124826675519584,1.0,25,1,0.04,25,0,0,0.04,0.0,0.0,True,0.9908405841943854,logistic,False,False,False,post,post,mild,none,live,,
7,13,communication,0.04811376488391661,0.5,-0.2767178401688178,1.0,25,0,0.0,25,0,0,0.0,0.0,0.0,False,0.9340033008339563,logistic,False,False,False,post,post,mild,none,live,,
7,14,communication,-0.7526144891557325,0.5,-0.3142895170387332,1.0,25,22,0.88,25,0,0,0.88,0.0,0.0,True,0.9999851256544688,logistic,False,False,False,post,post,mild,none,live,,
7,15,communication,-1.476088567512342,0.5,-0.252503331244915,1.0,25,25,1.0,25,0,0,1.0,0.0,0.0,True,0.9999999999775542,logistic,False,False,False,post,post,mild,none,live,,
7,16,communication,-1.1883576148737443,0.5,-0.309583029941456,1.0,25,25,1.0,25,0,0,1.0,0.0,0.0,True,0.9999999908769781,logistic,False,False,False,post,post,mild,none,live,,
7,17,communication,0.6310622590076188,0.5,-0.36469802984802935,1.0,25,0,0.0,25,0,0,0.0,0.0,0.0,False,0.33110129300992674,logistic,False,False,False,post,post,mild,none,live,,
7,18,communication,-0.7413325743259457,0.5,-0.3264699632845223,1.0,25,22,0.88,25,0,0,0.88,0.0,0.0,True,0.9999824655183874,logistic,False,False,False,post,post,mild,none,live,,
7,19,communication,-0.09995496113532798,0.5,-0.2403187742140873,1.0,25,3,0.12,25,0,0,0.12,0.0,0.0,True,0.9772417611953857,logistic,False,False,False,post,post,mild,none,live,,
7,20,communication,0.3457214330132944,0.5,-0.2729330941422915,1.0,25,0,0.0,25,0,0,0.0,0.0,0.0,False,0.6964655487415276,logistic,False,False,False,post,post,mild,none,live,,
7,21,communication,-1.3686065190560799,0.5,-0.3385344241805645,1.0,25,25,1.0,25,0,0,1.0,0.0,0.0,True,0.9999999997648219,logistic,False,False,False,post,post,mild,none,live,,
7,22,communication,-1.2439560610979195,0.5,-0.2490646011203609,1.0,25,25,1.0,25,0,0,1.0,0.0,0.0,True,0.9999999969352714,logistic,False,False,False,post,post,mild,none,live,,
7,23,communication,0.49761076747009897,0.5,-0.3128937196848833,1.0,25,0,0.0,25,0,0,0.0,0.0,0.0,False,0.5031771859930163,logistic,False,False,False,post,post,mild,none,live,,
7,24,communication,0.30812423442611425,0.5,-0.398522331904935,1.0,25,0,0.0,25,0,0,0.0,0.0,0.0,False,0.7387790693914937,logistic,False,False,False,post,post,mild,none,live,,
7,25,communication,-1.3072513093185745,0.5,-0.2749582866810245,1.0,25,25,1.0,25,0,0,1.0,0.0,0.0,True,0.9999999991501073,logistic,False,False,False,post,post,mild,none,live,,
7,26,communication,-1.7525148156620411,0.5,-0.2047072268558666,1.0,25,25,1.0,25,0,0,1.0,0.0,0.0,True,0.99999999999997,logistic,False,False,False,post,post,mild,none,live,,
7,27,communication,-1.289926644862791,0.5,-0.3174738137373623,1.0,25,25,1.0,25,0,0,1.0,0.0,0.0,True,0.9999999987874382,logistic,False,False,False,post,post,mild,none,live,,
7,28,communication,-0.6799285307088767,0.5,-0.3407747350325039,1.0,25,15,0.6,25,0,0,0.6,0.0,0.0,True,0.9999580704800815,logistic,False,False,False,post,post,mild,none,live,,
7,29,communication,0.9964755323675872,0.5,-0.35610830329353804,1.0,25,0,0.0,25,0,0,0.0,0.0,0.0,False,0.048970521483803625,logistic,False,False,False,post,post,mild,none,live,,
7,30,communication,-0.03773672303000669,0.5,-0.32268719961059117,1.0,25,0,0.0,25,0,0,0.0,0.0,0.0,True,0.9634700038155045,logistic,False,False,False,post,post,mild,none,live,,
7,31,communication,-0.34299579581083484,0.5,-0.2637385945175847,1.0,25,5,0.2,25,0,0,0.2,0.0,0.0,True,0.9975228171405024,logistic,False,False,False,post,post,mild,none,live,,
7,32,communication,-0.6678466040988508,0.5,-0.30342574038728504,1.0,25,12,0.48,25,0,0,0.48,0.0,0.0,True,0.9999504575755969,logistic,False,False,False,post,post,mild,none,live,,
7,33,communication,-2.015773135500474,0.5,-0.23434750241886762,1.0,25,25,1.0,25,0,0,1.0,0.0,0.0,True,1.0,logistic,False,False,False,post,post,mild,none,live,,
7,34,communication,-0.6794934898236702,0.5,-0.29210107203715996,1.0,25,19,0.76,25,0,0,0.76,0.0,0.0,True,0.9999578167010864,logistic,False,False,False,post,post,mild,none,live,,
7,35,communication,-1.7309647291265173,0.5,-0.2567984527380362,1.0,25,25,1.0,25,0,0,1.0,0.0,0.0,True,0.9999999999999484,logistic,False,False,False,post,post,mild,none,live,,
7,36,communication,-1.2995511655672702,0.5,-0.34593394427986224,1.0,25,24,0.96,25,0,0,0.96,0.0,0.0,True,0.9999999990042813,logistic,False,False,False,post,post,mild,none,live,,
7,37,communication,0.6649419798515086,0.5,-0.3913533749565676,1.0,25,0,0.0,25,0,0,0.0,0.0,0.0,False,0.2912260158268974,logistic,False,False,False,post,post,mild,none,live,,
7,38,communication,-0.417022830110497,0.5,-0.26148379400306354,1.0,25,8,0.32,25,0,0,0.32,0.0,0.0,True,0.9988812189710954,logistic,False,False,False,post,post,mild,none,live,,
7,39,communication,0.26557189205220355,0.5,-0.2591534664138767,1.0,25,0,0.0,25,0,0,0.0,0.0,0.0,False,0.7827243096965653,logistic,False,False,False,post,post,mild,none,live,,
7,40,communication,1.059343158562029,0.5,-0.3012816737039326,1.0,25,0,0.0,25,0,0,0.0,0.0,0.0,False,0.031127360578734744,logistic,False,False,False,post,post,mild,none,live,,
7,41,communication,-0.4411122530486368,0.5,-0.2623758232738819,1.0,25,9,0.36,25,0,0,0.36,0.0,0.0,True,0.9991466882441274,logistic,False,False,False,post,post,mild,none,live,,
7,42,communication,-1.9286208414629473,0.5,-0.3165311530372341,1.0,25,24,0.96,25,0,0,0.96,0.0,0.0,True,0.9999999999999997,logistic,False,False,False,post,post,mild,none,live,,
7,43,communication,-1.1737421731869746,0.5,-0.30555336495701574,1.0,25,25,1.0,25,0,0,1.0,0.0,0.0,True,0.999999987914508,logistic,False,False,False,post,post,mild,none,live,,
7,44,communication,0.04032257105478981,0.5,-0.3168967724077974,1.0,25,0,0.0,25,0,0,0.0,0.0,0.0,False,0.9372706214086757,logistic,False,False,False,post,post,mild,none,live,,
7,45,communication,-1.84624559549194,0.5,-0.25793583222097183,1.0,25,25,1.0,25,0,0,1.0,0.0,0.0,True,0.9999999999999973,logistic,False,False,False,post,post,mild,none,live,,
7,46,communication,-0.5344223446825542,0.5,-0.2195046359413881,1.0,25,17,0.68,25,0,0,0.68,0.0,0.0,True,0.9997177008401831,logistic,False,False,False,post,post,mild,none,live,,
7,47,communication,0.11993784503545901,0.5,-0.2657488412295932,1.0,25,0,0.0,25,0,0,0.0,0.0,0.0,False,0.897399799767406,logistic,False,False,False,post,post,mild,none,live,,
7,48,communication,-0.35208462503479354,0.5,-0.3910613434301389,1.0,25,1,0.04,25,0,0,0.04,0.0,0.0,True,0.9977463171513306,logistic,False,False,False,post,post,mild,none,live,,
7,49,communication,0.7557558969565854,0.5,-0.3137242533597993,1.0,25,0,0.0,25,0,0,0.0,0.0,0.0,False,0.1969628669505693,logistic,False,False,False,post,post,mild,none,live,,
8,0,communication,1.351594063939833,0.5,0.17622483811207446,1.0,25,0,0.0,25,0,0,0.0,0.0,0.0,False,0.0022652631514020285,logistic,False,False,False,post,post,mild,none,live,,
8,1,communication,-0.4583179603724244,0.5,0.06692395715164516,1.0,25,16,0.64,25,0,0,0.64,0.0,0.0,True,0.9992993743952634,logistic,False,False,False,post,post,mild,none,live,,
8,2,communication,0.4505331335056318,0.5,0.1288568712871792,1.0,25,0,0.0,25,0,0,0.0,0.0,0.0,False,0.5654845431074329,logistic,False,False,False,post,post,mild,none,live,,
8,3,communication,-1.0988846050424432,0.5,0.19130774668813438,1.0,25,23,0.92,25,0,0,0.92,0.0,0.0,True,0.9999999507895032,logistic,False,False,False,post,post,mild,none,live,,
8,4,communication,0.9620631080145644,0.5,0.1604319457611529,1.0,25,0,0.0,25,0,0,0.0,0.0,0.0,False,0.06175454269974455,logistic,False,False,False,post,post,mild,none,live,,
8,5,communication,-1.126428507255869,0.5,0.20240602648476902,1.0,25,25,1.0,25,0,0,1.0,0.0,0.0,True,0.9999999704376539,logistic,False,False,False,post,post,mild,none,live,,
8,6,communication,-1.0397963959945467,0.5,0.11087570236522754,1.0,25,25,1.0,25,0,0,1.0,0.0,0.0,True,0.9999998571580941,logistic,False,False,False,post,post,mild,none,live,,
8,7,communication,-1.2499300914328872,0.5,0.16222080297906066,1.0,25,25,1.0,25,0,0,1.0,0.0,0.0,True,0.999999997279658,logistic,False,False,False,post,post,mild,none,live,,
8,8,communication,0.04801266279967878,0.5,0.10105075906326487,1.0,25,3,0.12,25,0,0,0.12,0.0,0.0,True,0.934046527615577,logistic,False,False,False,post,post,mild,none,live,,
8,9,communication,1.2199565587009817,0.5,0.0990049379340642,1.0,25,0,0.0,25,0,0,0.0,0.0,0.0,False,0.00820077931309655,logistic,False,False,False,post,post,mild,none,live,,
8,10,communication,-0.8259121388907966,0.5,0.19114753758510122,1.0,25,25,1.0,25,0,0,1.0,0.0,0.0,True,0.9999950582623932,logistic,False,False,False,post,post,mild,none,live,,
8,11,communication,0.2325813165972061,0.5,0.14892679033021164,1.0,25,0,0.0,25,0,0,0.0,0.0,0.0,False,0.8136415143446307,logistic,False,False,False,post,post,mild,none,live,,
8,12,communication,-0.06070342541714269,0.5,0.1384527685567885,1.0,25,3,0.12,25,0,0,0.12,0.0,0.0,True,0.9691893870785042,logistic,False,False,False,post,post,mild,none,live,,
8,13,communication,-1.01908607357522,0.5,0.19476747546455014,1.0,25,25,1.0,25,0,0,1.0,0.0,0.0,True,0.9999997943156465,logistic,False,False,False,post,post,mild,none,live,,
8,14,communication,0.9184884945295685,0.5,0.217128181809643,1.0,25,0,0.0,25,0,0,0.0,0.0,0.0,False,0.08151370248394679,logistic,False,False,False,post,post,mild,none,live,,
8,15,communication,-0.58961174716895,0.5,0.06024080685035592,1.0,25,25,1.0,25,0,0,1.0,0.0,0.0,True,0.9998594047798419,logistic,False,False,False,post,post,mild,none,live,,
8,16,communication,0.5488893253074929,0.5,0.23766462424235574,1.0,25,0,0.0,25,0,0,0.0,0.0,0.0,False,0.4352732253330944,logistic,False,False,False,post,post,mild,none,live,,
8,17,communication,0.18571177321764426,0.5,0.16944787213372137,1.0,25,7,0.28,25,0,0,0.28,0.0,0.0,True,0.852594851034062,logistic,False,False,False,post,post,mild,none,live,,
8,18,communication,1.4787593022658594,0.5,0.16047706903699943,1.0,25,0,0.0,25,0,0,0.0,0.0,0.0,False,0.0005521104608114285,logistic,False,False,False,post,post,mild,none,live,,
8,19,communication,0.2601956237593839,0.5,0.2274577917199166,1.0,25,2,0.08,25,0,0,0.08,0.0,0.0,False,0.7879556503144673,logistic,False,False,False,post,post,mild,none,live,,
8,20,communication,0.9102006804382363,0.5,0.18038474524822046,1.0,25,0,0.0,25,0,0,0.0,0.0,0.0,False,0.08576006875455372,logistic,False,False,False,post,post,mild,none,live,,
8,21,communication,-0.028879370037600105,0.5,0.157162929034451,1.0,25,16,0.64,25,0,0,0.64,0.0,0.0,True,0.9610439557653415,logistic,False,False,False,post,post,mild,none,live,,
8,22,communication,-1.1977294330235624,0.5,0.20331090187703113,1.0,25,25,1.0,25,0,0,1.0,0.0,0.0,True,0.9999999923914725,logistic,False,False,False,post,post,mild,none,live,,
8,23,communication,1.6568313753319615,0.5,0.08442542493450302,1.0,25,0,0.0,25,0,0,0.0,0.0,0.0,False,5.7604106797538314e-05,logistic,False,False,False,post,post,mild,none,live,,
8,24,communication,-1.9134236384972922,0.5,0.1884015799245962,1.0,25,25,1.0,25,0,0,1.0,0.0,0.0,True,0.9999999999999996,logistic,False,False,False,post,post,mild,none,live,,
8,25,communication,-1.1835814197073695,0.5,0.12179677109494347,1.0,25,25,1.0,25,0,0,1.0,0.0,0.0,True,0.9999999899963474,logistic,False,False,False,post,post,mild,none,live,,
8,26,communication,1.0794278190209798,0.5,0.19343241712176054,1.0,25,0,0.0,25,0,0,0.0,0.0,0.0,False,0.02671519229028966,logistic,False,False,False,post,post,mild,none,live,,
8,27,communication,1.3406705878247644,0.5,0.0835825324489725,1.0,25,0,0.0,25,0,0,0.0,0.0,0.0,False,0.0025374922479756063,logistic,False,False,False,post,post,mild,none,live,,
8,28,communication,-0.2758813820749524,0.5,0.26811445366829545,1.0,25,21,0.84,25,0,0,0.84,0.0,0.0,True,0.9951489730529626,logistic,False,False,False,post,post,mild,none,live,,
8,29,communication,1.8053054757010694,0.5,0.15786626157555006,1.0,25,0,0.0,25,0,0,0.0,0.0,0.0,False,6.775338518427378e-06,logistic,False,False,False,post,post,mild,none,live,,
8,30,communication,0.10218200758693097,0.5,0.19795765622435024,1.0,25,5,0.2,25,0,0,0.2,0.0,0.0,True,0.9075900837545,logistic,False,False,False,post,post,mild,none,live,,
8,31,communication,0.10831813970056825,0.5,0.1663078246954997,1.0,25,6,0.24,25,0,0,0.24,0.0,0.0,True,0.9041567447527911,logistic,False,False,False,post,post,mild,none,live,,
8,32,communication,-0.41442469830709894,0.5,0.2864930690756765,1.0,25,23,0.92,25,0,0,0.92,0.0,0.0,True,0.9988484658908074,logistic,False,False,False,post,post,mild,none,live,,
8,33,communication,-0.7084342097222027,0.5,0.1637137227409442,1.0,25,25,1.0,25,0,0,1.0,0.0,0.0,True,0.9999718869636721,logistic,False,False,False,post,post,mild,none,live,,
8,34,communication,1.117664477116863,0.5,0.0730725876479566,1.0,25,0,0.0,25,0,0,0.0,0.0,0.0,False,0.019752791532769935,logistic,False,False,False,post,post,mild,none,live,,
8,35,communication,0.2595543569399271,0.5,0.10066808419037926,1.0,25,0,0.0,25,0,0,0.0,0.0,0.0,False,0.788574675761742,logistic,False,False,False,post,post,mild,none,live,,
8,36,communication,-0.753291813419199,0.5,0.14648177214304967,1.0,25,23,0.92,25,0,0,0.92,0.0,0.0,True,0.9999852724914758,logistic,False,False,False,post,post,mild,none,live,,
8,37,communication,0.27617176996165516,0.5,0.15268032696641182,1.0,25,3,0.12,25,0,0,0.12,0.0,0.0,False,0.7721947134658246,logistic,False,False,False,post,post,mild,none,live,,
8,38,communication,-0.42319782551808693,0.5,0.1384847078479554,1.0,25,23,0.92,25,0,0,0.92,0.0,0.0,True,0.9989556666066444,logistic,False,False,False,post,post,mild,none,live,,
8,39,communication,1.9182787752000823,0.5,0.14617414871470855,1.0,25,0,0.0,25,0,0,0.0,0.0,0.0,False,1.1359687457578182e-06,logistic,False,False,False,post,post,mild,none,live,,
8,40,communication,-0.29149011739265995,0.5,0.24740933568096501,1.0,25,21,0.84,25,0,0,0.84,0.0,0.0,True,0.9958338631313309,logistic,False,False,False,post,post,mild,none,live,,
8,41,communication,1.453402299643935,0.5,0.23682852557536535,1.0,25,0,0.0,25,0,0,0.0,0.0,0.0,False,0.0007414541511002656,logistic,False,False,False,post,post,mild,none,live,,
8,42,communication,-0.25178831573635885,0.5,0.24268547460995105,1.0,25,14,0.56,25,0,0,0.56,0.0,0.0,True,0.993894046467676,logistic,False,False,False,post,post,mild,none,live,,
8,43,communication,-0.5510645157372909,0.5,0.12301873006412842,1.0,25,21,0.84,25,0,0,0.84,0.0,0.0,True,0.9997704483797865,logistic,False,False,False,post,post,mild,none,live,,
8,44,communication,-1.9279004418206824,0.5,0.1253000842395932,1.0,25,24,0.96,25,0,0,0.96,0.0,0.0,True,0.9999999999999997,logistic,False,False,False,post,post,mild,none,live,,
8,45,communication,-0.6919061127724873,0.5,0.1977222752262874,1.0,25,25,1.0,25,0,0,1.0,0.0,0.0,True,0.9999645165120916,logistic,False,False,False,post,post,mild,none,live,,
8,46,communication,0.9887701869668631,0.5,0.15206450994713294,1.0,25,0,0.0,25,0,0,0.0,0.0,0.0,False,0.051631750554637264,logistic,False,False,False,post,post,mild,none,live,,
8,47,communication,0.16641936695780446,0.5,0.2102875497643545,1.0,25,6,0.24,25,0,0,0.24,0.0,0.0,True,0.8669170459740618,logistic,False,False,False,post,post,mild,none,live,,
8,48,communication,-0.17043136175685014,0.5,0.11322329625254168,1.0,25,15,0.6,25,0,0,0.6,0.0,0.0,True,0.9872838134355806,logistic,False,False,False,post,post,mild,none,live,,
8,49,communication,0.7793871877743668,0.5,0.22162578634168456,1.0,25,0,0.0,25,0,0,0.0,0.0,0.0,False,0.1758516248332373,logistic,False,False,False,post,post,mild,none,live,,
9,0,communication,-0.010296821634601563,0.5,0.02810668964589648,1.0,25,2,0.08,25,0,0,0.08,0.0,0.0,True,0.9555275116829551,logistic,False,False,False,post,post,mild,none,live,,
9,1,communication,0.7678951405009363,0.5,-0.004054271123780054,1.0,25,0,0.0,25,0,0,0.0,0.0,0.0,False,0.18593292363459352,logistic,False,False,False,post,post,mild,none,live,,
9,2,communication,-2.2485284384316473,0.5,0.10067420510387623,1.0,25,24,0.96,25,0,0,0.96,0.0,0.0,True,1.0,logistic,False,False,False,post,post,mild,none,live,,
9,3,communication,-0.2807933100223032,0.5,0.07367494455020206,1.0,25,17,0.68,25,0,0,0.68,0.0,0.0,True,0.995374607093531,logistic,False,False,False,post,post,mild,none,live,,
9,4,communication,0.4796063751892572,0.5,0.025063619607713965,1.0,25,0,0.0,25,0,0,0.0,0.0,0.0,False,0.5270987246537532,logistic,False,False,False,post,post,mild,none,live,,
9,5,communication,1.4053069911906817,0.5,0.031697730904549706,1.0,25,0,0.0,25,0,0,0.0,0.0,0.0,False,0.0012735466962387756,logistic,False,False,False,post,post,mild,none,live,,
9,6,communication,-1.145940873122229,0.5,0.11011388274174114,1.0,25,25,1.0,25,0,0,1.0,0.0,0.0,True,0.9999999794976998,logistic,False,False,False,post,post,mild,none,live,,
9,7,communication,-0.6861931217378303,0.5,0.02918549152827949,1.0,25,25,1.0,25,0,0,1.0,0.0,0.0,True,0.9999615686109473,logistic,False,False,False,post,post,mild,none,live,,
9,8,communication,-0.5374170879145711,0.5,0.03597803106407993,1.0,25,24,0.96,25,0,0,0.96,0.0,0.0,True,0.9997279568305845,logistic,False,False,False,post,post,mild,none,live,,
9,9,communication,0.4601733093149913,0.5,0.060087209297218856,1.0,25,0,0.0,25,0,0,0.0,0.0,0.0,False,0.5528066793209745,logistic,False,False,False,post,post,mild,none,live,,
9,10,communication,-0.8147962143511271,0.5,0.07229365540898061,1.0,25,25,1.0,25,0,0,1.0,0.0,0.0,True,0.9999941378895458,logistic,False,False,False,post,post,mild,none,live,,
9,11,communication,-0.08184611613063855,0.5,0.03244382627376465,1.0,25,5,0.2,25,0,0,0.2,0.0,0.0,True,0.9737789702828539,logistic,False,False,False,post,post,mild,none,live,,
9,12,communication,-2.059220147050515,0.5,0.07193429329781052,1.0,25,25,1.0,25,0,0,1.0,0.0,0.0,True,1.0,logistic,False,False,False,post,post,mild,none,live,,
9,13,communication,-1.4222976135283831,0.5,0.0428316858489356,1.0,25,24,0.96,25,0,0,0.96,0.0,0.0,True,0.9999999999261144,logistic,False,False,False,post,post,mild,none,live,,
9,14,communication,0.5832291916368948,0.5,0.06423379036757,1.0,25,0,0.0,25,0,0,0.0,0.0,0.0,False,0.39072472911036565,logistic,False,False,False,post,post,mild,none,live,,
9,15,communication,1.2583020873123933,0.5,0.10029469931170748,1.0,25,0,0.0,25,0,0,0.0,0.0,0.0,False,0.005741051756070134,logistic,False,False,False,post,post,mild,none,live,,
9,16,communication,0.6255868892392404,0.5,0.07971751066059264,1.0,25,0,0.0,25,0,0,0.0,0.0,0.0,False,0.3377458519696026,logistic,False,False,False,post,post,mild,none,live,,
9,17,communication,1.5209593916345718,0.5,0.06111601152270303,1.0,25,0,0.0,25,0,0,0.0,0.0,0.0,False,0.00033301001565613824,logistic,False,False,False,post,post,mild,none,live,,
9,18,communication,-0.36255557832680807,0.5,0.012000298574203705,1.0,25,17,0.68,25,0,0,0.68,0.0,0.0,True,0.9979810475171752,logistic,False,False,False,post,post,mild,none,live,,
9,19,communication,-0.6108611946141353,0.5,0.011638216874689668,1.0,25,20,0.8,25,0,0,0.8,0.0,0.0,True,0.9998934132068243,logistic,False,False,False,post,post,mild,none,live,,
9,20,communication,-0.9961916116448347,0.5,-0.02554271206109958,1.0,25,23,0.92,25,0,0,0.92,0.0,0.0,True,0.9999996938637568,logistic,False,False,False,post,post,mild,none,live,,
9,21,communication,-0.2227704956233143,0.5,0.11819684289243913,1.0,25,14,0.56,25,0,0,0.56,0.0,0.0,True,0.9920069992840571,logistic,False,False,False,post,post,mild,none,live,,
9,22,communication,1.4499230965012095,0.5,-0.014226782811219058,1.0,25,0,0.0,25,0,0,0.0,0.0,0.0,False,0.0007716646247788473,logistic,False,False,False,post,post,mild,none,live,,
9,23,communication,-0.05219183089893478,0.5,0.02105777175071949,1.0,25,3,0.12,25,0,0,0.12,0.0,0.0,True,0.9671627927179532,logistic,False,False,False,post,post,mild,none,live,,
9,24,communication,-0.5890896596847423,0.5,0.0781955542472484,1.0,25,22,0.88,25,0,0,0.88,0.0,0.0,True,0.9998584533822422,logistic,False,False,False,post,post,mild,none,live,,
9,25,communication,-1.1439001147514898,0.5,0.01686807513918169,1.0,25,24,0.96,25,0,0,0.96,0.0,0.0,True,0.9999999786936522,logistic,False,False,False,post,post,mild,none,live,,
9,26,communication,-0.13611525073269004,0.5,0.05318813623013016,1.0,25,6,0.24,25,0,0,0.24,0.0,0.0,True,0.9830131696729891,logistic,False,False,False,post,post,mild,none,live,,
9,27,communication,0.014631796529677818,0.5,0.12391229839661996,1.0,25,13,0.52,25,0,0,0.52,0.0,0.0,True,0.9471572794659461,logistic,False,False,False,post,post,mild,none,live,,
9,28,communication,-0.7619675388825831,0.5,0.12352599916518472,1.0,25,25,1.0,25,0,0,1.0,0.0,0.0,True,0.9999870355485242,logistic,False,False,False,post,post,mild,none,live,,
9,29,communication,1.956936088540412,0.5,0.08483318953454866,1.0,25,0,0.0,25,0,0,0.0,0.0,0.0,False,5.975337577737619e-07,logistic,False,False,False,post,post,mild,none,live,,
9,30,communication,0.14596279268450393,0.5,0.14668669151552483,1.0,25,1,0.04,25,0,0,0.04,0.0,0.0,False,0.8810245546161387,logistic,False,False,False,post,post,mild,none,live,,
9,31,communication,1.26459394549793,0.5,0.019816933003630167,1.0,25,0,0.0,25,0,0,0.0,0.0,0.0,False,0.00540709299905327,logistic,False,False,False,post,post,mild,none,live,,
9,32,communication,0.23760404667781349,0.5,0.18641757631164435,1.0,25,2,0.08,25,0,0,0.08,0.0,0.0,False,0.80911867810183,logistic,False,False,False,post,post,mild,none,live,,
9,33,communication,2.153162774019493,0.5,0.059110801168661756,1.0,25,0,0.0,25,0,0,0.0,0.0,0.0,False,1.788646283781754e-08,logistic,False,False,False,post,post,mild,none,live,,
9,34,communication,2.1833408833974697,0.5,0.03230800363238859,1.0,25,0,0.0,25,0,0,0.0,0.0,0.0,False,1.005011956278762e-08,logistic,False,False,False,post,post,mild,none,live,,
9,35,communication,-0.08026005418880072,0.5,0.09636846737472354,1.0,25,10,0.4,25,0,0,0.4,0.0,0.0,True,0.9734557398984119,logistic,False,False,False,post,post,mild,none,live,,
9,36,communication,-1.0334868366810606,0.5,0.15713790184795018,1.0,25,24,0.96,25,0,0,0.96,0.0,0.0,True,0.9999998402984441,logistic,False,False,False,post,post,mild,none,live,,
9,37,communication,-1.1382429240496346,0.5,0.0463726803285579,1.0,25,24,0.96,25,0,0,0.96,0.0,0.0,True,0.9999999763016119,logistic,False,False,False,post,post,mild,none,live,,
9,38,communication,-0.672473307793855,0.5,0.0710981666113531,1.0,25,24,0.96,25,0,0,0.96,0.0,0.0,True,0.9999535153750126,logistic,False,False,False,post,post,mild,none,live,,
9,39,communication,-0.4053551719574081,0.5,0.02832816235213237,1.0,25,12,0.48,25,0,0,0.48,0.0,0.0,True,0.9987271280122726,logistic,False,False,False,post,post,mild,none,live,,
9,40,communication,1.2084264915489593,0.5,0.06338424178635885,1.0,25,0,0.0,25,0,0,0.0,0.0,0.0,False,0.009102509457821123,logistic,False,False,False,post,post,mild,none,live,,
9,41,communication,-0.23559776102396646,0.5,0.09954922773061609,1.0,25,18,0.72,25,0,0,0.72,0.0,0.0,True,0.9928966195741131,logistic,False,False,False,post,post,mild,none,live,,
9,42,communication,-1.0213703571243866,0.5,0.1351752428325531,1.0,25,24,0.96,25,0,0,0.96,0.0,0.0,True,0.9999998023783322,logistic,False,False,False,post,post,mild,none,live,,
9,43,communication,0.35890537503505404,0.5,0.10989787513665547,1.0,25,0,0.0,25,0,0,0.0,0.0,0.0,False,0.6809351576437996,logistic,False,False,False,post,post,mild,none,live,,
9,44,communication,-0.118739273350875,0.5,0.12353423858588064,1.0,25,13,0.52,25,0,0,0.52,0.0,0.0,True,0.9804182208459057,logistic,False,False,False,post,post,mild,none,live,,
9,45,communication,1.46847347135873,0.5,0.02585670067513935,1.0,25,0,0.0,25,0,0,0.0,0.0,0.0,False,0.0006227614566047171,logistic,False,False,False,post,post,mild,none,live,,
9,46,communication,0.777011197068841,0.5,0.05917336191998374,1.0,25,0,0.0,25,0,0,0.0,0.0,0.0,False,0.177907038931869,logistic,False,False,False,post,post,mild,none,live,,
9,47,communication,-0.3731005205108975,0.5,0.03046638226679805,1.0,25,12,0.48,25,0,0,0.48,0.0,0.0,True,0.998194792673382,logistic,False,False,False,post,post,mild,none,live,,
9,48,communication,-0.8483068466522967,0.5,0.08975954136050288,1.0,25,25,1.0,25,0,0,1.0,0.0,0.0,True,0.9999965109623123,logistic,False,False,False,post,post,mild,none,live,,
9,49,communication,-0.05336779953095057,0.5,0.06182603555433051,1.0,25,4,0.16,25,0,0,0.16,0.0,0.0,True,0.9674491662498297,logistic,False,False,False,post,post,mild,none,live,,
