design,treatment,signal_mode,theta,theta_star,theta_relative,rep,join_fraction,join_fraction_valid,n_join,n_agents,n_valid,n_api_error,n_unparseable,api_error_rate,unparseable_rate,coup_success,theoretical_attack,benefit,cost,model
baseline,pure,normal,0.2,0.5,-0.3,2,0.64,0.64,16,25,25,0,0,0.0,0.0,True,0.8413447460685429,1.0,1.0,meta-llama/llama-3.3-70b-instruct
baseline,pure,normal,0.2,0.5,-0.3,1,0.52,0.52,13,25,25,0,0,0.0,0.0,True,0.8413447460685429,1.0,1.0,meta-llama/llama-3.3-70b-instruct
baseline,pure,normal,0.2,0.5,-0.3,8,0.52,0.52,13,25,25,0,0,0.0,0.0,True,0.8413447460685429,1.0,1.0,meta-llama/llama-3.3-70b-instruct
baseline,pure,normal,0.2,0.5,-0.3,3,0.64,0.64,16,25,25,0,0,0.0,0.0,True,0.8413447460685429,1.0,1.0,meta-llama/llama-3.3-70b-instruct
baseline,pure,normal,0.2,0.5,-0.3,6,0.56,0.56,14,25,25,0,0,0.0,0.0,True,0.8413447460685429,1.0,1.0,meta-llama/llama-3.3-70b-instruct
baseline,pure,normal,0.2,0.5,-0.3,0,0.56,0.56,14,25,25,0,0,0.0,0.0,True,0.8413447460685429,1.0,1.0,meta-llama/llama-3.3-70b-instruct
baseline,pure,normal,0.2,0.5,-0.3,4,0.48,0.48,12,25,25,0,0,0.0,0.0,True,0.8413447460685429,1.0,1.0,meta-llama/llama-3.3-70b-instruct
baseline,pure,normal,0.2,0.5,-0.3,11,0.68,0.68,17,25,25,0,0,0.0,0.0,True,0.8413447460685429,1.0,1.0,meta-llama/llama-3.3-70b-instruct
baseline,pure,normal,0.2,0.5,-0.3,5,0.6,0.6,15,25,25,0,0,0.0,0.0,True,0.8413447460685429,1.0,1.0,meta-llama/llama-3.3-70b-instruct
baseline,pure,normal,0.2,0.5,-0.3,10,0.72,0.72,18,25,25,0,0,0.0,0.0,True,0.8413447460685429,1.0,1.0,meta-llama/llama-3.3-70b-instruct
baseline,pure,normal,0.2,0.5,-0.3,12,0.64,0.64,16,25,25,0,0,0.0,0.0,True,0.8413447460685429,1.0,1.0,meta-llama/llama-3.3-70b-instruct
baseline,pure,normal,0.2,0.5,-0.3,13,0.76,0.76,19,25,25,0,0,0.0,0.0,True,0.8413447460685429,1.0,1.0,meta-llama/llama-3.3-70b-instruct
baseline,pure,normal,0.2,0.5,-0.3,15,0.56,0.56,14,25,25,0,0,0.0,0.0,True,0.8413447460685429,1.0,1.0,meta-llama/llama-3.3-70b-instruct
baseline,pure,normal,0.2,0.5,-0.3,7,0.56,0.56,14,25,25,0,0,0.0,0.0,True,0.8413447460685429,1.0,1.0,meta-llama/llama-3.3-70b-instruct
baseline,pure,normal,0.2,0.5,-0.3,14,0.56,0.56,14,25,25,0,0,0.0,0.0,True,0.8413447460685429,1.0,1.0,meta-llama/llama-3.3-70b-instruct
baseline,pure,normal,0.2,0.5,-0.3,9,0.6,0.6,15,25,25,0,0,0.0,0.0,True,0.8413447460685429,1.0,1.0,meta-llama/llama-3.3-70b-instruct
baseline,pure,normal,0.2,0.5,-0.3,16,0.56,0.56,14,25,25,0,0,0.0,0.0,True,0.8413447460685429,1.0,1.0,meta-llama/llama-3.3-70b-instruct
baseline,pure,normal,0.2,0.5,-0.3,20,0.56,0.56,14,25,25,0,0,0.0,0.0,True,0.8413447460685429,1.0,1.0,meta-llama/llama-3.3-70b-instruct
baseline,pure,normal,0.2,0.5,-0.3,21,0.44,0.44,11,25,25,0,0,0.0,0.0,True,0.8413447460685429,1.0,1.0,meta-llama/llama-3.3-70b-instruct
baseline,pure,normal,0.2,0.5,-0.3,17,0.48,0.48,12,25,25,0,0,0.0,0.0,True,0.8413447460685429,1.0,1.0,meta-llama/llama-3.3-70b-instruct
baseline,pure,normal,0.2,0.5,-0.3,19,0.48,0.48,12,25,25,0,0,0.0,0.0,True,0.8413447460685429,1.0,1.0,meta-llama/llama-3.3-70b-instruct
baseline,pure,normal,0.2,0.5,-0.3,22,0.64,0.64,16,25,25,0,0,0.0,0.0,True,0.8413447460685429,1.0,1.0,meta-llama/llama-3.3-70b-instruct
baseline,pure,normal,0.2,0.5,-0.3,25,0.52,0.52,13,25,25,0,0,0.0,0.0,True,0.8413447460685429,1.0,1.0,meta-llama/llama-3.3-70b-instruct
baseline,pure,normal,0.2,0.5,-0.3,24,0.48,0.48,12,25,25,0,0,0.0,0.0,True,0.8413447460685429,1.0,1.0,meta-llama/llama-3.3-70b-instruct
baseline,pure,normal,0.275,0.5,-0.22499999999999998,7,0.52,0.52,13,25,25,0,0,0.0,0.0,True,0.7733726476231317,1.0,1.0,meta-llama/llama-3.3-70b-instruct
baseline,pure,normal,0.275,0.5,-0.22499999999999998,5,0.48,0.48,12,25,25,0,0,0.0,0.0,True,0.7733726476231317,1.0,1.0,meta-llama/llama-3.3-70b-instruct
baseline,pure,normal,0.275,0.5,-0.22499999999999998,0,0.56,0.56,14,25,25,0,0,0.0,0.0,True,0.7733726476231317,1.0,1.0,meta-llama/llama-3.3-70b-instruct
baseline,pure,normal,0.2,0.5,-0.3,28,0.4,0.4,10,25,25,0,0,0.0,0.0,True,0.8413447460685429,1.0,1.0,meta-llama/llama-3.3-70b-instruct
baseline,pure,normal,0.2,0.5,-0.3,23,0.52,0.52,13,25,25,0,0,0.0,0.0,True,0.8413447460685429,1.0,1.0,meta-llama/llama-3.3-70b-instruct
baseline,pure,normal,0.2,0.5,-0.3,18,0.52,0.52,13,25,25,0,0,0.0,0.0,True,0.8413447460685429,1.0,1.0,meta-llama/llama-3.3-70b-instruct
baseline,pure,normal,0.275,0.5,-0.22499999999999998,4,0.44,0.44,11,25,25,0,0,0.0,0.0,True,0.7733726476231317,1.0,1.0,meta-llama/llama-3.3-70b-instruct
baseline,pure,normal,0.275,0.5,-0.22499999999999998,8,0.6,0.6,15,25,25,0,0,0.0,0.0,True,0.7733726476231317,1.0,1.0,meta-llama/llama-3.3-70b-instruct
baseline,pure,normal,0.275,0.5,-0.22499999999999998,16,0.48,0.48,12,25,25,0,0,0.0,0.0,True,0.7733726476231317,1.0,1.0,meta-llama/llama-3.3-70b-instruct
baseline,pure,normal,0.2,0.5,-0.3,26,0.48,0.48,12,25,25,0,0,0.0,0.0,True,0.8413447460685429,1.0,1.0,meta-llama/llama-3.3-70b-instruct
baseline,pure,normal,0.275,0.5,-0.22499999999999998,9,0.56,0.56,14,25,25,0,0,0.0,0.0,True,0.7733726476231317,1.0,1.0,meta-llama/llama-3.3-70b-instruct
baseline,pure,normal,0.275,0.5,-0.22499999999999998,6,0.64,0.64,16,25,25,0,0,0.0,0.0,True,0.7733726476231317,1.0,1.0,meta-llama/llama-3.3-70b-instruct
baseline,pure,normal,0.2,0.5,-0.3,29,0.68,0.68,17,25,25,0,0,0.0,0.0,True,0.8413447460685429,1.0,1.0,meta-llama/llama-3.3-70b-instruct
baseline,pure,normal,0.2,0.5,-0.3,27,0.6,0.6,15,25,25,0,0,0.0,0.0,True,0.8413447460685429,1.0,1.0,meta-llama/llama-3.3-70b-instruct
baseline,pure,normal,0.275,0.5,-0.22499999999999998,13,0.56,0.56,14,25,25,0,0,0.0,0.0,True,0.7733726476231317,1.0,1.0,meta-llama/llama-3.3-70b-instruct
baseline,pure,normal,0.275,0.5,-0.22499999999999998,14,0.64,0.64,16,25,25,0,0,0.0,0.0,True,0.7733726476231317,1.0,1.0,meta-llama/llama-3.3-70b-instruct
baseline,pure,normal,0.275,0.5,-0.22499999999999998,18,0.6,0.6,15,25,25,0,0,0.0,0.0,True,0.7733726476231317,1.0,1.0,meta-llama/llama-3.3-70b-instruct
baseline,pure,normal,0.275,0.5,-0.22499999999999998,10,0.68,0.68,17,25,25,0,0,0.0,0.0,True,0.7733726476231317,1.0,1.0,meta-llama/llama-3.3-70b-instruct
baseline,pure,normal,0.275,0.5,-0.22499999999999998,2,0.44,0.44,11,25,25,0,0,0.0,0.0,True,0.7733726476231317,1.0,1.0,meta-llama/llama-3.3-70b-instruct
baseline,pure,normal,0.275,0.5,-0.22499999999999998,15,0.44,0.44,11,25,25,0,0,0.0,0.0,True,0.7733726476231317,1.0,1.0,meta-llama/llama-3.3-70b-instruct
baseline,pure,normal,0.275,0.5,-0.22499999999999998,1,0.6,0.6,15,25,25,0,0,0.0,0.0,True,0.7733726476231317,1.0,1.0,meta-llama/llama-3.3-70b-instruct
baseline,pure,normal,0.275,0.5,-0.22499999999999998,3,0.72,0.72,18,25,25,0,0,0.0,0.0,True,0.7733726476231317,1.0,1.0,meta-llama/llama-3.3-70b-instruct
baseline,pure,normal,0.275,0.5,-0.22499999999999998,11,0.52,0.52,13,25,25,0,0,0.0,0.0,True,0.7733726476231317,1.0,1.0,meta-llama/llama-3.3-70b-instruct
baseline,pure,normal,0.275,0.5,-0.22499999999999998,12,0.72,0.72,18,25,25,0,0,0.0,0.0,True,0.7733726476231317,1.0,1.0,meta-llama/llama-3.3-70b-instruct
baseline,pure,normal,0.275,0.5,-0.22499999999999998,19,0.4,0.4,10,25,25,0,0,0.0,0.0,True,0.7733726476231317,1.0,1.0,meta-llama/llama-3.3-70b-instruct
baseline,pure,normal,0.275,0.5,-0.22499999999999998,17,0.56,0.56,14,25,25,0,0,0.0,0.0,True,0.7733726476231317,1.0,1.0,meta-llama/llama-3.3-70b-instruct
baseline,pure,normal,0.275,0.5,-0.22499999999999998,20,0.52,0.52,13,25,25,0,0,0.0,0.0,True,0.7733726476231317,1.0,1.0,meta-llama/llama-3.3-70b-instruct
baseline,pure,normal,0.275,0.5,-0.22499999999999998,22,0.56,0.56,14,25,25,0,0,0.0,0.0,True,0.7733726476231317,1.0,1.0,meta-llama/llama-3.3-70b-instruct
baseline,pure,normal,0.275,0.5,-0.22499999999999998,24,0.48,0.48,12,25,25,0,0,0.0,0.0,True,0.7733726476231317,1.0,1.0,meta-llama/llama-3.3-70b-instruct
baseline,pure,normal,0.275,0.5,-0.22499999999999998,21,0.52,0.52,13,25,25,0,0,0.0,0.0,True,0.7733726476231317,1.0,1.0,meta-llama/llama-3.3-70b-instruct
baseline,pure,normal,0.275,0.5,-0.22499999999999998,25,0.4,0.4,10,25,25,0,0,0.0,0.0,True,0.7733726476231317,1.0,1.0,meta-llama/llama-3.3-70b-instruct
baseline,pure,normal,0.275,0.5,-0.22499999999999998,26,0.44,0.44,11,25,25,0,0,0.0,0.0,True,0.7733726476231317,1.0,1.0,meta-llama/llama-3.3-70b-instruct
baseline,pure,normal,0.35000000000000003,0.5,-0.14999999999999997,1,0.52,0.52,13,25,25,0,0,0.0,0.0,True,0.691462461274013,1.0,1.0,meta-llama/llama-3.3-70b-instruct
baseline,pure,normal,0.35000000000000003,0.5,-0.14999999999999997,3,0.48,0.48,12,25,25,0,0,0.0,0.0,True,0.691462461274013,1.0,1.0,meta-llama/llama-3.3-70b-instruct
baseline,pure,normal,0.35000000000000003,0.5,-0.14999999999999997,6,0.48,0.48,12,25,25,0,0,0.0,0.0,True,0.691462461274013,1.0,1.0,meta-llama/llama-3.3-70b-instruct
baseline,pure,normal,0.35000000000000003,0.5,-0.14999999999999997,7,0.52,0.52,13,25,25,0,0,0.0,0.0,True,0.691462461274013,1.0,1.0,meta-llama/llama-3.3-70b-instruct
baseline,pure,normal,0.35000000000000003,0.5,-0.14999999999999997,8,0.6,0.6,15,25,25,0,0,0.0,0.0,True,0.691462461274013,1.0,1.0,meta-llama/llama-3.3-70b-instruct
baseline,pure,normal,0.35000000000000003,0.5,-0.14999999999999997,10,0.56,0.56,14,25,25,0,0,0.0,0.0,True,0.691462461274013,1.0,1.0,meta-llama/llama-3.3-70b-instruct
baseline,pure,normal,0.275,0.5,-0.22499999999999998,28,0.56,0.56,14,25,25,0,0,0.0,0.0,True,0.7733726476231317,1.0,1.0,meta-llama/llama-3.3-70b-instruct
baseline,pure,normal,0.35000000000000003,0.5,-0.14999999999999997,13,0.56,0.56,14,25,25,0,0,0.0,0.0,True,0.691462461274013,1.0,1.0,meta-llama/llama-3.3-70b-instruct
baseline,pure,normal,0.275,0.5,-0.22499999999999998,23,0.56,0.56,14,25,25,0,0,0.0,0.0,True,0.7733726476231317,1.0,1.0,meta-llama/llama-3.3-70b-instruct
baseline,pure,normal,0.275,0.5,-0.22499999999999998,29,0.68,0.68,17,25,25,0,0,0.0,0.0,True,0.7733726476231317,1.0,1.0,meta-llama/llama-3.3-70b-instruct
baseline,pure,normal,0.275,0.5,-0.22499999999999998,27,0.56,0.56,14,25,25,0,0,0.0,0.0,True,0.7733726476231317,1.0,1.0,meta-llama/llama-3.3-70b-instruct
baseline,pure,normal,0.35000000000000003,0.5,-0.14999999999999997,19,0.28,0.28,7,25,25,0,0,0.0,0.0,False,0.691462461274013,1.0,1.0,meta-llama/llama-3.3-70b-instruct
baseline,pure,normal,0.35000000000000003,0.5,-0.14999999999999997,2,0.44,0.44,11,25,25,0,0,0.0,0.0,True,0.691462461274013,1.0,1.0,meta-llama/llama-3.3-70b-instruct
baseline,pure,normal,0.35000000000000003,0.5,-0.14999999999999997,4,0.36,0.36,9,25,25,0,0,0.0,0.0,True,0.691462461274013,1.0,1.0,meta-llama/llama-3.3-70b-instruct
baseline,pure,normal,0.35000000000000003,0.5,-0.14999999999999997,5,0.44,0.44,11,25,25,0,0,0.0,0.0,True,0.691462461274013,1.0,1.0,meta-llama/llama-3.3-70b-instruct
baseline,pure,normal,0.35000000000000003,0.5,-0.14999999999999997,0,0.52,0.52,13,25,25,0,0,0.0,0.0,True,0.691462461274013,1.0,1.0,meta-llama/llama-3.3-70b-instruct
baseline,pure,normal,0.35000000000000003,0.5,-0.14999999999999997,18,0.52,0.52,13,25,25,0,0,0.0,0.0,True,0.691462461274013,1.0,1.0,meta-llama/llama-3.3-70b-instruct
baseline,pure,normal,0.35000000000000003,0.5,-0.14999999999999997,24,0.44,0.44,11,25,25,0,0,0.0,0.0,True,0.691462461274013,1.0,1.0,meta-llama/llama-3.3-70b-instruct
baseline,pure,normal,0.42500000000000004,0.5,-0.07499999999999996,2,0.44,0.44,11,25,25,0,0,0.0,0.0,True,0.5987063256829237,1.0,1.0,meta-llama/llama-3.3-70b-instruct
baseline,pure,normal,0.35000000000000003,0.5,-0.14999999999999997,11,0.56,0.56,14,25,25,0,0,0.0,0.0,True,0.691462461274013,1.0,1.0,meta-llama/llama-3.3-70b-instruct
baseline,pure,normal,0.35000000000000003,0.5,-0.14999999999999997,22,0.44,0.44,11,25,25,0,0,0.0,0.0,True,0.691462461274013,1.0,1.0,meta-llama/llama-3.3-70b-instruct
baseline,pure,normal,0.35000000000000003,0.5,-0.14999999999999997,23,0.52,0.52,13,25,25,0,0,0.0,0.0,True,0.691462461274013,1.0,1.0,meta-llama/llama-3.3-70b-instruct
baseline,pure,normal,0.35000000000000003,0.5,-0.14999999999999997,21,0.52,0.52,13,25,25,0,0,0.0,0.0,True,0.691462461274013,1.0,1.0,meta-llama/llama-3.3-70b-instruct
baseline,pure,normal,0.35000000000000003,0.5,-0.14999999999999997,12,0.68,0.68,17,25,25,0,0,0.0,0.0,True,0.691462461274013,1.0,1.0,meta-llama/llama-3.3-70b-instruct
baseline,pure,normal,0.35000000000000003,0.5,-0.14999999999999997,14,0.56,0.56,14,25,25,0,0,0.0,0.0,True,0.691462461274013,1.0,1.0,meta-llama/llama-3.3-70b-instruct
baseline,pure,normal,0.35000000000000003,0.5,-0.14999999999999997,15,0.24,0.24,6,25,25,0,0,0.0,0.0,False,0.691462461274013,1.0,1.0,meta-llama/llama-3.3-70b-instruct
baseline,pure,normal,0.42500000000000004,0.5,-0.07499999999999996,7,0.48,0.48,12,25,25,0,0,0.0,0.0,True,0.5987063256829237,1.0,1.0,meta-llama/llama-3.3-70b-instruct
baseline,pure,normal,0.42500000000000004,0.5,-0.07499999999999996,1,0.24,0.24,6,25,25,0,0,0.0,0.0,False,0.5987063256829237,1.0,1.0,meta-llama/llama-3.3-70b-instruct
baseline,pure,normal,0.42500000000000004,0.5,-0.07499999999999996,6,0.52,0.52,13,25,25,0,0,0.0,0.0,True,0.5987063256829237,1.0,1.0,meta-llama/llama-3.3-70b-instruct
baseline,pure,normal,0.42500000000000004,0.5,-0.07499999999999996,3,0.36,0.36,9,25,25,0,0,0.0,0.0,False,0.5987063256829237,1.0,1.0,meta-llama/llama-3.3-70b-instruct
baseline,pure,normal,0.42500000000000004,0.5,-0.07499999999999996,8,0.56,0.56,14,25,25,0,0,0.0,0.0,True,0.5987063256829237,1.0,1.0,meta-llama/llama-3.3-70b-instruct
baseline,pure,normal,0.42500000000000004,0.5,-0.07499999999999996,9,0.52,0.52,13,25,25,0,0,0.0,0.0,True,0.5987063256829237,1.0,1.0,meta-llama/llama-3.3-70b-instruct
baseline,pure,normal,0.42500000000000004,0.5,-0.07499999999999996,4,0.2,0.2,5,25,25,0,0,0.0,0.0,False,0.5987063256829237,1.0,1.0,meta-llama/llama-3.3-70b-instruct
baseline,pure,normal,0.42500000000000004,0.5,-0.07499999999999996,5,0.4,0.4,10,25,25,0,0,0.0,0.0,False,0.5987063256829237,1.0,1.0,meta-llama/llama-3.3-70b-instruct
baseline,pure,normal,0.35000000000000003,0.5,-0.14999999999999997,9,0.48,0.48,12,25,25,0,0,0.0,0.0,True,0.691462461274013,1.0,1.0,meta-llama/llama-3.3-70b-instruct
baseline,pure,normal,0.42500000000000004,0.5,-0.07499999999999996,15,0.32,0.32,8,25,25,0,0,0.0,0.0,False,0.5987063256829237,1.0,1.0,meta-llama/llama-3.3-70b-instruct
baseline,pure,normal,0.42500000000000004,0.5,-0.07499999999999996,12,0.2,0.2,5,25,25,0,0,0.0,0.0,False,0.5987063256829237,1.0,1.0,meta-llama/llama-3.3-70b-instruct
baseline,pure,normal,0.42500000000000004,0.5,-0.07499999999999996,13,0.4,0.4,10,25,25,0,0,0.0,0.0,False,0.5987063256829237,1.0,1.0,meta-llama/llama-3.3-70b-instruct
baseline,pure,normal,0.42500000000000004,0.5,-0.07499999999999996,14,0.4,0.4,10,25,25,0,0,0.0,0.0,False,0.5987063256829237,1.0,1.0,meta-llama/llama-3.3-70b-instruct
baseline,pure,normal,0.35000000000000003,0.5,-0.14999999999999997,28,0.48,0.48,12,25,25,0,0,0.0,0.0,True,0.691462461274013,1.0,1.0,meta-llama/llama-3.3-70b-instruct
baseline,pure,normal,0.35000000000000003,0.5,-0.14999999999999997,17,0.52,0.52,13,25,25,0,0,0.0,0.0,True,0.691462461274013,1.0,1.0,meta-llama/llama-3.3-70b-instruct
baseline,pure,normal,0.35000000000000003,0.5,-0.14999999999999997,16,0.36,0.36,9,25,25,0,0,0.0,0.0,True,0.691462461274013,1.0,1.0,meta-llama/llama-3.3-70b-instruct
baseline,pure,normal,0.42500000000000004,0.5,-0.07499999999999996,17,0.48,0.48,12,25,25,0,0,0.0,0.0,True,0.5987063256829237,1.0,1.0,meta-llama/llama-3.3-70b-instruct
baseline,pure,normal,0.42500000000000004,0.5,-0.07499999999999996,19,0.24,0.24,6,25,25,0,0,0.0,0.0,False,0.5987063256829237,1.0,1.0,meta-llama/llama-3.3-70b-instruct
baseline,pure,normal,0.42500000000000004,0.5,-0.07499999999999996,0,0.4,0.4,10,25,25,0,0,0.0,0.0,False,0.5987063256829237,1.0,1.0,meta-llama/llama-3.3-70b-instruct
baseline,pure,normal,0.42500000000000004,0.5,-0.07499999999999996,10,0.56,0.56,14,25,25,0,0,0.0,0.0,True,0.5987063256829237,1.0,1.0,meta-llama/llama-3.3-70b-instruct
baseline,pure,normal,0.42500000000000004,0.5,-0.07499999999999996,21,0.28,0.28,7,25,25,0,0,0.0,0.0,False,0.5987063256829237,1.0,1.0,meta-llama/llama-3.3-70b-instruct
baseline,pure,normal,0.35000000000000003,0.5,-0.14999999999999997,25,0.24,0.24,6,25,25,0,0,0.0,0.0,False,0.691462461274013,1.0,1.0,meta-llama/llama-3.3-70b-instruct
baseline,pure,normal,0.35000000000000003,0.5,-0.14999999999999997,20,0.48,0.48,12,25,25,0,0,0.0,0.0,True,0.691462461274013,1.0,1.0,meta-llama/llama-3.3-70b-instruct
baseline,pure,normal,0.35000000000000003,0.5,-0.14999999999999997,29,0.56,0.56,14,25,25,0,0,0.0,0.0,True,0.691462461274013,1.0,1.0,meta-llama/llama-3.3-70b-instruct
baseline,pure,normal,0.35000000000000003,0.5,-0.14999999999999997,27,0.32,0.32,8,25,25,0,0,0.0,0.0,False,0.691462461274013,1.0,1.0,meta-llama/llama-3.3-70b-instruct
baseline,pure,normal,0.35000000000000003,0.5,-0.14999999999999997,26,0.48,0.48,12,25,25,0,0,0.0,0.0,True,0.691462461274013,1.0,1.0,meta-llama/llama-3.3-70b-instruct
baseline,pure,normal,0.42500000000000004,0.5,-0.07499999999999996,25,0.32,0.32,8,25,25,0,0,0.0,0.0,False,0.5987063256829237,1.0,1.0,meta-llama/llama-3.3-70b-instruct
baseline,pure,normal,0.5,0.5,0.0,3,0.32,0.32,8,25,25,0,0,0.0,0.0,False,0.5,1.0,1.0,meta-llama/llama-3.3-70b-instruct
baseline,pure,normal,0.5,0.5,0.0,1,0.24,0.24,6,25,25,0,0,0.0,0.0,False,0.5,1.0,1.0,meta-llama/llama-3.3-70b-instruct
baseline,pure,normal,0.5,0.5,0.0,0,0.2,0.2,5,25,25,0,0,0.0,0.0,False,0.5,1.0,1.0,meta-llama/llama-3.3-70b-instruct
baseline,pure,normal,0.42500000000000004,0.5,-0.07499999999999996,29,0.36,0.36,9,25,25,0,0,0.0,0.0,False,0.5987063256829237,1.0,1.0,meta-llama/llama-3.3-70b-instruct
baseline,pure,normal,0.42500000000000004,0.5,-0.07499999999999996,16,0.4,0.4,10,25,25,0,0,0.0,0.0,False,0.5987063256829237,1.0,1.0,meta-llama/llama-3.3-70b-instruct
baseline,pure,normal,0.5,0.5,0.0,2,0.44,0.44,11,25,25,0,0,0.0,0.0,False,0.5,1.0,1.0,meta-llama/llama-3.3-70b-instruct
baseline,pure,normal,0.42500000000000004,0.5,-0.07499999999999996,23,0.4,0.4,10,25,25,0,0,0.0,0.0,False,0.5987063256829237,1.0,1.0,meta-llama/llama-3.3-70b-instruct
baseline,pure,normal,0.42500000000000004,0.5,-0.07499999999999996,22,0.4,0.4,10,25,25,0,0,0.0,0.0,False,0.5987063256829237,1.0,1.0,meta-llama/llama-3.3-70b-instruct
baseline,pure,normal,0.42500000000000004,0.5,-0.07499999999999996,20,0.4,0.4,10,25,25,0,0,0.0,0.0,False,0.5987063256829237,1.0,1.0,meta-llama/llama-3.3-70b-instruct
baseline,pure,normal,0.42500000000000004,0.5,-0.07499999999999996,11,0.36,0.36,9,25,25,0,0,0.0,0.0,False,0.5987063256829237,1.0,1.0,meta-llama/llama-3.3-70b-instruct
baseline,pure,normal,0.5,0.5,0.0,5,0.4,0.4,10,25,25,0,0,0.0,0.0,False,0.5,1.0,1.0,meta-llama/llama-3.3-70b-instruct
baseline,pure,normal,0.5,0.5,0.0,6,0.32,0.32,8,25,25,0,0,0.0,0.0,False,0.5,1.0,1.0,meta-llama/llama-3.3-70b-instruct
baseline,pure,normal,0.42500000000000004,0.5,-0.07499999999999996,18,0.48,0.48,12,25,25,0,0,0.0,0.0,True,0.5987063256829237,1.0,1.0,meta-llama/llama-3.3-70b-instruct
baseline,pure,normal,0.5,0.5,0.0,8,0.36,0.36,9,25,25,0,0,0.0,0.0,False,0.5,1.0,1.0,meta-llama/llama-3.3-70b-instruct
baseline,pure,normal,0.42500000000000004,0.5,-0.07499999999999996,26,0.48,0.48,12,25,25,0,0,0.0,0.0,True,0.5987063256829237,1.0,1.0,meta-llama/llama-3.3-70b-instruct
baseline,pure,normal,0.5,0.5,0.0,7,0.36,0.36,9,25,25,0,0,0.0,0.0,False,0.5,1.0,1.0,meta-llama/llama-3.3-70b-instruct
baseline,pure,normal,0.5,0.5,0.0,4,0.16,0.16,4,25,25,0,0,0.0,0.0,False,0.5,1.0,1.0,meta-llama/llama-3.3-70b-instruct
baseline,pure,normal,0.5,0.5,0.0,10,0.56,0.56,14,25,25,0,0,0.0,0.0,True,0.5,1.0,1.0,meta-llama/llama-3.3-70b-instruct
baseline,pure,normal,0.5,0.5,0.0,9,0.4,0.4,10,25,25,0,0,0.0,0.0,False,0.5,1.0,1.0,meta-llama/llama-3.3-70b-instruct
baseline,pure,normal,0.42500000000000004,0.5,-0.07499999999999996,24,0.32,0.32,8,25,25,0,0,0.0,0.0,False,0.5987063256829237,1.0,1.0,meta-llama/llama-3.3-70b-instruct
baseline,pure,normal,0.5,0.5,0.0,11,0.28,0.28,7,25,25,0,0,0.0,0.0,False,0.5,1.0,1.0,meta-llama/llama-3.3-70b-instruct
baseline,pure,normal,0.5,0.5,0.0,17,0.32,0.32,8,25,25,0,0,0.0,0.0,False,0.5,1.0,1.0,meta-llama/llama-3.3-70b-instruct
baseline,pure,normal,0.5,0.5,0.0,18,0.36,0.36,9,25,25,0,0,0.0,0.0,False,0.5,1.0,1.0,meta-llama/llama-3.3-70b-instruct
baseline,pure,normal,0.5,0.5,0.0,16,0.4,0.4,10,25,25,0,0,0.0,0.0,False,0.5,1.0,1.0,meta-llama/llama-3.3-70b-instruct
baseline,pure,normal,0.5,0.5,0.0,19,0.24,0.24,6,25,25,0,0,0.0,0.0,False,0.5,1.0,1.0,meta-llama/llama-3.3-70b-instruct
baseline,pure,normal,0.5,0.5,0.0,21,0.24,0.24,6,25,25,0,0,0.0,0.0,False,0.5,1.0,1.0,meta-llama/llama-3.3-70b-instruct
baseline,pure,normal,0.5,0.5,0.0,28,0.44,0.44,11,25,25,0,0,0.0,0.0,False,0.5,1.0,1.0,meta-llama/llama-3.3-70b-instruct
baseline,pure,normal,0.5750000000000001,0.5,0.07500000000000007,1,0.12,0.12,3,25,25,0,0,0.0,0.0,False,0.4012936743170762,1.0,1.0,meta-llama/llama-3.3-70b-instruct
baseline,pure,normal,0.5750000000000001,0.5,0.07500000000000007,5,0.24,0.24,6,25,25,0,0,0.0,0.0,False,0.4012936743170762,1.0,1.0,meta-llama/llama-3.3-70b-instruct
baseline,pure,normal,0.5750000000000001,0.5,0.07500000000000007,3,0.32,0.32,8,25,25,0,0,0.0,0.0,False,0.4012936743170762,1.0,1.0,meta-llama/llama-3.3-70b-instruct
baseline,pure,normal,0.5,0.5,0.0,29,0.32,0.32,8,25,25,0,0,0.0,0.0,False,0.5,1.0,1.0,meta-llama/llama-3.3-70b-instruct
baseline,pure,normal,0.5,0.5,0.0,25,0.16,0.16,4,25,25,0,0,0.0,0.0,False,0.5,1.0,1.0,meta-llama/llama-3.3-70b-instruct
baseline,pure,normal,0.5750000000000001,0.5,0.07500000000000007,8,0.4,0.4,10,25,25,0,0,0.0,0.0,False,0.4012936743170762,1.0,1.0,meta-llama/llama-3.3-70b-instruct
baseline,pure,normal,0.5,0.5,0.0,26,0.48,0.48,12,25,25,0,0,0.0,0.0,False,0.5,1.0,1.0,meta-llama/llama-3.3-70b-instruct
baseline,pure,normal,0.5,0.5,0.0,24,0.24,0.24,6,25,25,0,0,0.0,0.0,False,0.5,1.0,1.0,meta-llama/llama-3.3-70b-instruct
baseline,pure,normal,0.5750000000000001,0.5,0.07500000000000007,9,0.12,0.12,3,25,25,0,0,0.0,0.0,False,0.4012936743170762,1.0,1.0,meta-llama/llama-3.3-70b-instruct
baseline,pure,normal,0.5750000000000001,0.5,0.07500000000000007,6,0.36,0.36,9,25,25,0,0,0.0,0.0,False,0.4012936743170762,1.0,1.0,meta-llama/llama-3.3-70b-instruct
baseline,pure,normal,0.42500000000000004,0.5,-0.07499999999999996,27,0.36,0.36,9,25,25,0,0,0.0,0.0,False,0.5987063256829237,1.0,1.0,meta-llama/llama-3.3-70b-instruct
baseline,pure,normal,0.5750000000000001,0.5,0.07500000000000007,2,0.28,0.28,7,25,25,0,0,0.0,0.0,False,0.4012936743170762,1.0,1.0,meta-llama/llama-3.3-70b-instruct
baseline,pure,normal,0.5,0.5,0.0,14,0.28,0.28,7,25,25,0,0,0.0,0.0,False,0.5,1.0,1.0,meta-llama/llama-3.3-70b-instruct
baseline,pure,normal,0.5750000000000001,0.5,0.07500000000000007,7,0.28,0.28,7,25,25,0,0,0.0,0.0,False,0.4012936743170762,1.0,1.0,meta-llama/llama-3.3-70b-instruct
baseline,pure,normal,0.5750000000000001,0.5,0.07500000000000007,12,0.36,0.36,9,25,25,0,0,0.0,0.0,False,0.4012936743170762,1.0,1.0,meta-llama/llama-3.3-70b-instruct
baseline,pure,normal,0.5750000000000001,0.5,0.07500000000000007,14,0.24,0.24,6,25,25,0,0,0.0,0.0,False,0.4012936743170762,1.0,1.0,meta-llama/llama-3.3-70b-instruct
baseline,pure,normal,0.5750000000000001,0.5,0.07500000000000007,4,0.24,0.24,6,25,25,0,0,0.0,0.0,False,0.4012936743170762,1.0,1.0,meta-llama/llama-3.3-70b-instruct
baseline,pure,normal,0.5750000000000001,0.5,0.07500000000000007,20,0.08,0.08,2,25,25,0,0,0.0,0.0,False,0.4012936743170762,1.0,1.0,meta-llama/llama-3.3-70b-instruct
baseline,pure,normal,0.5750000000000001,0.5,0.07500000000000007,15,0.2,0.2,5,25,25,0,0,0.0,0.0,False,0.4012936743170762,1.0,1.0,meta-llama/llama-3.3-70b-instruct
baseline,pure,normal,0.42500000000000004,0.5,-0.07499999999999996,28,0.6,0.6,15,25,25,0,0,0.0,0.0,True,0.5987063256829237,1.0,1.0,meta-llama/llama-3.3-70b-instruct
baseline,pure,normal,0.5,0.5,0.0,12,0.32,0.32,8,25,25,0,0,0.0,0.0,False,0.5,1.0,1.0,meta-llama/llama-3.3-70b-instruct
baseline,pure,normal,0.5,0.5,0.0,15,0.2,0.2,5,25,25,0,0,0.0,0.0,False,0.5,1.0,1.0,meta-llama/llama-3.3-70b-instruct
baseline,pure,normal,0.5750000000000001,0.5,0.07500000000000007,11,0.24,0.24,6,25,25,0,0,0.0,0.0,False,0.4012936743170762,1.0,1.0,meta-llama/llama-3.3-70b-instruct
baseline,pure,normal,0.6500000000000001,0.5,0.15000000000000013,0,0.24,0.24,6,25,25,0,0,0.0,0.0,False,0.3085375387259867,1.0,1.0,meta-llama/llama-3.3-70b-instruct
baseline,pure,normal,0.6500000000000001,0.5,0.15000000000000013,2,0.28,0.28,7,25,25,0,0,0.0,0.0,False,0.3085375387259867,1.0,1.0,meta-llama/llama-3.3-70b-instruct
baseline,pure,normal,0.5750000000000001,0.5,0.07500000000000007,29,0.28,0.28,7,25,25,0,0,0.0,0.0,False,0.4012936743170762,1.0,1.0,meta-llama/llama-3.3-70b-instruct
baseline,pure,normal,0.6500000000000001,0.5,0.15000000000000013,1,0.08,0.08,2,25,25,0,0,0.0,0.0,False,0.3085375387259867,1.0,1.0,meta-llama/llama-3.3-70b-instruct
baseline,pure,normal,0.5750000000000001,0.5,0.07500000000000007,13,0.28,0.28,7,25,25,0,0,0.0,0.0,False,0.4012936743170762,1.0,1.0,meta-llama/llama-3.3-70b-instruct
baseline,pure,normal,0.5,0.5,0.0,13,0.28,0.28,7,25,25,0,0,0.0,0.0,False,0.5,1.0,1.0,meta-llama/llama-3.3-70b-instruct
baseline,pure,normal,0.5,0.5,0.0,27,0.28,0.28,7,25,25,0,0,0.0,0.0,False,0.5,1.0,1.0,meta-llama/llama-3.3-70b-instruct
baseline,pure,normal,0.5750000000000001,0.5,0.07500000000000007,18,0.32,0.32,8,25,25,0,0,0.0,0.0,False,0.4012936743170762,1.0,1.0,meta-llama/llama-3.3-70b-instruct
baseline,pure,normal,0.5,0.5,0.0,22,0.28,0.28,7,25,25,0,0,0.0,0.0,False,0.5,1.0,1.0,meta-llama/llama-3.3-70b-instruct
baseline,pure,normal,0.6500000000000001,0.5,0.15000000000000013,7,0.28,0.28,7,25,25,0,0,0.0,0.0,False,0.3085375387259867,1.0,1.0,meta-llama/llama-3.3-70b-instruct
baseline,pure,normal,0.6500000000000001,0.5,0.15000000000000013,13,0.36,0.36,9,25,25,0,0,0.0,0.0,False,0.3085375387259867,1.0,1.0,meta-llama/llama-3.3-70b-instruct
baseline,pure,normal,0.6500000000000001,0.5,0.15000000000000013,15,0.12,0.12,3,25,25,0,0,0.0,0.0,False,0.3085375387259867,1.0,1.0,meta-llama/llama-3.3-70b-instruct
baseline,pure,normal,0.5750000000000001,0.5,0.07500000000000007,22,0.36,0.36,9,25,25,0,0,0.0,0.0,False,0.4012936743170762,1.0,1.0,meta-llama/llama-3.3-70b-instruct
baseline,pure,normal,0.5750000000000001,0.5,0.07500000000000007,0,0.28,0.28,7,25,25,0,0,0.0,0.0,False,0.4012936743170762,1.0,1.0,meta-llama/llama-3.3-70b-instruct
baseline,pure,normal,0.5,0.5,0.0,20,0.16,0.16,4,25,25,0,0,0.0,0.0,False,0.5,1.0,1.0,meta-llama/llama-3.3-70b-instruct
baseline,pure,normal,0.5750000000000001,0.5,0.07500000000000007,17,0.36,0.36,9,25,25,0,0,0.0,0.0,False,0.4012936743170762,1.0,1.0,meta-llama/llama-3.3-70b-instruct
baseline,pure,normal,0.5,0.5,0.0,23,0.28,0.28,7,25,25,0,0,0.0,0.0,False,0.5,1.0,1.0,meta-llama/llama-3.3-70b-instruct
baseline,pure,normal,0.6500000000000001,0.5,0.15000000000000013,6,0.36,0.36,9,25,25,0,0,0.0,0.0,False,0.3085375387259867,1.0,1.0,meta-llama/llama-3.3-70b-instruct
baseline,pure,normal,0.6500000000000001,0.5,0.15000000000000013,17,0.28,0.28,7,25,25,0,0,0.0,0.0,False,0.3085375387259867,1.0,1.0,meta-llama/llama-3.3-70b-instruct
baseline,pure,normal,0.6500000000000001,0.5,0.15000000000000013,16,0.2,0.2,5,25,25,0,0,0.0,0.0,False,0.3085375387259867,1.0,1.0,meta-llama/llama-3.3-70b-instruct
baseline,pure,normal,0.6500000000000001,0.5,0.15000000000000013,14,0.0,0.0,0,25,25,0,0,0.0,0.0,False,0.3085375387259867,1.0,1.0,meta-llama/llama-3.3-70b-instruct
baseline,pure,normal,0.5750000000000001,0.5,0.07500000000000007,28,0.16,0.16,4,25,25,0,0,0.0,0.0,False,0.4012936743170762,1.0,1.0,meta-llama/llama-3.3-70b-instruct
baseline,pure,normal,0.6500000000000001,0.5,0.15000000000000013,18,0.2,0.2,5,25,25,0,0,0.0,0.0,False,0.3085375387259867,1.0,1.0,meta-llama/llama-3.3-70b-instruct
baseline,pure,normal,0.5750000000000001,0.5,0.07500000000000007,23,0.36,0.36,9,25,25,0,0,0.0,0.0,False,0.4012936743170762,1.0,1.0,meta-llama/llama-3.3-70b-instruct
baseline,pure,normal,0.6500000000000001,0.5,0.15000000000000013,3,0.12,0.12,3,25,25,0,0,0.0,0.0,False,0.3085375387259867,1.0,1.0,meta-llama/llama-3.3-70b-instruct
baseline,pure,normal,0.6500000000000001,0.5,0.15000000000000013,10,0.28,0.28,7,25,25,0,0,0.0,0.0,False,0.3085375387259867,1.0,1.0,meta-llama/llama-3.3-70b-instruct
baseline,pure,normal,0.6500000000000001,0.5,0.15000000000000013,20,0.08,0.08,2,25,25,0,0,0.0,0.0,False,0.3085375387259867,1.0,1.0,meta-llama/llama-3.3-70b-instruct
baseline,pure,normal,0.6500000000000001,0.5,0.15000000000000013,21,0.16,0.16,4,25,25,0,0,0.0,0.0,False,0.3085375387259867,1.0,1.0,meta-llama/llama-3.3-70b-instruct
baseline,pure,normal,0.5750000000000001,0.5,0.07500000000000007,24,0.28,0.28,7,25,25,0,0,0.0,0.0,False,0.4012936743170762,1.0,1.0,meta-llama/llama-3.3-70b-instruct
baseline,pure,normal,0.5750000000000001,0.5,0.07500000000000007,27,0.16,0.16,4,25,25,0,0,0.0,0.0,False,0.4012936743170762,1.0,1.0,meta-llama/llama-3.3-70b-instruct
baseline,pure,normal,0.6500000000000001,0.5,0.15000000000000013,25,0.12,0.12,3,25,25,0,0,0.0,0.0,False,0.3085375387259867,1.0,1.0,meta-llama/llama-3.3-70b-instruct
baseline,pure,normal,0.5750000000000001,0.5,0.07500000000000007,25,0.16,0.16,4,25,25,0,0,0.0,0.0,False,0.4012936743170762,1.0,1.0,meta-llama/llama-3.3-70b-instruct
baseline,pure,normal,0.6500000000000001,0.5,0.15000000000000013,24,0.24,0.24,6,25,25,0,0,0.0,0.0,False,0.3085375387259867,1.0,1.0,meta-llama/llama-3.3-70b-instruct
baseline,pure,normal,0.5750000000000001,0.5,0.07500000000000007,26,0.4,0.4,10,25,25,0,0,0.0,0.0,False,0.4012936743170762,1.0,1.0,meta-llama/llama-3.3-70b-instruct
baseline,pure,normal,0.5750000000000001,0.5,0.07500000000000007,21,0.28,0.28,7,25,25,0,0,0.0,0.0,False,0.4012936743170762,1.0,1.0,meta-llama/llama-3.3-70b-instruct
baseline,pure,normal,0.6500000000000001,0.5,0.15000000000000013,4,0.12,0.12,3,25,25,0,0,0.0,0.0,False,0.3085375387259867,1.0,1.0,meta-llama/llama-3.3-70b-instruct
baseline,pure,normal,0.5750000000000001,0.5,0.07500000000000007,16,0.24,0.24,6,25,25,0,0,0.0,0.0,False,0.4012936743170762,1.0,1.0,meta-llama/llama-3.3-70b-instruct
baseline,pure,normal,0.6500000000000001,0.5,0.15000000000000013,23,0.24,0.24,6,25,25,0,0,0.0,0.0,False,0.3085375387259867,1.0,1.0,meta-llama/llama-3.3-70b-instruct
baseline,pure,normal,0.5750000000000001,0.5,0.07500000000000007,10,0.24,0.24,6,25,25,0,0,0.0,0.0,False,0.4012936743170762,1.0,1.0,meta-llama/llama-3.3-70b-instruct
baseline,pure,normal,0.6500000000000001,0.5,0.15000000000000013,26,0.32,0.32,8,25,25,0,0,0.0,0.0,False,0.3085375387259867,1.0,1.0,meta-llama/llama-3.3-70b-instruct
baseline,pure,normal,0.6500000000000001,0.5,0.15000000000000013,29,0.2,0.2,5,25,25,0,0,0.0,0.0,False,0.3085375387259867,1.0,1.0,meta-llama/llama-3.3-70b-instruct
baseline,pure,normal,0.7250000000000001,0.5,0.2250000000000001,5,0.24,0.24,6,25,25,0,0,0.0,0.0,False,0.22662735237686804,1.0,1.0,meta-llama/llama-3.3-70b-instruct
baseline,pure,normal,0.6500000000000001,0.5,0.15000000000000013,19,0.12,0.12,3,25,25,0,0,0.0,0.0,False,0.3085375387259867,1.0,1.0,meta-llama/llama-3.3-70b-instruct
baseline,pure,normal,0.6500000000000001,0.5,0.15000000000000013,22,0.32,0.32,8,25,25,0,0,0.0,0.0,False,0.3085375387259867,1.0,1.0,meta-llama/llama-3.3-70b-instruct
baseline,pure,normal,0.7250000000000001,0.5,0.2250000000000001,2,0.24,0.24,6,25,25,0,0,0.0,0.0,False,0.22662735237686804,1.0,1.0,meta-llama/llama-3.3-70b-instruct
baseline,pure,normal,0.6500000000000001,0.5,0.15000000000000013,28,0.24,0.24,6,25,25,0,0,0.0,0.0,False,0.3085375387259867,1.0,1.0,meta-llama/llama-3.3-70b-instruct
baseline,pure,normal,0.7250000000000001,0.5,0.2250000000000001,9,0.12,0.12,3,25,25,0,0,0.0,0.0,False,0.22662735237686804,1.0,1.0,meta-llama/llama-3.3-70b-instruct
baseline,pure,normal,0.5750000000000001,0.5,0.07500000000000007,19,0.16,0.16,4,25,25,0,0,0.0,0.0,False,0.4012936743170762,1.0,1.0,meta-llama/llama-3.3-70b-instruct
baseline,pure,normal,0.7250000000000001,0.5,0.2250000000000001,6,0.2,0.2,5,25,25,0,0,0.0,0.0,False,0.22662735237686804,1.0,1.0,meta-llama/llama-3.3-70b-instruct
baseline,pure,normal,0.7250000000000001,0.5,0.2250000000000001,8,0.16,0.16,4,25,25,0,0,0.0,0.0,False,0.22662735237686804,1.0,1.0,meta-llama/llama-3.3-70b-instruct
baseline,pure,normal,0.7250000000000001,0.5,0.2250000000000001,4,0.0,0.0,0,25,25,0,0,0.0,0.0,False,0.22662735237686804,1.0,1.0,meta-llama/llama-3.3-70b-instruct
baseline,pure,normal,0.7250000000000001,0.5,0.2250000000000001,14,0.0,0.0,0,25,25,0,0,0.0,0.0,False,0.22662735237686804,1.0,1.0,meta-llama/llama-3.3-70b-instruct
baseline,pure,normal,0.6500000000000001,0.5,0.15000000000000013,9,0.2,0.2,5,25,25,0,0,0.0,0.0,False,0.3085375387259867,1.0,1.0,meta-llama/llama-3.3-70b-instruct
baseline,pure,normal,0.7250000000000001,0.5,0.2250000000000001,18,0.12,0.12,3,25,25,0,0,0.0,0.0,False,0.22662735237686804,1.0,1.0,meta-llama/llama-3.3-70b-instruct
baseline,pure,normal,0.7250000000000001,0.5,0.2250000000000001,19,0.0,0.0,0,25,25,0,0,0.0,0.0,False,0.22662735237686804,1.0,1.0,meta-llama/llama-3.3-70b-instruct
baseline,pure,normal,0.7250000000000001,0.5,0.2250000000000001,17,0.24,0.24,6,25,25,0,0,0.0,0.0,False,0.22662735237686804,1.0,1.0,meta-llama/llama-3.3-70b-instruct
baseline,pure,normal,0.6500000000000001,0.5,0.15000000000000013,8,0.12,0.12,3,25,25,0,0,0.0,0.0,False,0.3085375387259867,1.0,1.0,meta-llama/llama-3.3-70b-instruct
baseline,pure,normal,0.7250000000000001,0.5,0.2250000000000001,24,0.08,0.08,2,25,25,0,0,0.0,0.0,False,0.22662735237686804,1.0,1.0,meta-llama/llama-3.3-70b-instruct
baseline,pure,normal,0.7250000000000001,0.5,0.2250000000000001,22,0.24,0.24,6,25,25,0,0,0.0,0.0,False,0.22662735237686804,1.0,1.0,meta-llama/llama-3.3-70b-instruct
baseline,pure,normal,0.7250000000000001,0.5,0.2250000000000001,12,0.16,0.16666666666666666,4,25,24,0,1,0.0,0.04,False,0.22662735237686804,1.0,1.0,meta-llama/llama-3.3-70b-instruct
baseline,pure,normal,0.7250000000000001,0.5,0.2250000000000001,20,0.04,0.04,1,25,25,0,0,0.0,0.0,False,0.22662735237686804,1.0,1.0,meta-llama/llama-3.3-70b-instruct
baseline,pure,normal,0.7250000000000001,0.5,0.2250000000000001,25,0.08,0.08,2,25,25,0,0,0.0,0.0,False,0.22662735237686804,1.0,1.0,meta-llama/llama-3.3-70b-instruct
baseline,pure,normal,0.7250000000000001,0.5,0.2250000000000001,21,0.24,0.24,6,25,25,0,0,0.0,0.0,False,0.22662735237686804,1.0,1.0,meta-llama/llama-3.3-70b-instruct
baseline,pure,normal,0.7250000000000001,0.5,0.2250000000000001,7,0.08,0.08,2,25,25,0,0,0.0,0.0,False,0.22662735237686804,1.0,1.0,meta-llama/llama-3.3-70b-instruct
baseline,pure,normal,0.7250000000000001,0.5,0.2250000000000001,26,0.32,0.32,8,25,25,0,0,0.0,0.0,False,0.22662735237686804,1.0,1.0,meta-llama/llama-3.3-70b-instruct
baseline,pure,normal,0.6500000000000001,0.5,0.15000000000000013,12,0.16,0.16,4,25,25,0,0,0.0,0.0,False,0.3085375387259867,1.0,1.0,meta-llama/llama-3.3-70b-instruct
baseline,pure,normal,0.7250000000000001,0.5,0.2250000000000001,28,0.2,0.2,5,25,25,0,0,0.0,0.0,False,0.22662735237686804,1.0,1.0,meta-llama/llama-3.3-70b-instruct
baseline,pure,normal,0.7250000000000001,0.5,0.2250000000000001,27,0.0,0.0,0,25,25,0,0,0.0,0.0,False,0.22662735237686804,1.0,1.0,meta-llama/llama-3.3-70b-instruct
baseline,pure,normal,0.7250000000000001,0.5,0.2250000000000001,29,0.16,0.16,4,25,25,0,0,0.0,0.0,False,0.22662735237686804,1.0,1.0,meta-llama/llama-3.3-70b-instruct
baseline,pure,normal,0.7250000000000001,0.5,0.2250000000000001,13,0.28,0.28,7,25,25,0,0,0.0,0.0,False,0.22662735237686804,1.0,1.0,meta-llama/llama-3.3-70b-instruct
baseline,pure,normal,0.7250000000000001,0.5,0.2250000000000001,15,0.12,0.12,3,25,25,0,0,0.0,0.0,False,0.22662735237686804,1.0,1.0,meta-llama/llama-3.3-70b-instruct
baseline,pure,normal,0.7250000000000001,0.5,0.2250000000000001,16,0.16,0.16,4,25,25,0,0,0.0,0.0,False,0.22662735237686804,1.0,1.0,meta-llama/llama-3.3-70b-instruct
baseline,pure,normal,0.6500000000000001,0.5,0.15000000000000013,27,0.08,0.08,2,25,25,0,0,0.0,0.0,False,0.3085375387259867,1.0,1.0,meta-llama/llama-3.3-70b-instruct
baseline,pure,normal,0.8,0.5,0.30000000000000004,1,0.04,0.04,1,25,25,0,0,0.0,0.0,False,0.15865525393145702,1.0,1.0,meta-llama/llama-3.3-70b-instruct
baseline,pure,normal,0.8,0.5,0.30000000000000004,6,0.2,0.2,5,25,25,0,0,0.0,0.0,False,0.15865525393145702,1.0,1.0,meta-llama/llama-3.3-70b-instruct
baseline,pure,normal,0.8,0.5,0.30000000000000004,0,0.12,0.12,3,25,25,0,0,0.0,0.0,False,0.15865525393145702,1.0,1.0,meta-llama/llama-3.3-70b-instruct
baseline,pure,normal,0.8,0.5,0.30000000000000004,3,0.12,0.12,3,25,25,0,0,0.0,0.0,False,0.15865525393145702,1.0,1.0,meta-llama/llama-3.3-70b-instruct
baseline,pure,normal,0.6500000000000001,0.5,0.15000000000000013,11,0.16,0.16,4,25,25,0,0,0.0,0.0,False,0.3085375387259867,1.0,1.0,meta-llama/llama-3.3-70b-instruct
baseline,pure,normal,0.8,0.5,0.30000000000000004,4,0.04,0.04,1,25,25,0,0,0.0,0.0,False,0.15865525393145702,1.0,1.0,meta-llama/llama-3.3-70b-instruct
baseline,pure,normal,0.8,0.5,0.30000000000000004,2,0.12,0.12,3,25,25,0,0,0.0,0.0,False,0.15865525393145702,1.0,1.0,meta-llama/llama-3.3-70b-instruct
baseline,pure,normal,0.6500000000000001,0.5,0.15000000000000013,5,0.32,0.32,8,25,25,0,0,0.0,0.0,False,0.3085375387259867,1.0,1.0,meta-llama/llama-3.3-70b-instruct
baseline,pure,normal,0.7250000000000001,0.5,0.2250000000000001,3,0.16,0.16,4,25,25,0,0,0.0,0.0,False,0.22662735237686804,1.0,1.0,meta-llama/llama-3.3-70b-instruct
baseline,pure,normal,0.8,0.5,0.30000000000000004,8,0.08,0.08,2,25,25,0,0,0.0,0.0,False,0.15865525393145702,1.0,1.0,meta-llama/llama-3.3-70b-instruct
baseline,pure,normal,0.7250000000000001,0.5,0.2250000000000001,23,0.2,0.2,5,25,25,0,0,0.0,0.0,False,0.22662735237686804,1.0,1.0,meta-llama/llama-3.3-70b-instruct
baseline,pure,normal,0.8,0.5,0.30000000000000004,9,0.08,0.08,2,25,25,0,0,0.0,0.0,False,0.15865525393145702,1.0,1.0,meta-llama/llama-3.3-70b-instruct
baseline,pure,normal,0.7250000000000001,0.5,0.2250000000000001,10,0.2,0.2,5,25,25,0,0,0.0,0.0,False,0.22662735237686804,1.0,1.0,meta-llama/llama-3.3-70b-instruct
baseline,pure,normal,0.7250000000000001,0.5,0.2250000000000001,0,0.16,0.16,4,25,25,0,0,0.0,0.0,False,0.22662735237686804,1.0,1.0,meta-llama/llama-3.3-70b-instruct
baseline,pure,normal,0.8,0.5,0.30000000000000004,7,0.12,0.12,3,25,25,0,0,0.0,0.0,False,0.15865525393145702,1.0,1.0,meta-llama/llama-3.3-70b-instruct
baseline,pure,normal,0.8,0.5,0.30000000000000004,10,0.2,0.2,5,25,25,0,0,0.0,0.0,False,0.15865525393145702,1.0,1.0,meta-llama/llama-3.3-70b-instruct
baseline,pure,normal,0.7250000000000001,0.5,0.2250000000000001,1,0.04,0.04,1,25,25,0,0,0.0,0.0,False,0.22662735237686804,1.0,1.0,meta-llama/llama-3.3-70b-instruct
baseline,pure,normal,0.8,0.5,0.30000000000000004,13,0.24,0.24,6,25,25,0,0,0.0,0.0,False,0.15865525393145702,1.0,1.0,meta-llama/llama-3.3-70b-instruct
baseline,pure,normal,0.8,0.5,0.30000000000000004,5,0.12,0.12,3,25,25,0,0,0.0,0.0,False,0.15865525393145702,1.0,1.0,meta-llama/llama-3.3-70b-instruct
baseline,pure,normal,0.8,0.5,0.30000000000000004,20,0.04,0.04,1,25,25,0,0,0.0,0.0,False,0.15865525393145702,1.0,1.0,meta-llama/llama-3.3-70b-instruct
baseline,pure,normal,0.7250000000000001,0.5,0.2250000000000001,11,0.08,0.08,2,25,25,0,0,0.0,0.0,False,0.22662735237686804,1.0,1.0,meta-llama/llama-3.3-70b-instruct
baseline,pure,normal,0.8,0.5,0.30000000000000004,25,0.08,0.08,2,25,25,0,0,0.0,0.0,False,0.15865525393145702,1.0,1.0,meta-llama/llama-3.3-70b-instruct
baseline,pure,normal,0.8,0.5,0.30000000000000004,21,0.16,0.16,4,25,25,0,0,0.0,0.0,False,0.15865525393145702,1.0,1.0,meta-llama/llama-3.3-70b-instruct
baseline,pure,normal,0.8,0.5,0.30000000000000004,24,0.08,0.08,2,25,25,0,0,0.0,0.0,False,0.15865525393145702,1.0,1.0,meta-llama/llama-3.3-70b-instruct
baseline,pure,normal,0.8,0.5,0.30000000000000004,27,0.04,0.04,1,25,25,0,0,0.0,0.0,False,0.15865525393145702,1.0,1.0,meta-llama/llama-3.3-70b-instruct
baseline,pure,normal,0.8,0.5,0.30000000000000004,26,0.16,0.16,4,25,25,0,0,0.0,0.0,False,0.15865525393145702,1.0,1.0,meta-llama/llama-3.3-70b-instruct
baseline,pure,normal,0.8,0.5,0.30000000000000004,17,0.12,0.12,3,25,25,0,0,0.0,0.0,False,0.15865525393145702,1.0,1.0,meta-llama/llama-3.3-70b-instruct
baseline,pure,normal,0.8,0.5,0.30000000000000004,28,0.12,0.12,3,25,25,0,0,0.0,0.0,False,0.15865525393145702,1.0,1.0,meta-llama/llama-3.3-70b-instruct
baseline,pure,normal,0.8,0.5,0.30000000000000004,22,0.12,0.12,3,25,25,0,0,0.0,0.0,False,0.15865525393145702,1.0,1.0,meta-llama/llama-3.3-70b-instruct
baseline,pure,normal,0.8,0.5,0.30000000000000004,29,0.12,0.12,3,25,25,0,0,0.0,0.0,False,0.15865525393145702,1.0,1.0,meta-llama/llama-3.3-70b-instruct
baseline,pure,normal,0.8,0.5,0.30000000000000004,14,0.04,0.04,1,25,25,0,0,0.0,0.0,False,0.15865525393145702,1.0,1.0,meta-llama/llama-3.3-70b-instruct
baseline,pure,normal,0.8,0.5,0.30000000000000004,11,0.16,0.16,4,25,25,0,0,0.0,0.0,False,0.15865525393145702,1.0,1.0,meta-llama/llama-3.3-70b-instruct
baseline,pure,normal,0.8,0.5,0.30000000000000004,19,0.04,0.04,1,25,25,0,0,0.0,0.0,False,0.15865525393145702,1.0,1.0,meta-llama/llama-3.3-70b-instruct
baseline,pure,normal,0.8,0.5,0.30000000000000004,16,0.12,0.12,3,25,25,0,0,0.0,0.0,False,0.15865525393145702,1.0,1.0,meta-llama/llama-3.3-70b-instruct
baseline,pure,normal,0.8,0.5,0.30000000000000004,15,0.16,0.16,4,25,25,0,0,0.0,0.0,False,0.15865525393145702,1.0,1.0,meta-llama/llama-3.3-70b-instruct
baseline,pure,normal,0.8,0.5,0.30000000000000004,18,0.16,0.16,4,25,25,0,0,0.0,0.0,False,0.15865525393145702,1.0,1.0,meta-llama/llama-3.3-70b-instruct
baseline,pure,normal,0.8,0.5,0.30000000000000004,12,0.2,0.2,5,25,25,0,0,0.0,0.0,False,0.15865525393145702,1.0,1.0,meta-llama/llama-3.3-70b-instruct
baseline,pure,normal,0.8,0.5,0.30000000000000004,23,0.08,0.08,2,25,25,0,0,0.0,0.0,False,0.15865525393145702,1.0,1.0,meta-llama/llama-3.3-70b-instruct
