country,period,join_valid
0,0,1.0
0,1,0.08
0,2,0.92
0,3,0.2
0,4,0.0
0,5,0.0
0,6,0.96
0,7,0.08
0,8,0.0
0,9,0.24
0,10,1.0
0,11,0.44
0,12,0.0
0,13,0.96
0,14,0.0
0,15,0.68
0,16,0.0
0,17,0.68
0,18,0.0
0,19,1.0
0,20,0.92
0,21,0.96
0,22,0.0
0,23,0.0
0,24,1.0
0,25,0.0
0,26,1.0
0,27,0.36
0,28,1.0
0,29,0.04
0,30,0.0
0,31,0.08
0,32,0.92
0,33,0.92
0,34,0.44
0,35,0.0
0,36,0.0
0,37,0.2
0,38,0.76
0,39,0.0
0,40,0.16
0,41,0.92
0,42,0.0
0,43,0.88
0,44,0.0
0,45,0.04
0,46,0.44
0,47,0.96
0,48,0.0
0,49,0.0
1,0,0.0
1,1,0.48
1,2,0.0
1,3,0.88
1,4,0.8
1,5,0.0
1,6,0.84
1,7,1.0
1,8,0.0
1,9,0.6
1,10,0.96
1,11,0.08
1,12,0.0
1,13,0.96
1,14,0.72
1,15,0.96
1,16,1.0
1,17,1.0
1,18,0.8
1,19,0.0
1,20,0.0
1,21,0.84
1,22,1.0
1,23,0.08
1,24,1.0
1,25,0.0
1,26,1.0
1,27,0.0
1,28,0.0
1,29,0.0
1,30,0.4
1,31,0.0
1,32,0.76
1,33,0.2
1,34,0.0
1,35,0.68
1,36,0.0
1,37,0.92
1,38,0.48
1,39,0.76
1,40,0.0
1,41,0.96
1,42,0.96
1,43,0.96
1,44,0.56
1,45,0.0
1,46,0.0
1,47,0.0
1,48,0.08
1,49,1.0
2,0,0.04
2,1,0.92
2,2,0.92
2,3,0.76
2,4,0.0
2,5,0.36
2,6,0.64
2,7,0.76
2,8,0.0
2,9,0.64
2,10,0.96
2,11,0.0
2,12,0.0
2,13,0.36
2,14,0.0
2,15,0.24
2,16,0.0
2,17,0.0
2,18,0.08
2,19,1.0
2,20,0.0
2,21,0.0
2,22,0.88
2,23,0.12
2,24,0.0
2,25,0.96
2,26,0.08
2,27,0.0
2,28,0.0
2,29,0.0
2,30,0.0
2,31,0.92
2,32,1.0
2,33,1.0
2,34,0.0
2,35,0.0
2,36,0.8
2,37,0.0
2,38,1.0
2,39,0.0
2,40,0.0
2,41,0.96
2,42,0.0
2,43,0.52
2,44,0.08
2,45,0.0
2,46,0.96
2,47,0.76
2,48,1.0
2,49,1.0
3,0,1.0
3,1,0.96
3,2,0.24
3,3,0.96
3,4,0.92
3,5,0.68
3,6,0.0
3,7,0.0
3,8,0.96
3,9,0.0
3,10,0.44
3,11,1.0
3,12,0.0
3,13,0.04
3,14,0.56
3,15,0.96
3,16,0.0
3,17,1.0
3,18,0.0
3,19,0.04
3,20,0.0
3,21,0.96
3,22,0.16
3,23,0.96
3,24,0.0
3,25,0.0
3,26,1.0
3,27,0.6
3,28,0.32
3,29,0.48
3,30,0.0
3,31,1.0
3,32,0.0
3,33,0.6
3,34,0.0
3,35,0.96
3,36,0.8
3,37,0.0
3,38,0.96
3,39,0.88
3,40,0.0
3,41,0.0
3,42,0.0
3,43,0.24
3,44,0.12
3,45,0.88
3,46,0.88
3,47,0.88
3,48,0.0
3,49,0.88
4,0,0.0
4,1,0.0
4,2,0.16
4,3,1.0
4,4,1.0
4,5,0.96
4,6,0.0
4,7,0.96
4,8,0.0
4,9,0.24
4,10,0.76
4,11,0.32
4,12,0.0
4,13,0.96
4,14,0.8
4,15,0.0
4,16,0.0
4,17,0.0
4,18,1.0
4,19,0.04
4,20,0.0
4,21,0.0
4,22,0.0
4,23,0.0
4,24,1.0
4,25,1.0
4,26,1.0
4,27,0.04
4,28,0.0
4,29,0.88
4,30,0.96
4,31,0.0
4,32,0.0
4,33,0.0
4,34,0.0
4,35,0.0
4,36,1.0
4,37,0.0
4,38,0.36
4,39,0.96
4,40,0.0
4,41,0.32
4,42,0.8
4,43,0.32
4,44,0.88
4,45,0.56
4,46,0.0
4,47,0.0
4,48,0.48
4,49,0.92
5,0,0.72
5,1,0.84
5,2,0.0
5,3,0.0
5,4,0.0
5,5,0.0
5,6,0.32
5,7,0.0
5,8,0.92
5,9,0.04
5,10,0.68
5,11,0.0
5,12,0.92
5,13,0.04
5,14,1.0
5,15,0.88
5,16,1.0
5,17,0.6
5,18,0.8
5,19,0.64
5,20,0.72
5,21,0.64
5,22,0.08
5,23,0.96
5,24,1.0
5,25,0.0
5,26,0.0
5,27,0.0
5,28,0.96
5,29,0.96
5,30,0.96
5,31,0.0
5,32,0.0
5,33,0.0
5,34,0.08
5,35,0.04
5,36,0.0
5,37,0.0
5,38,0.52
5,39,1.0
5,40,0.56
5,41,0.0
5,42,0.96
5,43,0.0
5,44,0.88
5,45,0.0
5,46,0.2
5,47,0.12
5,48,1.0
5,49,0.92
6,0,1.0
6,1,0.0
6,2,0.0
6,3,1.0
6,4,0.0
6,5,0.6
6,6,1.0
6,7,1.0
6,8,0.84
6,9,0.44
6,10,1.0
6,11,0.04
6,12,0.0
6,13,0.0
6,14,1.0
6,15,0.64
6,16,0.92
6,17,0.0
6,18,0.96
6,19,0.12
6,20,0.96
6,21,0.0
6,22,0.92
6,23,0.08
6,24,0.0
6,25,0.0
6,26,1.0
6,27,1.0
6,28,0.0
6,29,0.0
6,30,0.88
6,31,0.0
6,32,0.0
6,33,1.0
6,34,0.96
6,35,1.0
6,36,0.96
6,37,0.0
6,38,0.96
6,39,0.44
6,40,0.44
6,41,0.92
6,42,0.04
6,43,0.0
6,44,0.88
6,45,1.0
6,46,0.96
6,47,0.0
6,48,0.56
6,49,0.12
7,0,0.0
7,1,0.0
7,2,0.92
7,3,0.04
7,4,0.0
7,5,0.76
7,6,1.0
7,7,0.4
7,8,0.76
7,9,0.0
7,10,0.72
7,11,0.92
7,12,0.32
7,13,0.0
7,14,0.88
7,15,1.0
7,16,1.0
7,17,0.0
7,18,0.8
7,19,0.2
7,20,0.0
7,21,0.96
7,22,1.0
7,23,0.0
7,24,0.0
7,25,1.0
7,26,1.0
7,27,1.0
7,28,0.76
7,29,0.0
7,30,0.0
7,31,0.56
7,32,0.72
7,33,1.0
7,34,0.88
7,35,0.96
7,36,0.96
7,37,0.0
7,38,0.48
7,39,0.0
7,40,0.0
7,41,0.6
7,42,1.0
7,43,1.0
7,44,0.0
7,45,1.0
7,46,0.88
7,47,0.0
7,48,0.12
7,49,0.0
8,0,0.0
8,1,1.0
8,2,0.04
8,3,0.92
8,4,0.0
8,5,0.96
8,6,0.96
8,7,1.0
8,8,0.4
8,9,0.0
8,10,0.96
8,11,0.24
8,12,0.76
8,13,0.96
8,14,0.0
8,15,0.96
8,16,0.0
8,17,0.28
8,18,0.0
8,19,0.28
8,20,0.0
8,21,0.6
8,22,1.0
8,23,0.0
8,24,1.0
8,25,1.0
8,26,0.0
8,27,0.0
8,28,0.96
8,29,0.0
8,30,0.48
8,31,0.44
8,32,0.92
8,33,0.96
8,34,0.0
8,35,0.04
8,36,0.92
8,37,0.12
8,38,0.96
8,39,0.0
8,40,0.92
8,41,0.0
8,42,0.88
8,43,0.92
8,44,0.88
8,45,1.0
8,46,0.0
8,47,0.6
8,48,0.68
8,49,0.0
9,0,0.2
9,1,0.0
9,2,0.96
9,3,0.88
9,4,0.0
9,5,0.0
9,6,1.0
9,7,0.92
9,8,0.92
9,9,0.0
9,10,0.92
9,11,0.52
9,12,1.0
9,13,0.96
9,14,0.0
9,15,0.0
9,16,0.0
9,17,0.0
9,18,0.84
9,19,0.96
9,20,1.0
9,21,0.92
9,22,0.0
9,23,0.44
9,24,0.96
9,25,0.92
9,26,0.56
9,27,0.64
9,28,1.0
9,29,0.0
9,30,0.2
9,31,0.0
9,32,0.12
9,33,0.0
9,34,0.0
9,35,0.52
9,36,0.96
9,37,1.0
9,38,1.0
9,39,0.64
9,40,0.0
9,41,0.72
9,42,0.96
9,43,0.08
9,44,0.72
9,45,0.0
9,46,0.0
9,47,0.84
9,48,1.0
9,49,0.48
