country	period	treatment	theta	theta_star	z	benefit	n_agents	n_join	join_fraction	n_valid	n_api_error	n_unparseable	join_fraction_valid	api_error_rate	unparseable_rate	coup_success	theoretical_attack	direction_transform	degrade_messages	beliefs_include_messages	belief_order	second_order_order	message_stage_context	decision_context	message_bundle_mode	message_source_country	message_source_period
0	0	communication	-3.0213767901175865	0.3973590094970381	-0.40664875972548564	0.6593627313094049	25	13	0.52	25	0	0	0.52	0.0	0.0	True	1.0	logistic	False	True	post	post	full	none	live		
0	1	communication	-0.29262760550268996	0.4281891055381076	-0.4645363516969937	0.7488299185713463	25	2	0.08	25	0	0	0.08	0.0	0.0	True	0.986849421207569	logistic	False	True	post	post	full	none	live		
0	2	communication	-1.658398467571994	0.3978274025898599	-0.43605831759341973	0.6606534477006423	25	19	0.76	25	0	0	0.76	0.0	0.0	True	0.9999999999787532	logistic	False	True	post	post	full	none	live		
0	3	communication	-1.3840643081562272	0.3643242873163725	-0.5019365143741891	0.5731291601157883	25	19	0.76	25	0	0	0.76	0.0	0.0	True	0.9999999788581414	logistic	False	True	post	post	full	none	live		
0	4	communication	-0.5326107398654707	0.4603870616181516	-0.5433625482356969	0.8531801757732618	25	1	0.04	25	0	0	0.04	0.0	0.0	True	0.9993375570956972	logistic	False	True	post	post	full	none	live		
0	5	communication	0.08908187880002494	0.4086273404974504	-0.35453395135710974	0.6909811164438668	25	2	0.08	25	0	0	0.08	0.0	0.0	False	0.7978803996680625	logistic	False	True	post	post	full	none	live		
0	6	communication	-0.36839290555678644	0.4727339706957598	-0.49029545481856374	0.8965758164233739	25	4	0.16	25	0	0	0.16	0.0	0.0	True	0.9968843687784583	logistic	False	True	post	post	full	none	live		
0	7	communication	-0.3308307109747615	0.4096947410142364	-0.5444478116700642	0.6940387787128236	25	1	0.04	25	0	0	0.04	0.0	0.0	True	0.9874573911496193	logistic	False	True	post	post	full	none	live		
0	8	communication	-0.3854830193686982	0.49955326983011517	-0.45791012325661135	0.9982146744380439	25	2	0.08	25	0	0	0.08	0.0	0.0	True	0.998405986191949	logistic	False	True	post	post	full	none	live		
0	9	communication	1.4160088386730458	0.4975524005951674	-0.37298168448385427	0.9902572948592774	25	0	0.0	25	0	0	0.0	0.0	0.0	False	0.001078721490722271	logistic	False	True	post	post	full	none	live		
0	10	communication	-0.9886275665424549	0.42648663243469986	-0.49652930800267436	0.7436385210082137	25	8	0.32	25	0	0	0.32	0.0	0.0	True	0.9999970747487774	logistic	False	True	post	post	full	none	live		
0	11	communication	-2.2146999243068164	0.5499306015543626	-0.44198494153098544	1.2218795666926177	25	18	0.72	25	0	0	0.72	0.0	0.0	True	1.0	logistic	False	True	post	post	full	none	live		
0	12	communication	-1.022370612742187	0.4075278915764913	-0.4970438255935912	0.6878431672688694	25	14	0.56	25	0	0	0.56	0.0	0.0	True	0.9999970844056433	logistic	False	True	post	post	full	none	live		
0	13	communication	-1.2381613884565261	0.3824004195248138	-0.47084698392763613	0.6191720843310673	25	17	0.68	25	0	0	0.68	0.0	0.0	True	0.999999832570576	logistic	False	True	post	post	full	none	live		
0	14	communication	-1.301397547176939	0.44466185472222625	-0.40693303261121694	0.8007046850704115	25	22	0.88	25	0	0	0.88	0.0	0.0	True	0.9999999933060136	logistic	False	True	post	post	full	none	live		
0	15	communication	-1.1574981940087083	0.4339637637993908	-0.43655790461337574	0.7666713472484992	25	19	0.76	25	0	0	0.76	0.0	0.0	True	0.9999998615900509	logistic	False	True	post	post	full	none	live		
0	16	communication	0.5348316615111879	0.4356814122044859	-0.45989982465918783	0.7720486647559429	25	0	0.0	25	0	0	0.0	0.0	0.0	False	0.31120823276824977	logistic	False	True	post	post	full	none	live		
0	17	communication	0.2751962433024909	0.47988264982567724	-0.47202790543330214	0.9226430336631524	25	0	0.0	25	0	0	0.0	0.0	0.0	False	0.7362542549393528	logistic	False	True	post	post	full	none	live		
0	18	communication	0.2848708196828794	0.4593763867784167	-0.3506776837146711	0.8497157274374064	25	0	0.0	25	0	0	0.0	0.0	0.0	False	0.6842726339686147	logistic	False	True	post	post	full	none	live		
0	19	communication	-0.8303868989332881	0.4289326273366599	-0.44794981700584424	0.7511068708692055	25	13	0.52	25	0	0	0.52	0.0	0.0	True	0.9999707324237671	logistic	False	True	post	post	full	none	live		
0	20	communication	-0.017426591809438063	0.40196963273776093	-0.5565620564458793	0.6721558883003936	25	0	0.0	25	0	0	0.0	0.0	0.0	True	0.8748735232957512	logistic	False	True	post	post	full	none	live		
0	21	communication	0.7919741276941017	0.4699498034327935	-0.49658391359473314	0.8866137706888056	25	0	0.0	25	0	0	0.0	0.0	0.0	False	0.125317073057907	logistic	False	True	post	post	full	none	live		
0	22	communication	-1.150653514057574	0.4331105175313345	-0.516494712444708	0.7640122650454614	25	20	0.8	25	0	0	0.8	0.0	0.0	True	0.9999998395613281	logistic	False	True	post	post	full	none	live		
0	23	communication	-1.537840513698638	0.503988568556775	-0.48699232624150157	1.0160825670697533	25	17	0.68	25	0	0	0.68	0.0	0.0	True	0.9999999999953226	logistic	False	True	post	post	full	none	live		
0	24	communication	0.7667424713248175	0.40391543466321855	-0.5113629385893986	0.6776143154034036	25	0	0.0	25	0	0	0.0	0.0	0.0	False	0.07316065098213449	logistic	False	True	post	post	full	none	live		
0	25	communication	-0.5387433557014987	0.44450234416582773	-0.4341417868190105	0.8001876146503867	25	5	0.2	25	0	0	0.2	0.0	0.0	True	0.9991492490297281	logistic	False	True	post	post	full	none	live		
0	26	communication	-1.7048005466493186	0.44235852173100415	-0.4686295388226796	0.793266890949634	25	22	0.88	25	0	0	0.88	0.0	0.0	True	0.999999999998827	logistic	False	True	post	post	full	none	live		
0	27	communication	-1.376896536912609	0.41849362916158295	-0.41877817880608725	0.7196716152192761	25	16	0.64	25	0	0	0.64	0.0	0.0	True	0.9999999962401404	logistic	False	True	post	post	full	none	live		
0	28	communication	0.2904196664930846	0.4190939157765881	-0.3887743267079369	0.7214486595313536	25	0	0.0	25	0	0	0.0	0.0	0.0	False	0.5888945082231349	logistic	False	True	post	post	full	none	live		
0	29	communication	0.1971935405512516	0.3842530754047853	-0.5168920836346782	0.624043840182213	25	0	0.0	25	0	0	0.0	0.0	0.0	False	0.628998610165252	logistic	False	True	post	post	full	none	live		
0	30	communication	-0.04431769435973887	0.3956304119389307	-0.4582794056293494	0.6546166778645945	25	0	0.0	25	0	0	0.0	0.0	0.0	True	0.8852833562292239	logistic	False	True	post	post	full	none	live		
0	31	communication	-0.9180231867643925	0.4270972133794584	-0.4318134951586766	0.7454968335881798	25	18	0.72	25	0	0	0.72	0.0	0.0	True	0.999991458759147	logistic	False	True	post	post	full	none	live		
0	32	communication	-1.3892450190097625	0.39638518633434283	-0.44213628785686837	0.6566856501204109	25	19	0.76	25	0	0	0.76	0.0	0.0	True	0.9999999936251454	logistic	False	True	post	post	full	none	live		
0	33	communication	-0.5980609408443679	0.4263665734720631	-0.482611100261286	0.7432735851060073	25	8	0.32	25	0	0	0.32	0.0	0.0	True	0.9993791543729355	logistic	False	True	post	post	full	none	live		
0	34	communication	-0.10719713710552137	0.44075684974500734	-0.3849722033074976	0.7881309758448355	25	1	0.04	25	0	0	0.04	0.0	0.0	True	0.9532739794542016	logistic	False	True	post	post	full	none	live		
0	35	communication	0.6450651624732548	0.3270292748667436	-0.47399732011025014	0.4859487384120429	25	0	0.0	25	0	0	0.0	0.0	0.0	False	0.0657451784809326	logistic	False	True	post	post	full	none	live		
0	36	communication	-1.9965236518678409	0.35121172380152416	-0.42895487850013414	0.5413348802469455	25	21	0.84	25	0	0	0.84	0.0	0.0	True	0.999999999999951	logistic	False	True	post	post	full	none	live		
0	37	communication	-0.35727504325976894	0.3411710403874559	-0.49092414914129356	0.5178446323733217	25	2	0.08	25	0	0	0.08	0.0	0.0	True	0.9725005150788099	logistic	False	True	post	post	full	none	live		
0	38	communication	-0.29694121605440077	0.3986520848529206	-0.454496631270024	0.6629308505300414	25	3	0.12	25	0	0	0.12	0.0	0.0	True	0.9803869319176919	logistic	False	True	post	post	full	none	live		
0	39	communication	-0.7848024875906785	0.46200579531157043	-0.4715709223696407	0.8587560819156657	25	11	0.44	25	0	0	0.44	0.0	0.0	True	0.999975531420716	logistic	False	True	post	post	full	none	live		
0	40	communication	-0.24866203916822463	0.41131968235239635	-0.4793487946811314	0.6987148542625828	25	3	0.12	25	0	0	0.12	0.0	0.0	True	0.9759105751114151	logistic	False	True	post	post	full	none	live		
0	41	communication	0.6240318955048234	0.4243501619530968	-0.4566181359301172	0.7371671698768397	25	0	0.0	25	0	0	0.0	0.0	0.0	False	0.19589304886656528	logistic	False	True	post	post	full	none	live		
0	42	communication	-0.5461757839814786	0.32362516132121594	-0.45553839769491833	0.4784701364015526	25	4	0.16	25	0	0	0.16	0.0	0.0	True	0.9926918894149337	logistic	False	True	post	post	full	none	live		
0	43	communication	-0.04603762923709903	0.3633095838095102	-0.43809236720584316	0.5706220394886743	25	0	0.0	25	0	0	0.0	0.0	0.0	True	0.8449147663927905	logistic	False	True	post	post	full	none	live		
0	44	communication	-1.3878423568718032	0.4751503435419611	-0.5228661368512788	0.9053075251082856	25	15	0.6	25	0	0	0.6	0.0	0.0	True	0.9999999996067946	logistic	False	True	post	post	full	none	live		
0	45	communication	-1.65370939334988	0.45595228914358776	-0.48669267153118906	0.8380740880718915	25	20	0.8	25	0	0	0.8	0.0	0.0	True	0.9999999999977667	logistic	False	True	post	post	full	none	live		
0	46	communication	0.37832179041809816	0.44422510387048786	-0.48946410641075694	0.7992896170088442	25	0	0.0	25	0	0	0.0	0.0	0.0	False	0.5316476149465891	logistic	False	True	post	post	full	none	live		
0	47	communication	0.5010755727098204	0.42872433778825564	-0.5077579789268303	0.7504684098188453	25	0	0.0	25	0	0	0.0	0.0	0.0	False	0.336952895689538	logistic	False	True	post	post	full	none	live		
0	48	communication	-0.21344673291628957	0.47058815324889663	-0.44231870412810387	0.8888885961596888	25	0	0.0	25	0	0	0.0	0.0	0.0	True	0.9863193671747854	logistic	False	True	post	post	full	none	live		
0	49	communication	-2.868740206183209	0.3657307276868394	-0.41405186967498037	0.5766174456994119	25	19	0.76	25	0	0	0.76	0.0	0.0	True	1.0	logistic	False	True	post	post	full	none	live		
1	0	communication	1.6958187500883608	0.3648371452695237	0.09942939657767884	0.5743993726212752	25	0	0.0	25	0	0	0.0	0.0	0.0	False	8.670897334407562e-07	logistic	False	True	post	post	full	none	live		
1	1	communication	0.7700413943812798	0.45324365487859153	0.10795290961102369	0.8289682578406068	25	0	0.0	25	0	0	0.0	0.0	0.0	False	0.12030512280089672	logistic	False	True	post	post	full	none	live		
1	2	communication	1.9442426374353254	0.3074536681410384	0.11887877909468075	0.443946713739366	25	0	0.0	25	0	0	0.0	0.0	0.0	False	1.26858726472593e-09	logistic	False	True	post	post	full	none	live		
1	3	communication	1.0679781701034865	0.4049059888999843	0.0418984728493357	0.6804067615325622	25	0	0.0	25	0	0	0.0	0.0	0.0	False	0.007124794621968883	logistic	False	True	post	post	full	none	live		
1	4	communication	-0.18709569597767206	0.39601030927690783	0.027273886893238	0.6556573983950075	25	1	0.04	25	0	0	0.04	0.0	0.0	True	0.9535212489178764	logistic	False	True	post	post	full	none	live		
1	5	communication	0.44997999493639057	0.2759627880029006	0.1107626717728248	0.3811444818446792	25	1	0.04	25	0	0	0.04	0.0	0.0	False	0.12001045470612265	logistic	False	True	post	post	full	none	live		
1	6	communication	1.1002740398921664	0.3376624445449995	0.06986450851820528	0.5098041652085368	25	0	0.0	25	0	0	0.0	0.0	0.0	False	0.0015337581592345985	logistic	False	True	post	post	full	none	live		
1	7	communication	-0.3578213615722994	0.40324940477397586	0.09113278186357526	0.67574193976504	25	15	0.6	25	0	0	0.6	0.0	0.0	True	0.9890459459459523	logistic	False	True	post	post	full	none	live		
1	8	communication	0.22366990237208254	0.33066197206168896	0.024342475190733452	0.4940134255933299	25	5	0.2	25	0	0	0.2	0.0	0.0	False	0.4675437270950492	logistic	False	True	post	post	full	none	live		
1	9	communication	-1.8690853104050165	0.3610645648356203	0.05433649040082077	0.565103365636199	25	23	0.92	25	0	0	0.92	0.0	0.0	True	0.9999999999992699	logistic	False	True	post	post	full	none	live		
1	10	communication	0.8296966870827195	0.3538264345952409	0.04028618403405871	0.5475718189951119	25	1	0.04	25	0	0	0.04	0.0	0.0	False	0.024925260419315275	logistic	False	True	post	post	full	none	live		
1	11	communication	1.2239770205591836	0.4333284689868416	0.08022160361822435	0.7646907339990925	25	0	0.0	25	0	0	0.0	0.0	0.0	False	0.00252833344781565	logistic	False	True	post	post	full	none	live		
1	12	communication	-0.006674346467578588	0.28320278480730604	0.019753123077945828	0.3950947057337181	25	6	0.24	25	0	0	0.24	0.0	0.0	True	0.6528047702524231	logistic	False	True	post	post	full	none	live		
1	13	communication	-0.004190345017847513	0.3526419408530429	0.1708849803458465	0.5447401725680678	25	8	0.32	25	0	0	0.32	0.0	0.0	True	0.7913870615279439	logistic	False	True	post	post	full	none	live		
1	14	communication	-2.204086724040562	0.39311319478734774	0.14692832871721156	0.647753734981273	25	22	0.88	25	0	0	0.88	0.0	0.0	True	1.0	logistic	False	True	post	post	full	none	live		
1	15	communication	0.9428270765098513	0.42616739484317645	0.09281957342897004	0.742668490799174	25	0	0.0	25	0	0	0.0	0.0	0.0	False	0.02817369643223761	logistic	False	True	post	post	full	none	live		
1	16	communication	0.870276849918964	0.41505447354734326	0.027407269508328287	0.709560898883011	25	0	0.0	25	0	0	0.0	0.0	0.0	False	0.04163947313142121	logistic	False	True	post	post	full	none	live		
1	17	communication	0.14558755164073767	0.36708117072108293	0.021243443361355363	0.5799814348062573	25	3	0.12	25	0	0	0.12	0.0	0.0	False	0.654949543425524	logistic	False	True	post	post	full	none	live		
1	18	communication	-0.26682760902879143	0.43631271330897736	0.057219598810108435	0.7740332691734736	25	10	0.4	25	0	0	0.4	0.0	0.0	True	0.9854996323117045	logistic	False	True	post	post	full	none	live		
1	19	communication	0.7887043181712532	0.2506942923678124	0.14315304250320643	0.3345687745526569	25	0	0.0	25	0	0	0.0	0.0	0.0	False	0.0068378008215471495	logistic	False	True	post	post	full	none	live		
1	20	communication	0.005818911188157069	0.4153248749433067	0.09506272584160512	0.7103515390757125	25	4	0.16	25	0	0	0.16	0.0	0.0	True	0.8751650562820265	logistic	False	True	post	post	full	none	live		
1	21	communication	-0.6040354531979317	0.33106620184652513	0.07221555963056425	0.4949162424748165	25	17	0.68	25	0	0	0.68	0.0	0.0	True	0.9963192719171289	logistic	False	True	post	post	full	none	live		
1	22	communication	0.7308884005530031	0.35702043804922323	0.0007840021747107517	0.555259387975002	25	0	0.0	25	0	0	0.0	0.0	0.0	False	0.05340908387400299	logistic	False	True	post	post	full	none	live		
1	23	communication	-0.672608385064509	0.4349941718917929	-0.022794294168788448	0.7698932475586517	25	10	0.4	25	0	0	0.4	0.0	0.0	True	0.9997909089014563	logistic	False	True	post	post	full	none	live		
1	24	communication	0.4968383351776878	0.36657533467168546	0.04823804249659858	0.5787197037577995	25	0	0.0	25	0	0	0.0	0.0	0.0	False	0.21912626682911057	logistic	False	True	post	post	full	none	live		
1	25	communication	1.1766987786799323	0.2624152530600603	0.1021549800354533	0.35577640962446366	25	0	0.0	25	0	0	0.0	0.0	0.0	False	0.00011501365148295159	logistic	False	True	post	post	full	none	live		
1	26	communication	0.2012045876491301	0.3504756248647364	0.0728813884084398	0.5395881021274217	25	2	0.08	25	0	0	0.08	0.0	0.0	False	0.5451961687684459	logistic	False	True	post	post	full	none	live		
1	27	communication	0.4223965120821874	0.349084605726538	0.07778460169513532	0.536297971745128	25	0	0.0	25	0	0	0.0	0.0	0.0	False	0.2636391924639142	logistic	False	True	post	post	full	none	live		
1	28	communication	-0.40674477416172305	0.3377439214405668	0.09809128180756213	0.5099899153439881	25	10	0.4	25	0	0	0.4	0.0	0.0	True	0.9804437210136235	logistic	False	True	post	post	full	none	live		
1	29	communication	2.3465309733875426	0.3663828746343115	0.07207165227480003	0.5782401705491399	25	0	0.0	25	0	0	0.0	0.0	0.0	False	1.9337238336420952e-12	logistic	False	True	post	post	full	none	live		
1	30	communication	-0.4685080282820541	0.35275017437393497	0.11420521243797793	0.5449984849864277	25	19	0.76	25	0	0	0.76	0.0	0.0	True	0.9908531989461311	logistic	False	True	post	post	full	none	live		
1	31	communication	-1.0047521274373377	0.3856309181921896	0.16014204260235915	0.6276860760268929	25	20	0.8	25	0	0	0.8	0.0	0.0	True	0.9999930007718866	logistic	False	True	post	post	full	none	live		
1	32	communication	-0.45245253081618203	0.2763516332053046	0.06491179585379829	0.38188662599954115	25	12	0.48	25	0	0	0.48	0.0	0.0	True	0.966794022494132	logistic	False	True	post	post	full	none	live		
1	33	communication	1.2071960982061518	0.2647931413674732	0.19162596876208304	0.36016141342857466	25	0	0.0	25	0	0	0.0	0.0	0.0	False	8.163002891991829e-05	logistic	False	True	post	post	full	none	live		
1	34	communication	-2.18182382114079	0.4480685063593779	0.023358482197186073	0.8118190600138642	25	20	0.8	25	0	0	0.8	0.0	0.0	True	1.0	logistic	False	True	post	post	full	none	live		
1	35	communication	-0.22707093117112875	0.3455286686729628	0.05950642583099246	0.5279508087426112	25	16	0.64	25	0	0	0.64	0.0	0.0	True	0.9346369471771423	logistic	False	True	post	post	full	none	live		
1	36	communication	0.16053656614115536	0.34141456601038994	0.03597599648936486	0.5184058869054431	25	3	0.12	25	0	0	0.12	0.0	0.0	False	0.5770377604427034	logistic	False	True	post	post	full	none	live		
1	37	communication	-0.9180040292788464	0.33991214046683693	0.05293601388744409	0.5149498442635113	25	19	0.76	25	0	0	0.76	0.0	0.0	True	0.9999216962817401	logistic	False	True	post	post	full	none	live		
1	38	communication	0.8352067019893783	0.3825640126806646	-0.08022131501021597	0.6196010931296817	25	0	0.0	25	0	0	0.0	0.0	0.0	False	0.03533730133067079	logistic	False	True	post	post	full	none	live		
1	39	communication	0.11091641563495935	0.4064646114684196	0.039965628425863854	0.6848195058327052	25	3	0.12	25	0	0	0.12	0.0	0.0	True	0.7729242470073447	logistic	False	True	post	post	full	none	live		
1	40	communication	-2.494662376985767	0.31183410092488795	-0.008072863469931565	0.45313797347992657	25	20	0.8	25	0	0	0.8	0.0	0.0	True	1.0	logistic	False	True	post	post	full	none	live		
1	41	communication	-0.7311841345443011	0.31742670853140703	0.10628032001784707	0.4650441388476342	25	22	0.88	25	0	0	0.88	0.0	0.0	True	0.9987380560130233	logistic	False	True	post	post	full	none	live		
1	42	communication	-1.6574293313985868	0.3795660958614885	0.04203832174346234	0.611775232348925	25	24	0.96	25	0	0	0.96	0.0	0.0	True	0.9999999999551502	logistic	False	True	post	post	full	none	live		
1	43	communication	-0.6495557346513401	0.28231963250185066	0.19808003481970216	0.3933779510870885	25	17	0.68	25	0	0	0.68	0.0	0.0	True	0.9943015346295765	logistic	False	True	post	post	full	none	live		
1	44	communication	-0.09563114780269177	0.3860157736883414	0.060407858866833204	0.628706336654974	25	4	0.16	25	0	0	0.16	0.0	0.0	True	0.9058745702170621	logistic	False	True	post	post	full	none	live		
1	45	communication	0.7768219326409219	0.3689369298812257	0.026146003539513067	0.5846276661567075	25	0	0.0	25	0	0	0.0	0.0	0.0	False	0.04510538864907927	logistic	False	True	post	post	full	none	live		
1	46	communication	0.6486846671528383	0.461748085613618	0.040528107799387966	0.8578661278706647	25	0	0.0	25	0	0	0.0	0.0	0.0	False	0.23602343131485543	logistic	False	True	post	post	full	none	live		
1	47	communication	0.3496144400746662	0.4014986173365593	0.0684758377202276	0.6708399161081582	25	1	0.04	25	0	0	0.04	0.0	0.0	False	0.46950160579373446	logistic	False	True	post	post	full	none	live		
1	48	communication	1.4591033415458994	0.2978459336098534	0.027718572551622696	0.4241888609163983	25	0	0.0	25	0	0	0.0	0.0	0.0	False	5.376145925406087e-06	logistic	False	True	post	post	full	none	live		
1	49	communication	0.7755661675389173	0.284934668633193	0.08780120218656266	0.39847361651355195	25	0	0.0	25	0	0	0.0	0.0	0.0	False	0.01377334837490094	logistic	False	True	post	post	full	none	live		
2	0	communication	0.2926155541147524	0.06740759315079084	0.11792283695420883	0.0722798005385111	25	2	0.08	25	0	0	0.08	0.0	0.0	False	0.012349646106345329	logistic	False	True	post	post	full	none	live		
2	1	communication	0.09808625577708213	0.3708540711081287	0.20296136043036372	0.5894563631069221	25	4	0.16	25	0	0	0.16	0.0	0.0	True	0.7189192311490862	logistic	False	True	post	post	full	none	live		
2	2	communication	0.9179453868071641	0.23078921849835293	0.13983875217952907	0.3000337801399612	25	0	0.0	25	0	0	0.0	0.0	0.0	False	0.001235906613209161	logistic	False	True	post	post	full	none	live		
2	3	communication	-0.1473707335162316	0.21113245775096867	0.2361163530187414	0.267639935025135	25	16	0.64	25	0	0	0.64	0.0	0.0	True	0.6526602434525963	logistic	False	True	post	post	full	none	live		
2	4	communication	0.37249527026132145	0.2675352143872792	0.11698652821011707	0.36525334683971306	25	0	0.0	25	0	0	0.0	0.0	0.0	False	0.16598550137615853	logistic	False	True	post	post	full	none	live		
2	5	communication	0.40104359392924815	0.20123743098594238	0.14260658394770637	0.2519364812429021	25	0	0.0	25	0	0	0.0	0.0	0.0	False	0.06638987637758677	logistic	False	True	post	post	full	none	live		
2	6	communication	-0.5506951167467217	0.29607315781519167	0.15967095124359063	0.4206021706691232	25	23	0.92	25	0	0	0.92	0.0	0.0	True	0.9888972013940537	logistic	False	True	post	post	full	none	live		
2	7	communication	-0.6408874312062788	0.14382133039781375	0.12447556784905132	0.16798051096582295	25	18	0.72	25	0	0	0.72	0.0	0.0	True	0.939715373769009	logistic	False	True	post	post	full	none	live		
2	8	communication	-0.0715407762232147	0.23438120657159506	0.17615081948895162	0.30613303720255747	25	9	0.36	25	0	0	0.36	0.0	0.0	True	0.616096935990919	logistic	False	True	post	post	full	none	live		
2	9	communication	-1.568645891583127	0.15031591557305235	0.2531007862913072	0.17690800419597114	25	21	0.84	25	0	0	0.84	0.0	0.0	True	0.9999986656177163	logistic	False	True	post	post	full	none	live		
2	10	communication	1.0901801011098116	0.19662992471126117	0.09906716462663613	0.24475634674417082	25	0	0.0	25	0	0	0.0	0.0	0.0	False	6.34957566557196e-05	logistic	False	True	post	post	full	none	live		
2	11	communication	-0.41758367334576657	0.22915813078507533	0.15717000510343276	0.2972829317360055	25	18	0.72	25	0	0	0.72	0.0	0.0	True	0.9213460285672763	logistic	False	True	post	post	full	none	live		
2	12	communication	-0.09636393424126732	0.10349177431759309	0.1791382182419734	0.11543873369239518	25	11	0.44	25	0	0	0.44	0.0	0.0	True	0.27568191446551416	logistic	False	True	post	post	full	none	live		
2	13	communication	-1.3033073204116055	0.31978252028774895	0.164442993767784	0.47011805757038905	25	17	0.68	25	0	0	0.68	0.0	0.0	True	0.9999996133589191	logistic	False	True	post	post	full	none	live		
2	14	communication	2.4585956225061234	0.37622817562629135	0.08726680984304912	0.6031503202377554	25	0	0.0	25	0	0	0.0	0.0	0.0	False	1.9843112726923585e-13	logistic	False	True	post	post	full	none	live		
2	15	communication	0.17704445641569133	0.2866707354240537	0.1766715205050755	0.4018771549972384	25	3	0.12	25	0	0	0.12	0.0	0.0	False	0.4216335347339778	logistic	False	True	post	post	full	none	live		
2	16	communication	1.1278745381376933	0.3000610817602461	0.17061997869648046	0.42869609610343823	25	0	0.0	25	0	0	0.0	0.0	0.0	False	0.0005124458708146002	logistic	False	True	post	post	full	none	live		
2	17	communication	0.3369473705625912	0.32469625513523487	0.20828378706284914	0.4808151259404874	25	1	0.04	25	0	0	0.04	0.0	0.0	False	0.3101436042728144	logistic	False	True	post	post	full	none	live		
2	18	communication	1.6285196068586456	0.11491905323996691	0.15590928315249877	0.1298401616944131	25	0	0.0	25	0	0	0.0	0.0	0.0	False	2.1039886105033846e-10	logistic	False	True	post	post	full	none	live		
2	19	communication	-0.15837655400723447	0.23546619242227923	0.12503936212243613	0.30798663196897574	25	13	0.52	25	0	0	0.52	0.0	0.0	True	0.7230232506856418	logistic	False	True	post	post	full	none	live		
2	20	communication	1.500915952353331	0.047896482115440606	0.1907020694313418	0.050305960660517124	25	0	0.0	25	0	0	0.0	0.0	0.0	False	3.7826620442385614e-11	logistic	False	True	post	post	full	none	live		
2	21	communication	1.1110240616494431	0.1768991047160201	0.1632252445015356	0.21491788640928128	25	0	0.0	25	0	0	0.0	0.0	0.0	False	2.6612215033385102e-05	logistic	False	True	post	post	full	none	live		
2	22	communication	0.6326699842407291	0.3657025009202906	0.23706667622538505	0.5765472849110735	25	2	0.08	25	0	0	0.08	0.0	0.0	False	0.10876013100884502	logistic	False	True	post	post	full	none	live		
2	23	communication	-0.3196194817930774	0.1318517809638386	0.17744313026913955	0.15187703905011007	25	11	0.44	25	0	0	0.44	0.0	0.0	True	0.6507047765737273	logistic	False	True	post	post	full	none	live		
2	24	communication	1.1807724568269609	0.35381728807622953	0.16078622835072215	0.5475499135884789	25	0	0.0	25	0	0	0.0	0.0	0.0	False	0.0008694248243278273	logistic	False	True	post	post	full	none	live		
2	25	communication	0.6682019968417792	0.13902123862000693	0.15562051191240442	0.1614688362314316	25	1	0.04	25	0	0	0.04	0.0	0.0	False	0.0021951671410728756	logistic	False	True	post	post	full	none	live		
2	26	communication	0.17598901954112434	0.25825159322868796	0.21854209748756992	0.3481660235076304	25	1	0.04	25	0	0	0.04	0.0	0.0	False	0.3540026173710161	logistic	False	True	post	post	full	none	live		
2	27	communication	0.19917422546033456	0.15710696449627093	0.16476782093938522	0.1863901561393028	25	2	0.08	25	0	0	0.08	0.0	0.0	False	0.12576450121850558	logistic	False	True	post	post	full	none	live		
2	28	communication	0.01782694774510464	0.2999224449724483	0.12122529477179239	0.42841317053886235	25	5	0.2	25	0	0	0.2	0.0	0.0	True	0.661183305379693	logistic	False	True	post	post	full	none	live		
2	29	communication	1.0070115006740847	0.24959004410258237	0.0704903256650271	0.33260492100494166	25	0	0.0	25	0	0	0.0	0.0	0.0	False	0.0006859026308029087	logistic	False	True	post	post	full	none	live		
2	30	communication	1.2034627990457736	0.22717869841348381	0.10733051699435991	0.2939601922813349	25	0	0.0	25	0	0	0.0	0.0	0.0	False	3.134486516319458e-05	logistic	False	True	post	post	full	none	live		
2	31	communication	-0.8316214472209492	0.20450448339086194	0.11229635244131411	0.2570781093306199	25	19	0.76	25	0	0	0.76	0.0	0.0	True	0.9957070158353822	logistic	False	True	post	post	full	none	live		
2	32	communication	0.968414735113958	0.25771248224585613	0.24606364620713098	0.3471868731210622	25	0	0.0	25	0	0	0.0	0.0	0.0	False	0.00126629036211686	logistic	False	True	post	post	full	none	live		
2	33	communication	0.4281240609886914	0.33988392341784585	0.14958940579753896	0.5148850868435803	25	1	0.04	25	0	0	0.04	0.0	0.0	False	0.239810043657813	logistic	False	True	post	post	full	none	live		
2	34	communication	0.8469196982732582	0.26149100499517075	0.15954441620735893	0.35407964799868263	25	1	0.04	25	0	0	0.04	0.0	0.0	False	0.004796225765567815	logistic	False	True	post	post	full	none	live		
2	35	communication	-1.9400550306714939	0.3202698733411876	0.14711266247065374	0.4711721031337275	25	24	0.96	25	0	0	0.96	0.0	0.0	True	0.9999999999992111	logistic	False	True	post	post	full	none	live		
2	36	communication	-1.1927753765802187	0.19861173495346793	0.2477655226601173	0.24783459356237975	25	23	0.92	25	0	0	0.92	0.0	0.0	True	0.999925089706223	logistic	False	True	post	post	full	none	live		
2	37	communication	-0.36989605099496353	0.2802272449081412	0.16112964875113073	0.389327385519584	25	19	0.76	25	0	0	0.76	0.0	0.0	True	0.9435067311733778	logistic	False	True	post	post	full	none	live		
2	38	communication	1.2743880488038355	0.019368872629965863	0.13274861242263394	0.019751435671750972	25	0	0.0	25	0	0	0.0	0.0	0.0	False	2.0475495775691286e-10	logistic	False	True	post	post	full	none	live		
2	39	communication	0.5710328194565715	0.15236872620739442	0.2794910239005448	0.17975826390364552	25	0	0.0	25	0	0	0.0	0.0	0.0	False	0.007720351098881218	logistic	False	True	post	post	full	none	live		
2	40	communication	0.9523857322021257	0.3064374117146525	0.15332011944387047	0.4418309419950678	25	0	0.0	25	0	0	0.0	0.0	0.0	False	0.003917076147534599	logistic	False	True	post	post	full	none	live		
2	41	communication	-0.3796388503794737	0.28249521151516244	0.1915640268611451	0.39371892153042004	25	15	0.6	25	0	0	0.6	0.0	0.0	True	0.9486253415988617	logistic	False	True	post	post	full	none	live		
2	42	communication	-0.12407970151406701	0.2815764147108132	0.07204132565844922	0.3919364849324516	25	12	0.48	25	0	0	0.48	0.0	0.0	True	0.7805411704661585	logistic	False	True	post	post	full	none	live		
2	43	communication	-1.6245206222106696	0.182750288224214	0.16145422341726876	0.2236162161833247	25	23	0.92	25	0	0	0.92	0.0	0.0	True	0.9999998466663692	logistic	False	True	post	post	full	none	live		
2	44	communication	0.34997088932933024	0.16028538140545362	0.08510056190182148	0.19088078003658876	25	1	0.04	25	0	0	0.04	0.0	0.0	False	0.052020507438821625	logistic	False	True	post	post	full	none	live		
2	45	communication	1.1598554931179301	0.30761784690485844	0.19388142603990632	0.4442891046941646	25	0	0.0	25	0	0	0.0	0.0	0.0	False	0.00041378341887690834	logistic	False	True	post	post	full	none	live		
2	46	communication	-0.8070131396570436	0.19650478436952637	0.08647733483846042	0.2445624821988967	25	18	0.72	25	0	0	0.72	0.0	0.0	True	0.9936287773437328	logistic	False	True	post	post	full	none	live		
2	47	communication	-0.1458956499261421	0.30133922245804445	0.15811723744299758	0.4313097745635916	25	12	0.48	25	0	0	0.48	0.0	0.0	True	0.8340341353322278	logistic	False	True	post	post	full	none	live		
2	48	communication	-0.4693500075424092	0.22885363232016848	0.14330792689516816	0.29677068052427774	25	18	0.72	25	0	0	0.72	0.0	0.0	True	0.9434847916721537	logistic	False	True	post	post	full	none	live		
2	49	communication	-1.1332242543230877	0.04332976332937935	0.07375271049712188	0.04529226651826704	25	17	0.68	25	0	0	0.68	0.0	0.0	True	0.9863973175507307	logistic	False	True	post	post	full	none	live		
3	0	communication	0.04974450724260662	0.5055979630521223	0.21338551933713523	1.0226453883025262	25	5	0.2	25	0	0	0.2	0.0	0.0	True	0.937429061995012	logistic	False	True	post	post	full	none	live		
3	1	communication	1.2816732114293867	0.5490199966717727	0.12100066960417274	1.2173932161515175	25	0	0.0	25	0	0	0.0	0.0	0.0	False	0.010197745112337507	logistic	False	True	post	post	full	none	live		
3	2	communication	-0.1353351411900314	0.49544408481588953	0.2498808229262399	0.9819408908031608	25	9	0.36	25	0	0	0.36	0.0	0.0	True	0.9817439081868574	logistic	False	True	post	post	full	none	live		
3	3	communication	-1.1908498379050476	0.4512999754635415	0.2483489117204958	0.8224894391881967	25	21	0.84	25	0	0	0.84	0.0	0.0	True	0.9999999563751006	logistic	False	True	post	post	full	none	live		
3	4	communication	0.31129189503872357	0.5087871883615231	0.179503673765977	1.035777521079765	25	0	0.0	25	0	0	0.0	0.0	0.0	False	0.7518571840265009	logistic	False	True	post	post	full	none	live		
3	5	communication	1.7877940325327741	0.5022530947400089	0.2835682609785593	1.0090531742787314	25	0	0.0	25	0	0	0.0	0.0	0.0	False	9.36615493333984e-06	logistic	False	True	post	post	full	none	live		
3	6	communication	1.6438061986708152	0.4745461388983844	0.24090055418795436	0.9031166654737239	25	0	0.0	25	0	0	0.0	0.0	0.0	False	3.725887577812445e-05	logistic	False	True	post	post	full	none	live		
3	7	communication	-0.4542420622290275	0.5535489282184256	0.24292650239091462	1.2398871079186227	25	16	0.64	25	0	0	0.64	0.0	0.0	True	0.9997620226105268	logistic	False	True	post	post	full	none	live		
3	8	communication	-0.8545101832027445	0.5094338157088362	0.26354174778316575	1.0384609294766924	25	21	0.84	25	0	0	0.84	0.0	0.0	True	0.9999975628826934	logistic	False	True	post	post	full	none	live		
3	9	communication	-1.0263429682854852	0.5505329752184898	0.19348018393372005	1.22485731959115	25	21	0.84	25	0	0	0.84	0.0	0.0	True	0.9999999634258577	logistic	False	True	post	post	full	none	live		
3	10	communication	1.2752710612210574	0.45668106920782975	0.28874371824528877	0.8405395860990511	25	0	0.0	25	0	0	0.0	0.0	0.0	False	0.002273901450238795	logistic	False	True	post	post	full	none	live		
3	11	communication	0.07980354822170857	0.5266089958215444	0.2676900688353715	1.1124186796397744	25	9	0.36	25	0	0	0.36	0.0	0.0	True	0.9401578287834047	logistic	False	True	post	post	full	none	live		
3	12	communication	0.740933654289625	0.49368931437056834	0.24761588568386161	0.9750718844829973	25	0	0.0	25	0	0	0.0	0.0	0.0	False	0.20046344402749489	logistic	False	True	post	post	full	none	live		
3	13	communication	0.9039923244131538	0.4061360441853253	0.24526987504097464	0.6838873452560015	25	0	0.0	25	0	0	0.0	0.0	0.0	False	0.028912857220756937	logistic	False	True	post	post	full	none	live		
3	14	communication	0.37952424154656034	0.5325878182396642	0.1522497116745979	1.139439319347365	25	0	0.0	25	0	0	0.0	0.0	0.0	False	0.7230708631613962	logistic	False	True	post	post	full	none	live		
3	15	communication	0.7813848567201944	0.5472121583866957	0.19397762066527385	1.2085398681134043	25	0	0.0	25	0	0	0.0	0.0	0.0	False	0.2540001168020888	logistic	False	True	post	post	full	none	live		
3	16	communication	0.8559816245391861	0.47131552251934045	0.2824405982447207	0.8914873475485805	25	0	0.0	25	0	0	0.0	0.0	0.0	False	0.08783888463567402	logistic	False	True	post	post	full	none	live		
3	17	communication	-0.007993742142070326	0.521778645680196	0.2727251676411911	1.0910818619179936	25	13	0.52	25	0	0	0.52	0.0	0.0	True	0.9656605352164427	logistic	False	True	post	post	full	none	live		
3	18	communication	1.3817821578093383	0.516308256561307	0.3174406926379635	1.06743243721866	25	0	0.0	25	0	0	0.0	0.0	0.0	False	0.0022273924757823305	logistic	False	True	post	post	full	none	live		
3	19	communication	0.7901951434543905	0.4973880694898008	0.17656486250084147	0.9896065717837306	25	0	0.0	25	0	0	0.0	0.0	0.0	False	0.162909369275345	logistic	False	True	post	post	full	none	live		
3	20	communication	-1.0979128436984493	0.5168531014704135	0.19282265666904383	1.0697638814269714	25	22	0.88	25	0	0	0.88	0.0	0.0	True	0.9999999709919203	logistic	False	True	post	post	full	none	live		
3	21	communication	1.12035109296959	0.5397618056870817	0.28200458655505317	1.1727879440620583	25	0	0.0	25	0	0	0.0	0.0	0.0	False	0.033218486503440434	logistic	False	True	post	post	full	none	live		
3	22	communication	-0.22027914766507978	0.4419970855386858	0.26101953845077347	0.7921053350866127	25	15	0.6	25	0	0	0.6	0.0	0.0	True	0.9803808769096183	logistic	False	True	post	post	full	none	live		
3	23	communication	1.3837270670017512	0.4649594751829481	0.1924860882188049	0.8690173054497754	25	0	0.0	25	0	0	0.0	0.0	0.0	False	0.0008149410756833182	logistic	False	True	post	post	full	none	live		
3	24	communication	0.5393317636032458	0.51188207837437	0.3136997736990482	1.0486852780770595	25	2	0.08	25	0	0	0.08	0.0	0.0	False	0.475396652305153	logistic	False	True	post	post	full	none	live		
3	25	communication	0.7677301920547945	0.4363831305186622	0.2759008879472055	0.7742549134844721	25	0	0.0	25	0	0	0.0	0.0	0.0	False	0.10300092853420184	logistic	False	True	post	post	full	none	live		
3	26	communication	-0.4874099351196543	0.43832454545031113	0.23336966331397263	0.7803875741761377	25	13	0.52	25	0	0	0.52	0.0	0.0	True	0.9983082588445237	logistic	False	True	post	post	full	none	live		
3	27	communication	2.0357929738032676	0.5303585312127512	0.258832290089975	1.1292838611170595	25	0	0.0	25	0	0	0.0	0.0	0.0	False	3.867378445667234e-07	logistic	False	True	post	post	full	none	live		
3	28	communication	-1.542815568473637	0.5762909246477311	0.2175840414811651	1.3601099390392017	25	20	0.8	25	0	0	0.8	0.0	0.0	True	0.9999999999998008	logistic	False	True	post	post	full	none	live		
3	29	communication	0.85038135550995	0.5672404403923783	0.25220113811992145	1.3107519586781375	25	0	0.0	25	0	0	0.0	0.0	0.0	False	0.21933229922177588	logistic	False	True	post	post	full	none	live		
3	30	communication	0.4490213343863688	0.39101523121815995	0.2204498240011686	0.6420771934909189	25	1	0.04	25	0	0	0.04	0.0	0.0	False	0.31916763330002274	logistic	False	True	post	post	full	none	live		
3	31	communication	-0.05690494717413347	0.49998861875620065	0.22209070340447473	0.9999544760610409	25	13	0.52	25	0	0	0.52	0.0	0.0	True	0.9682934100389059	logistic	False	True	post	post	full	none	live		
3	32	communication	0.39966203585570115	0.4707591735692915	0.21128276759022335	0.8894989767591678	25	3	0.12	25	0	0	0.12	0.0	0.0	False	0.564988324386533	logistic	False	True	post	post	full	none	live		
3	33	communication	-2.069930016534374	0.538459778723864	0.24135570591422806	1.1666584057074143	25	21	0.84	25	0	0	0.84	0.0	0.0	True	1.0	logistic	False	True	post	post	full	none	live		
3	34	communication	0.6042456278058502	0.5011979849038732	0.3013692914249549	1.0048034485331512	25	0	0.0	25	0	0	0.0	0.0	0.0	False	0.36674406388446534	logistic	False	True	post	post	full	none	live		
3	35	communication	0.327498032103911	0.5595026031308957	0.3268607610911525	1.2701609750877918	25	1	0.04	25	0	0	0.04	0.0	0.0	False	0.822011204054031	logistic	False	True	post	post	full	none	live		
3	36	communication	0.008898181864627847	0.5277882875720351	0.2465900158059024	1.1176941902993318	25	12	0.48	25	0	0	0.48	0.0	0.0	True	0.9640179391648812	logistic	False	True	post	post	full	none	live		
3	37	communication	1.0634427557474317	0.4814727135849121	0.20591182965549534	0.9285388179157207	25	0	0.0	25	0	0	0.0	0.0	0.0	False	0.02349680073371613	logistic	False	True	post	post	full	none	live		
3	38	communication	0.42226173682547674	0.5534672336366613	0.18193767215199658	1.2394773134885948	25	0	0.0	25	0	0	0.0	0.0	0.0	False	0.716263773305726	logistic	False	True	post	post	full	none	live		
3	39	communication	1.9516460491587428	0.559728483654353	0.17225352826862503	1.2713256771644592	25	0	0.0	25	0	0	0.0	0.0	0.0	False	3.5704598351974206e-06	logistic	False	True	post	post	full	none	live		
3	40	communication	1.0366123110854517	0.48875658073566236	0.19892037674140875	0.9560153975946856	25	0	0.0	25	0	0	0.0	0.0	0.0	False	0.03184293798192139	logistic	False	True	post	post	full	none	live		
3	41	communication	0.8965229800762536	0.4206925519375241	0.2334699040058356	0.7261991078218525	25	0	0.0	25	0	0	0.0	0.0	0.0	False	0.03703153805412743	logistic	False	True	post	post	full	none	live		
3	42	communication	-0.3490845134898853	0.5116075931256685	0.1915330179963048	1.0475338803891574	25	11	0.44	25	0	0	0.44	0.0	0.0	True	0.9981226883546822	logistic	False	True	post	post	full	none	live		
3	43	communication	1.6185014902105932	0.5289472573764855	0.19765492223310105	1.1229045274856682	25	0	0.0	25	0	0	0.0	0.0	0.0	False	0.00018597635089220865	logistic	False	True	post	post	full	none	live		
3	44	communication	0.5566697744080199	0.4708264446606027	0.3059243669527452	0.8897391789705509	25	0	0.0	25	0	0	0.0	0.0	0.0	False	0.35967150308969664	logistic	False	True	post	post	full	none	live		
3	45	communication	2.1888561442585206	0.5211565389122993	0.2736495770638805	1.0883651574326272	25	0	0.0	25	0	0	0.0	0.0	0.0	False	1.8359947571209916e-08	logistic	False	True	post	post	full	none	live		
3	46	communication	0.09265978846829909	0.48872485918354497	0.26215230405738527	0.9558940385857613	25	6	0.24	25	0	0	0.24	0.0	0.0	True	0.9018128652816129	logistic	False	True	post	post	full	none	live		
3	47	communication	-0.5477803668891658	0.5484416077489882	0.21363898360732791	1.2145530171967682	25	16	0.64	25	0	0	0.64	0.0	0.0	True	0.9999202519855871	logistic	False	True	post	post	full	none	live		
3	48	communication	-0.9168622788680061	0.49021723569572284	0.2306469476395079	0.9616198703083728	25	19	0.76	25	0	0	0.76	0.0	0.0	True	0.9999984624645794	logistic	False	True	post	post	full	none	live		
3	49	communication	-1.2648771862479942	0.500046831678284	0.19285625672975742	1.0001873442604283	25	18	0.72	25	0	0	0.72	0.0	0.0	True	0.9999999979879232	logistic	False	True	post	post	full	none	live		
4	0	communication	0.6496991507335584	0.11479677258199625	-0.0896367679794958	0.1296840872539971	25	0	0.0	25	0	0	0.0	0.0	0.0	False	0.0014206081778923543	logistic	False	True	post	post	full	none	live		
4	1	communication	-1.9103252050592623	0.3479248811042119	-0.022532292047422534	0.5335656445431952	25	20	0.8	25	0	0	0.8	0.0	0.0	True	0.9999999999995216	logistic	False	True	post	post	full	none	live		
4	2	communication	0.8034670958013264	0.2866029064188878	-0.06678075197545671	0.40174386607071516	25	0	0.0	25	0	0	0.0	0.0	0.0	False	0.011120781436569532	logistic	False	True	post	post	full	none	live		
4	3	communication	-0.5316944875748623	0.16274874930762293	-0.04859018146266538	0.19438459981162823	25	18	0.72	25	0	0	0.72	0.0	0.0	True	0.9085020938758748	logistic	False	True	post	post	full	none	live		
4	4	communication	1.5094795535584251	0.310446920159073	-0.11566183107598779	0.450214681414649	25	0	0.0	25	0	0	0.0	0.0	0.0	False	3.5385008766118656e-06	logistic	False	True	post	post	full	none	live		
4	5	communication	0.9084250113614942	0.26001373792854476	-0.004272303831430346	0.3513764393418389	25	0	0.0	25	0	0	0.0	0.0	0.0	False	0.0025183749630128646	logistic	False	True	post	post	full	none	live		
4	6	communication	0.3550115875019132	0.33188697304347115	-0.10694858024616925	0.4967527344217846	25	0	0.0	25	0	0	0.0	0.0	0.0	False	0.304398763627881	logistic	False	True	post	post	full	none	live		
4	7	communication	-0.822004087430488	0.36211816250756357	-0.15341744299052681	0.5676884670851869	25	14	0.56	25	0	0	0.56	0.0	0.0	True	0.9998373497057077	logistic	False	True	post	post	full	none	live		
4	8	communication	2.3065793403508175	0.23684092959250141	-0.11776568587872882	0.31034280895860566	25	0	0.0	25	0	0	0.0	0.0	0.0	False	1.312048558029742e-14	logistic	False	True	post	post	full	none	live		
4	9	communication	0.2855109500645724	0.2336842114429864	-0.12395119438711319	0.3049450565060365	25	3	0.12	25	0	0	0.12	0.0	0.0	False	0.1841870085315943	logistic	False	True	post	post	full	none	live		
4	10	communication	-0.9293663643513939	0.21965279886313788	-0.19478258962951567	0.2814808569097614	25	13	0.52	25	0	0	0.52	0.0	0.0	True	0.9988810501127348	logistic	False	True	post	post	full	none	live		
4	11	communication	-1.7793878552259526	0.3684993562099615	-0.17941605984343112	0.5835296603948995	25	19	0.76	25	0	0	0.76	0.0	0.0	True	0.9999999999955667	logistic	False	True	post	post	full	none	live		
4	12	communication	0.639086112572554	0.2694915105867395	-0.08689005379672717	0.36890948495779047	25	0	0.0	25	0	0	0.0	0.0	0.0	False	0.032421891533852894	logistic	False	True	post	post	full	none	live		
4	13	communication	1.479539880102384	0.27576278655595793	-0.08537044769612663	0.3807630724256682	25	0	0.0	25	0	0	0.0	0.0	0.0	False	2.0321587267734425e-06	logistic	False	True	post	post	full	none	live		
4	14	communication	-0.43950480203946923	0.23793789442707705	-0.10226019980770983	0.31222900691039335	25	15	0.6	25	0	0	0.6	0.0	0.0	True	0.9388499469032099	logistic	False	True	post	post	full	none	live		
4	15	communication	-0.28632691069771476	0.2604928228409764	-0.16016644372223124	0.3522519197740795	25	5	0.2	25	0	0	0.2	0.0	0.0	True	0.8811798954694341	logistic	False	True	post	post	full	none	live		
4	16	communication	0.048531740886608055	0.3313647668723249	-0.03642569400447922	0.49558376593811837	25	5	0.2	25	0	0	0.2	0.0	0.0	True	0.6937924225649452	logistic	False	True	post	post	full	none	live		
4	17	communication	0.781045797443456	0.3098671659894989	-0.025048086699005795	0.44899641158760456	25	0	0.0	25	0	0	0.0	0.0	0.0	False	0.019375448747862282	logistic	False	True	post	post	full	none	live		
4	18	communication	-1.8109722337680854	0.3349872126356024	-0.10783385604741429	0.5037304830832436	25	18	0.72	25	0	0	0.72	0.0	0.0	True	0.999999999991341	logistic	False	True	post	post	full	none	live		
4	19	communication	1.546764997852331	0.3407845697740571	-0.16289105462774772	0.5169547831385786	25	0	0.0	25	0	0	0.0	0.0	0.0	False	4.706029497747272e-06	logistic	False	True	post	post	full	none	live		
4	20	communication	1.9210027470487803	0.32478023754874297	-0.08163801647196402	0.4809993066104731	25	0	0.0	25	0	0	0.0	0.0	0.0	False	3.845037045269102e-09	logistic	False	True	post	post	full	none	live		
4	21	communication	0.23473951472167282	0.15912321136022228	-0.012393320398901939	0.1892348718741824	25	1	0.04	25	0	0	0.04	0.0	0.0	False	0.10562744311497019	logistic	False	True	post	post	full	none	live		
4	22	communication	-0.26469598292828356	0.4045494026904829	-0.08401397959247166	0.6794004481956994	25	8	0.32	25	0	0	0.32	0.0	0.0	True	0.9766620425002801	logistic	False	True	post	post	full	none	live		
4	23	communication	-1.0082490823416663	0.24538848282832815	0.022157727867855345	0.3251851810426358	25	12	0.48	25	0	0	0.48	0.0	0.0	True	0.9997582350270892	logistic	False	True	post	post	full	none	live		
4	24	communication	-2.01217679537609	0.32305249464661634	-0.06710168917856259	0.4772194181851291	25	21	0.84	25	0	0	0.84	0.0	0.0	True	0.9999999999998804	logistic	False	True	post	post	full	none	live		
4	25	communication	-1.2002198526976657	0.15464512575595937	-0.08680364503943135	0.182935155953588	25	21	0.84	25	0	0	0.84	0.0	0.0	True	0.9997669378397646	logistic	False	True	post	post	full	none	live		
4	26	communication	-1.2124626820537345	0.14032871480267908	-0.0837095757342098	0.16323531705548283	25	19	0.76	25	0	0	0.76	0.0	0.0	True	0.9996987217078136	logistic	False	True	post	post	full	none	live		
4	27	communication	-0.1722054948383206	0.35024833037976366	-0.10381280613905175	0.5390495273132196	25	4	0.16	25	0	0	0.16	0.0	0.0	True	0.9125875698729403	logistic	False	True	post	post	full	none	live		
4	28	communication	0.019240784435790914	0.2443426937619729	-0.17404603540280378	0.3233511960314542	25	2	0.08	25	0	0	0.08	0.0	0.0	True	0.5231011752713393	logistic	False	True	post	post	full	none	live		
4	29	communication	0.17635101467264216	0.17416737143016267	-0.059053734299723326	0.21089911612209208	25	0	0.0	25	0	0	0.0	0.0	0.0	False	0.1723031344967626	logistic	False	True	post	post	full	none	live		
4	30	communication	-0.9269621381338068	0.2383725607065424	-0.15110515945913572	0.31297790548049914	25	21	0.84	25	0	0	0.84	0.0	0.0	True	0.9992453817926967	logistic	False	True	post	post	full	none	live		
4	31	communication	0.343052681572284	0.12139340790534078	-0.09559546420262803	0.13816582870830785	25	0	0.0	25	0	0	0.0	0.0	0.0	False	0.028265881696634406	logistic	False	True	post	post	full	none	live		
4	32	communication	-0.3335459888681638	0.3924695878065732	-0.16395981039227403	0.6460081337979471	25	7	0.28	25	0	0	0.28	0.0	0.0	True	0.9841098760808574	logistic	False	True	post	post	full	none	live		
4	33	communication	0.337333719054499	0.1763300675424988	-0.08742715178555362	0.21407855330642037	25	0	0.0	25	0	0	0.0	0.0	0.0	False	0.07130770189239956	logistic	False	True	post	post	full	none	live		
4	34	communication	1.1417554590483228	0.182924098960636	-0.0672011803717552	0.22387650734521336	25	0	0.0	25	0	0	0.0	0.0	0.0	False	2.062341979574018e-05	logistic	False	True	post	post	full	none	live		
4	35	communication	-0.5419087454760654	0.22374187099967585	-0.10098733861220095	0.28823127596462494	25	17	0.68	25	0	0	0.68	0.0	0.0	True	0.9634777091253666	logistic	False	True	post	post	full	none	live		
4	36	communication	0.7299817403716722	0.2998515358425121	-0.04805850223998327	0.42826850474253847	25	0	0.0	25	0	0	0.0	0.0	0.0	False	0.02508012324246761	logistic	False	True	post	post	full	none	live		
4	37	communication	-0.2213557899346516	0.2549036043992246	-0.10308002289037389	0.3421082237200925	25	9	0.36	25	0	0	0.36	0.0	0.0	True	0.8233982287696139	logistic	False	True	post	post	full	none	live		
4	38	communication	-0.38219446630280496	0.3908231077316049	-0.0686279332896448	0.6415593117399693	25	10	0.4	25	0	0	0.4	0.0	0.0	True	0.9892631609555291	logistic	False	True	post	post	full	none	live		
4	39	communication	-1.2537982087058692	0.31857513342642096	0.03919535889750991	0.46751321980414073	25	22	0.88	25	0	0	0.88	0.0	0.0	True	0.9999990768450064	logistic	False	True	post	post	full	none	live		
4	40	communication	-1.2511620015803784	0.14998980525542824	-0.09380310369886355	0.1764564780314196	25	16	0.64	25	0	0	0.64	0.0	0.0	True	0.9998604852107181	logistic	False	True	post	post	full	none	live		
4	41	communication	1.496882097007947	0.2034493310320955	-0.026452107531699395	0.2554129184220083	25	0	0.0	25	0	0	0.0	0.0	0.0	False	1.3678104986764883e-07	logistic	False	True	post	post	full	none	live		
4	42	communication	-0.7125417928325287	0.2815216370061446	-0.007076541276538215	0.3918303619235812	25	17	0.68	25	0	0	0.68	0.0	0.0	True	0.996883047683333	logistic	False	True	post	post	full	none	live		
4	43	communication	0.3971488044233812	0.23324863760075784	-0.11229777027067467	0.3042037471846145	25	0	0.0	25	0	0	0.0	0.0	0.0	False	0.10123890262765078	logistic	False	True	post	post	full	none	live		
4	44	communication	0.5389044270606822	0.3327225558900602	-0.0997877324591314	0.49862700864086346	25	0	0.0	25	0	0	0.0	0.0	0.0	False	0.1314249434565099	logistic	False	True	post	post	full	none	live		
4	45	communication	-1.6970591458889404	0.14532457613812313	-0.06925224925339346	0.1700348133113149	25	20	0.8	25	0	0	0.8	0.0	0.0	True	0.9999998157802087	logistic	False	True	post	post	full	none	live		
4	46	communication	-0.14935609653069207	0.3134571320490869	-0.10075262529772773	0.45657328432330113	25	2	0.08	25	0	0	0.08	0.0	0.0	True	0.8546611614839689	logistic	False	True	post	post	full	none	live		
4	47	communication	-0.8268667753895247	0.2531898057536325	-0.062389256533136636	0.33902832032058056	25	16	0.64	25	0	0	0.64	0.0	0.0	True	0.9983360365167049	logistic	False	True	post	post	full	none	live		
4	48	communication	0.5461041171635248	0.27993796513847513	-0.1476686122106662	0.38876923318462414	25	0	0.0	25	0	0	0.0	0.0	0.0	False	0.07074752826136357	logistic	False	True	post	post	full	none	live		
4	49	communication	-1.9123605757977902	0.2830342627771067	0.017700468995544075	0.39476679021429417	25	21	0.84	25	0	0	0.84	0.0	0.0	True	0.9999999999923027	logistic	False	True	post	post	full	none	live		
5	0	communication	0.4913847576682607	0.2787691710200656	-0.3612689055355896	0.3865186564672229	25	0	0.0	25	0	0	0.0	0.0	0.0	False	0.0976220982536814	logistic	False	True	post	post	full	none	live		
5	1	communication	1.2507163090146984	0.2558339812711195	-0.2421948635860819	0.3437861644208275	25	0	0.0	25	0	0	0.0	0.0	0.0	False	3.555855691837129e-05	logistic	False	True	post	post	full	none	live		
5	2	communication	-0.1735814949394293	0.18003192357367911	-0.17803401867887228	0.21955967402818283	25	6	0.24	25	0	0	0.24	0.0	0.0	True	0.6039050423400998	logistic	False	True	post	post	full	none	live		
5	3	communication	1.2036439157076197	0.2013891553880484	-0.2355207078893085	0.2521743308981789	25	0	0.0	25	0	0	0.0	0.0	0.0	False	1.473531544939771e-05	logistic	False	True	post	post	full	none	live		
5	4	communication	1.5629066665684253	0.27528956886767886	-0.29143671685967376	0.3798614688594362	25	0	0.0	25	0	0	0.0	0.0	0.0	False	5.068774286651412e-07	logistic	False	True	post	post	full	none	live		
5	5	communication	-0.2215981146076193	0.19350271537609584	-0.31929077616578333	0.23992977913909835	25	2	0.08	25	0	0	0.08	0.0	0.0	True	0.6979831639270356	logistic	False	True	post	post	full	none	live		
5	6	communication	-1.226267859578786	0.25633999381456807	-0.29752777208288816	0.34470052400619433	25	23	0.92	25	0	0	0.92	0.0	0.0	True	0.9999909593712952	logistic	False	True	post	post	full	none	live		
5	7	communication	-1.029768768892274	0.24035741085554707	-0.23749038286586754	0.3164085509295226	25	16	0.64	25	0	0	0.64	0.0	0.0	True	0.9997911184398264	logistic	False	True	post	post	full	none	live		
5	8	communication	0.19417862864570434	0.0076785977344579134	-0.28610787796943243	0.007738014837659568	25	0	0.0	25	0	0	0.0	0.0	0.0	False	0.0011614268056077484	logistic	False	True	post	post	full	none	live		
5	9	communication	-0.9963890945626289	0.2582811165446399	-0.2732419240137761	0.3482196857944556	25	21	0.84	25	0	0	0.84	0.0	0.0	True	0.9997950142582395	logistic	False	True	post	post	full	none	live		
5	10	communication	-0.7805388915465459	0.33669532923121975	-0.20490300412193196	0.5076028318042518	25	15	0.6	25	0	0	0.6	0.0	0.0	True	0.9995210609148212	logistic	False	True	post	post	full	none	live		
5	11	communication	-0.6290030432374792	0.15473918556234623	-0.27973445624179893	0.18306679183429692	25	7	0.28	25	0	0	0.28	0.0	0.0	True	0.944773118247646	logistic	False	True	post	post	full	none	live		
5	12	communication	-0.40082826292604834	0.31535364148598477	-0.2939693931677459	0.460608075343366	25	8	0.32	25	0	0	0.32	0.0	0.0	True	0.9717100023552927	logistic	False	True	post	post	full	none	live		
5	13	communication	1.3824396070496312	0.33169841075102435	-0.2284525120494393	0.49633042340028033	25	0	0.0	25	0	0	0.0	0.0	0.0	False	4.1133380760663966e-05	logistic	False	True	post	post	full	none	live		
5	14	communication	-0.8598557753550904	0.09922317086793012	-0.22219828004893966	0.11015288988231983	25	19	0.76	25	0	0	0.76	0.0	0.0	True	0.9719938038671713	logistic	False	True	post	post	full	none	live		
5	15	communication	-0.9005529893871258	0.2101612251612745	-0.13175512234396985	0.266081169798465	25	19	0.76	25	0	0	0.76	0.0	0.0	True	0.9981133595973214	logistic	False	True	post	post	full	none	live		
5	16	communication	-1.9362699969816881	0.23905872204295456	-0.26448944067393304	0.31416185317843837	25	22	0.88	25	0	0	0.88	0.0	0.0	True	0.9999999999696009	logistic	False	True	post	post	full	none	live		
5	17	communication	-0.09569147842943851	0.22119419772549925	-0.2803539024602959	0.28401714147416735	25	2	0.08	25	0	0	0.08	0.0	0.0	True	0.6133722876034182	logistic	False	True	post	post	full	none	live		
5	18	communication	-1.924705589518068	0.29731040546827864	-0.2734254628756384	0.42310346955743516	25	22	0.88	25	0	0	0.88	0.0	0.0	True	0.9999999999968912	logistic	False	True	post	post	full	none	live		
5	19	communication	1.071502759056249	0.36607210993665423	-0.2533045649826465	0.5774664842401462	25	0	0.0	25	0	0	0.0	0.0	0.0	False	0.0035330793722783255	logistic	False	True	post	post	full	none	live		
5	20	communication	0.25233647900779954	0.017578747664747957	-0.13660724947117864	0.017893289281927294	25	1	0.04	25	0	0	0.04	0.0	0.0	False	0.0019319428656633312	logistic	False	True	post	post	full	none	live		
5	21	communication	-0.09850836234860855	0.22669294154797182	-0.18424288343090459	0.2931473844319431	25	0	0.0	25	0	0	0.0	0.0	0.0	True	0.6308940282972829	logistic	False	True	post	post	full	none	live		
5	22	communication	1.6286117746592028	0.27133820648157475	-0.2803402000350179	0.3723788030265561	25	0	0.0	25	0	0	0.0	0.0	0.0	False	1.425678558597523e-07	logistic	False	True	post	post	full	none	live		
5	23	communication	0.48058798131426894	0.022852321307657325	-0.2359816854828811	0.02338676313312149	25	0	0.0	25	0	0	0.0	0.0	0.0	False	0.00021262524681277126	logistic	False	True	post	post	full	none	live		
5	24	communication	0.01950697457406425	0.31660533162037435	-0.22737952789467325	0.4632832918803226	25	1	0.04	25	0	0	0.04	0.0	0.0	True	0.6960646125185934	logistic	False	True	post	post	full	none	live		
5	25	communication	-1.2846219382895634	0.31196116099656657	-0.1653954186659936	0.45340632434124817	25	17	0.68	25	0	0	0.68	0.0	0.0	True	0.9999993229510744	logistic	False	True	post	post	full	none	live		
5	26	communication	-0.9326783383858667	0.2742325665649014	-0.1657028018579194	0.3778518488587219	25	15	0.6	25	0	0	0.6	0.0	0.0	True	0.9996903007611866	logistic	False	True	post	post	full	none	live		
5	27	communication	-2.169770957059631	0.271440546003324	-0.28395319773228783	0.3725715787699633	25	20	0.8	25	0	0	0.8	0.0	0.0	True	0.9999999999999745	logistic	False	True	post	post	full	none	live		
5	28	communication	-1.0479199361375517	0.19148049003696269	-0.2772893232549162	0.23682853373039386	25	16	0.64	25	0	0	0.64	0.0	0.0	True	0.9994407374658426	logistic	False	True	post	post	full	none	live		
5	29	communication	-1.9753324663437652	0.19732615040233073	-0.2537524437589797	0.24583602729955403	25	21	0.84	25	0	0	0.84	0.0	0.0	True	0.9999999999175896	logistic	False	True	post	post	full	none	live		
5	30	communication	0.028140379428091666	0.16970547421995716	-0.34207062757940365	0.20439189823698128	25	0	0.0	25	0	0	0.0	0.0	0.0	False	0.3143894975374196	logistic	False	True	post	post	full	none	live		
5	31	communication	-0.7253786520998322	0.19362470133494034	-0.3026457789551632	0.240117351877572	25	18	0.72	25	0	0	0.72	0.0	0.0	True	0.9860513718250027	logistic	False	True	post	post	full	none	live		
5	32	communication	0.912596047274358	0.22350877343985384	-0.22215224922586846	0.28784455740729625	25	0	0.0	25	0	0	0.0	0.0	0.0	False	0.001116501239970172	logistic	False	True	post	post	full	none	live		
5	33	communication	-1.292535653763384	0.1942600122555852	-0.34563092589112754	0.24109516123110122	25	14	0.56	25	0	0	0.56	0.0	0.0	True	0.9999787710951746	logistic	False	True	post	post	full	none	live		
5	34	communication	-0.5283350957306706	0.19490789979279838	-0.1814659540571803	0.24209391663716004	25	10	0.4	25	0	0	0.4	0.0	0.0	True	0.9395322040923711	logistic	False	True	post	post	full	none	live		
5	35	communication	-0.5650381802484181	0.31001798258296076	-0.29627617056985256	0.44931313390386457	25	12	0.48	25	0	0	0.48	0.0	0.0	True	0.9922622215418608	logistic	False	True	post	post	full	none	live		
5	36	communication	0.04097310912116481	0.17045113176160714	-0.2613456008646944	0.20547449136248291	25	1	0.04	25	0	0	0.04	0.0	0.0	False	0.30125632403061114	logistic	False	True	post	post	full	none	live		
5	37	communication	-1.3381502714443883	0.40457029928105787	-0.20091337293734043	0.6794593867127654	25	21	0.84	25	0	0	0.84	0.0	0.0	True	0.9999999870814944	logistic	False	True	post	post	full	none	live		
5	38	communication	-0.9196617817909373	0.19740446871444445	-0.19246763527565328	0.24595759759371233	25	21	0.84	25	0	0	0.84	0.0	0.0	True	0.9979646177364299	logistic	False	True	post	post	full	none	live		
5	39	communication	0.8130701820971573	0.20671893799785038	-0.2744403826028298	0.2605872595472224	25	0	0.0	25	0	0	0.0	0.0	0.0	False	0.0022625485759374384	logistic	False	True	post	post	full	none	live		
5	40	communication	-0.06890456838731135	0.2983802714868511	-0.2976575804400605	0.42527349126737	25	2	0.08	25	0	0	0.08	0.0	0.0	True	0.7565406730709379	logistic	False	True	post	post	full	none	live		
5	41	communication	0.5184403898309475	0.17646986108141013	-0.2227044326762448	0.214284642105679	25	0	0.0	25	0	0	0.0	0.0	0.0	False	0.019282238641355417	logistic	False	True	post	post	full	none	live		
5	42	communication	-0.9633011329087864	0.28594250113786496	-0.20360341612508706	0.4004474451896662	25	21	0.84	25	0	0	0.84	0.0	0.0	True	0.9998401972658241	logistic	False	True	post	post	full	none	live		
5	43	communication	-1.9975031434163322	0.3030796714531932	-0.2409211057572262	0.4348842457862637	25	21	0.84	25	0	0	0.84	0.0	0.0	True	0.9999999999995757	logistic	False	True	post	post	full	none	live		
5	44	communication	0.26034015611132477	0.15038466889775992	-0.2048201606649285	0.17700324298840026	25	0	0.0	25	0	0	0.0	0.0	0.0	False	0.08056170141478425	logistic	False	True	post	post	full	none	live		
5	45	communication	-0.5939021732108161	0.26657709789571055	-0.25153059856701443	0.3634698304768842	25	16	0.64	25	0	0	0.64	0.0	0.0	True	0.9876180489100179	logistic	False	True	post	post	full	none	live		
5	46	communication	0.16233230600293222	0.21245247475886772	-0.2422151213130392	0.2697646401641841	25	0	0.0	25	0	0	0.0	0.0	0.0	False	0.2640616556929575	logistic	False	True	post	post	full	none	live		
5	47	communication	-0.44652799321463654	0.29811125004388106	-0.19750624785968574	0.4247272093512235	25	12	0.48	25	0	0	0.48	0.0	0.0	True	0.9745481245101467	logistic	False	True	post	post	full	none	live		
5	48	communication	-0.5294571709799828	0.16305515613819188	-0.21081076636273124	0.19482186590197179	25	9	0.36	25	0	0	0.36	0.0	0.0	True	0.9076456628292533	logistic	False	True	post	post	full	none	live		
5	49	communication	-1.416199121425918	0.20613638243062649	-0.2732887807514049	0.25966221132764383	25	20	0.8	25	0	0	0.8	0.0	0.0	True	0.9999977611977066	logistic	False	True	post	post	full	none	live		
6	0	communication	-1.4916756081981313	0.5073550315118422	-0.5312388013538495	1.0298593591016008	25	19	0.76	25	0	0	0.76	0.0	0.0	True	0.9999999999882047	logistic	False	True	post	post	full	none	live		
6	1	communication	-0.4957579918130709	0.5375989562163974	-0.42736280691272266	1.1626248760545326	25	6	0.24	25	0	0	0.24	0.0	0.0	True	0.9997991083856599	logistic	False	True	post	post	full	none	live		
6	2	communication	-0.33753926685167546	0.4979405517271244	-0.5281531176027466	0.9917959983425857	25	0	0.0	25	0	0	0.0	0.0	0.0	True	0.9972801330713349	logistic	False	True	post	post	full	none	live		
6	3	communication	-0.9108270464279279	0.5108355106048978	-0.4411593226504893	1.0443021144821731	25	13	0.52	25	0	0	0.52	0.0	0.0	True	0.9999990605860584	logistic	False	True	post	post	full	none	live		
6	4	communication	-1.8894422481918989	0.4813678930464308	-0.48164981517603195	0.9281490416664958	25	21	0.84	25	0	0	0.84	0.0	0.0	True	0.999999999999998	logistic	False	True	post	post	full	none	live		
6	5	communication	-0.5164691142622594	0.48338068796474803	-0.4261772932040027	0.9356612823094855	25	8	0.32	25	0	0	0.32	0.0	0.0	True	0.9995011281332543	logistic	False	True	post	post	full	none	live		
6	6	communication	-1.762911936226029	0.5282479829724784	-0.41862130263898856	1.1197577623534805	25	23	0.92	25	0	0	0.92	0.0	0.0	True	0.9999999999999936	logistic	False	True	post	post	full	none	live		
6	7	communication	-0.3095152820819897	0.453765174592291	-0.5702211849345228	0.8307144720287676	25	1	0.04	25	0	0	0.04	0.0	0.0	True	0.9924112143172613	logistic	False	True	post	post	full	none	live		
6	8	communication	0.9450767772104296	0.49893417012766483	-0.48917170406000515	0.995745749125991	25	1	0.04	25	0	0	0.04	0.0	0.0	False	0.06813661839525946	logistic	False	True	post	post	full	none	live		
6	9	communication	-1.4436334550889538	0.34962392691186833	-0.5010176632180591	0.5375719393423799	25	22	0.88	25	0	0	0.88	0.0	0.0	True	0.9999999887239787	logistic	False	True	post	post	full	none	live		
6	10	communication	-1.1818278325438882	0.4682550986802097	-0.5013885615548446	0.8806010128503368	25	22	0.88	25	0	0	0.88	0.0	0.0	True	0.999999970303591	logistic	False	True	post	post	full	none	live		
6	11	communication	-1.1869064475754483	0.4843177410030445	-0.58145552481357	0.9391785979705456	25	13	0.52	25	0	0	0.52	0.0	0.0	True	0.9999999841182493	logistic	False	True	post	post	full	none	live		
6	12	communication	0.6382133093501461	0.44226467544291226	-0.5180390870762965	0.792965150260343	25	0	0.0	25	0	0	0.0	0.0	0.0	False	0.21232151523898896	logistic	False	True	post	post	full	none	live		
6	13	communication	0.5312091585811085	0.5320394562730071	-0.489012533185418	1.1369322978293606	25	0	0.0	25	0	0	0.0	0.0	0.0	False	0.5331399059359367	logistic	False	True	post	post	full	none	live		
6	14	communication	-0.08185085454229496	0.5045773696407854	-0.5298451847567918	1.018478645747234	25	0	0.0	25	0	0	0.0	0.0	0.0	True	0.9753642507051826	logistic	False	True	post	post	full	none	live		
6	15	communication	-1.089665111175502	0.5124407847022489	-0.47705836119912887	1.0510329178975781	25	21	0.84	25	0	0	0.84	0.0	0.0	True	0.9999999609670106	logistic	False	True	post	post	full	none	live		
6	16	communication	-0.26370281831832154	0.4925061915220985	-0.47902453934922035	0.9704673895416487	25	1	0.04	25	0	0	0.04	0.0	0.0	True	0.9938237583693014	logistic	False	True	post	post	full	none	live		
6	17	communication	-0.21772956644291064	0.4603166335260296	-0.44181209114431574	0.8529383377766769	25	2	0.08	25	0	0	0.08	0.0	0.0	True	0.9846337019535958	logistic	False	True	post	post	full	none	live		
6	18	communication	1.2595280024879596	0.4760391930273502	-0.49922042702281005	0.9085396974209159	25	0	0.0	25	0	0	0.0	0.0	0.0	False	0.0037731079041759203	logistic	False	True	post	post	full	none	live		
6	19	communication	-0.6954788766920268	0.5075207858476707	-0.44669869581017574	1.0305425513668256	25	12	0.48	25	0	0	0.48	0.0	0.0	True	0.9999719750323767	logistic	False	True	post	post	full	none	live		
6	20	communication	0.3307249113386106	0.5014158948202064	-0.5755366523621851	1.0056796628913625	25	0	0.0	25	0	0	0.0	0.0	0.0	False	0.7165148163954875	logistic	False	True	post	post	full	none	live		
6	21	communication	0.06564299956708519	0.5158165257204065	-0.5034510656124397	1.0653327780091608	25	1	0.04	25	0	0	0.04	0.0	0.0	False	0.9382484548058655	logistic	False	True	post	post	full	none	live		
6	22	communication	-0.11304352887857183	0.5188097821837399	-0.500600304528821	1.0781802351224112	25	0	0.0	25	0	0	0.0	0.0	0.0	True	0.984354185898564	logistic	False	True	post	post	full	none	live		
6	23	communication	-0.030342235662214057	0.48973160882068045	-0.37530237372376674	0.9597529795816375	25	1	0.04	25	0	0	0.04	0.0	0.0	True	0.956166759831086	logistic	False	True	post	post	full	none	live		
6	24	communication	0.589075082091659	0.5141086358011393	-0.45596299082393754	1.0580732107655448	25	0	0.0	25	0	0	0.0	0.0	0.0	False	0.41507247273610354	logistic	False	True	post	post	full	none	live		
6	25	communication	-0.10261350592730445	0.5247075534927897	-0.3854160333010519	1.1039677936157355	25	1	0.04	25	0	0	0.04	0.0	0.0	True	0.9843423305413285	logistic	False	True	post	post	full	none	live		
6	26	communication	-0.653670290709541	0.47830775924835495	-0.542127875980983	0.9168389366098629	25	5	0.2	25	0	0	0.2	0.0	0.0	True	0.9998999376260402	logistic	False	True	post	post	full	none	live		
6	27	communication	-1.5956273275886617	0.5213985913774588	-0.5426569326312616	1.0894213472502974	25	20	0.8	25	0	0	0.8	0.0	0.0	True	0.9999999999994216	logistic	False	True	post	post	full	none	live		
6	28	communication	-3.4962158793873295	0.5021636895217433	-0.4267195259876979	1.0086923732809474	25	18	0.72	25	0	0	0.72	0.0	0.0	True	1.0	logistic	False	True	post	post	full	none	live		
6	29	communication	-0.4882764368534921	0.5026473690011176	-0.4749221409679532	1.0106458429537235	25	6	0.24	25	0	0	0.24	0.0	0.0	True	0.999533045567551	logistic	False	True	post	post	full	none	live		
6	30	communication	-0.24520793704397828	0.5441446107832059	-0.39308549153682565	1.1936781348973449	25	4	0.16	25	0	0	0.16	0.0	0.0	True	0.9969472041386221	logistic	False	True	post	post	full	none	live		
6	31	communication	0.7441158145316734	0.5160803665545772	-0.4700245880397319	1.0664588309430132	25	0	0.0	25	0	0	0.0	0.0	0.0	False	0.23582415323235822	logistic	False	True	post	post	full	none	live		
6	32	communication	-1.6290454036108084	0.4911590839945945	-0.5166175794095639	0.9652507660947941	25	21	0.84	25	0	0	0.84	0.0	0.0	True	0.999999999999074	logistic	False	True	post	post	full	none	live		
6	33	communication	-0.20312201964338994	0.4731395203940685	-0.4611083871580604	0.8980357014972088	25	0	0.0	25	0	0	0.0	0.0	0.0	True	0.985622347149381	logistic	False	True	post	post	full	none	live		
6	34	communication	-1.3883959556310375	0.4814059221663757	-0.5550115572353761	0.9282904351268367	25	22	0.88	25	0	0	0.88	0.0	0.0	True	0.9999999996915431	logistic	False	True	post	post	full	none	live		
6	35	communication	0.030927260452621563	0.5238017341250073	-0.48818415641802687	1.0999656480532227	25	0	0.0	25	0	0	0.0	0.0	0.0	False	0.9556796908142632	logistic	False	True	post	post	full	none	live		
6	36	communication	-1.3502231662339006	0.5272549316848428	-0.5426264475485987	1.1153049857589348	25	22	0.88	25	0	0	0.88	0.0	0.0	True	0.9999999998747147	logistic	False	True	post	post	full	none	live		
6	37	communication	-0.5083594315808506	0.43276828177284005	-0.5259297073167158	0.7629479591258133	25	4	0.16	25	0	0	0.16	0.0	0.0	True	0.9985001161118927	logistic	False	True	post	post	full	none	live		
6	38	communication	-0.2142761415881323	0.45841691564252934	-0.529102790965508	0.846438762367165	25	0	0.0	25	0	0	0.0	0.0	0.0	True	0.9837370581369012	logistic	False	True	post	post	full	none	live		
6	39	communication	-0.4418429758830535	0.45448813444724956	-0.4462895398259151	0.8331406943581889	25	5	0.2	25	0	0	0.2	0.0	0.0	True	0.9979698619375279	logistic	False	True	post	post	full	none	live		
6	40	communication	0.5555601479930686	0.43197706306936456	-0.4573058287319721	0.7604922882227126	25	0	0.0	25	0	0	0.0	0.0	0.0	False	0.2798502088028738	logistic	False	True	post	post	full	none	live		
6	41	communication	-1.2089161425294994	0.49738466805996207	-0.4976539788819671	0.9895931071981308	25	20	0.8	25	0	0	0.8	0.0	0.0	True	0.9999999933089746	logistic	False	True	post	post	full	none	live		
6	42	communication	-2.4340934220788517	0.5790054700084757	-0.43516192221779926	1.375327774496577	25	21	0.84	25	0	0	0.84	0.0	0.0	True	1.0	logistic	False	True	post	post	full	none	live		
6	43	communication	-1.0384314425602819	0.5428073214061782	-0.4233630772476481	1.1872616225519608	25	17	0.68	25	0	0	0.68	0.0	0.0	True	0.9999999624047494	logistic	False	True	post	post	full	none	live		
6	44	communication	-1.9058577575348998	0.5174954164823633	-0.5155895925283912	1.0725191721695793	25	17	0.68	25	0	0	0.68	0.0	0.0	True	0.9999999999999998	logistic	False	True	post	post	full	none	live		
6	45	communication	-1.9260799392802064	0.44754558246614995	-0.524410519221941	0.8101040887028981	25	23	0.92	25	0	0	0.92	0.0	0.0	True	0.9999999999999963	logistic	False	True	post	post	full	none	live		
6	46	communication	0.17324421110308263	0.4736634585033013	-0.45414856501890344	0.8999250881506053	25	0	0.0	25	0	0	0.0	0.0	0.0	False	0.8251917842566621	logistic	False	True	post	post	full	none	live		
6	47	communication	1.794202953436091	0.5085509513782687	-0.48438718964091104	1.034798933489646	25	0	0.0	25	0	0	0.0	0.0	0.0	False	1.0036781736257055e-05	logistic	False	True	post	post	full	none	live		
6	48	communication	0.5520296258064556	0.5122494057938007	-0.4851481486583687	1.0502281532377682	25	0	0.0	25	0	0	0.0	0.0	0.0	False	0.45942151739785414	logistic	False	True	post	post	full	none	live		
6	49	communication	0.2986339464448141	0.423020149093383	-0.45374012634708627	0.7331627758381599	25	0	0.0	25	0	0	0.0	0.0	0.0	False	0.5872386783196974	logistic	False	True	post	post	full	none	live		
7	0	communication	-0.3122679631144374	0.5688447656319345	0.6337733509123599	1.319350248561119	25	16	0.64	25	0	0	0.64	0.0	0.0	True	0.9990660703158556	logistic	False	True	post	post	full	none	live		
7	1	communication	1.2389781514283231	0.5596372658799237	0.6455047320676851	1.2708551894114728	25	0	0.0	25	0	0	0.0	0.0	0.0	False	0.017239705483451204	logistic	False	True	post	post	full	none	live		
7	2	communication	0.6095698566902478	0.5653334265332345	0.6394553905394963	1.3006139902231513	25	8	0.32	25	0	0	0.32	0.0	0.0	False	0.5068019643311101	logistic	False	True	post	post	full	none	live		
7	3	communication	0.795250244330093	0.5304287178638835	0.681986308379748	1.129602124412127	25	2	0.08	25	0	0	0.08	0.0	0.0	False	0.210008766131012	logistic	False	True	post	post	full	none	live		
7	4	communication	-0.5056263986297289	0.5982410103432357	0.6116035056832836	1.4890544474296206	25	20	0.8	25	0	0	0.8	0.0	0.0	True	0.9999572355196732	logistic	False	True	post	post	full	none	live		
7	5	communication	0.7363899602836257	0.4707697690271578	0.6383329873335081	0.8895368054878098	25	3	0.12	25	0	0	0.12	0.0	0.0	False	0.16884596938093843	logistic	False	True	post	post	full	none	live		
7	6	communication	0.4906980719424132	0.560663869097472	0.6249506573865979	1.2761615302290312	25	8	0.32	25	0	0	0.32	0.0	0.0	False	0.6502042284007918	logistic	False	True	post	post	full	none	live		
7	7	communication	1.777861118904388	0.5655551425210052	0.7319085452772718	1.3017880929764474	25	0	0.0	25	0	0	0.0	0.0	0.0	False	5.310453440663808e-05	logistic	False	True	post	post	full	none	live		
7	8	communication	0.3622222655639009	0.5955315936713957	0.6667697925062025	1.4723809928124898	25	13	0.52	25	0	0	0.52	0.0	0.0	True	0.8460161295963566	logistic	False	True	post	post	full	none	live		
7	9	communication	-0.19732310180408963	0.6021009705901668	0.6410495525689301	1.5132004003206723	25	23	0.92	25	0	0	0.92	0.0	0.0	True	0.9982695983745011	logistic	False	True	post	post	full	none	live		
7	10	communication	0.5256709086728208	0.5408608537834945	0.6283041831260034	1.1779889783748765	25	2	0.08	25	0	0	0.08	0.0	0.0	False	0.5608938601860642	logistic	False	True	post	post	full	none	live		
7	11	communication	0.4139164096883834	0.5582312501447637	0.608855377503856	1.2636277471588724	25	5	0.2	25	0	0	0.2	0.0	0.0	False	0.7348459530362746	logistic	False	True	post	post	full	none	live		
7	12	communication	-0.03665548338553393	0.5550734128672286	0.6802902859054597	1.2475617976535716	25	18	0.72	25	0	0	0.72	0.0	0.0	True	0.982610390677559	logistic	False	True	post	post	full	none	live		
7	13	communication	-1.3965808655525649	0.558858035061246	0.6125264911143141	1.2668439628926145	25	20	0.8	25	0	0	0.8	0.0	0.0	True	0.9999999999868748	logistic	False	True	post	post	full	none	live		
7	14	communication	1.0998270192077115	0.549487337982793	0.6429375580015065	1.2196934388534584	25	1	0.04	25	0	0	0.04	0.0	0.0	False	0.04362374765740449	logistic	False	True	post	post	full	none	live		
7	15	communication	1.26408570913074	0.5559592515576052	0.6057368248452539	1.2520455690334675	25	0	0.0	25	0	0	0.0	0.0	0.0	False	0.013219932388187876	logistic	False	True	post	post	full	none	live		
7	16	communication	0.25357408569922063	0.601246034107433	0.7272784981738714	1.5078120483682462	25	11	0.44	25	0	0	0.44	0.0	0.0	True	0.9215361145052904	logistic	False	True	post	post	full	none	live		
7	17	communication	-0.21093366010498948	0.5556933030749204	0.7525964489915633	1.250697563013828	25	20	0.8	25	0	0	0.8	0.0	0.0	True	0.99648565820083	logistic	False	True	post	post	full	none	live		
7	18	communication	0.3753366621550242	0.5384824404935704	0.5914297946103249	1.1667647945388053	25	9	0.36	25	0	0	0.36	0.0	0.0	False	0.7390536252039831	logistic	False	True	post	post	full	none	live		
7	19	communication	-1.7842008716113917	0.5529366017771712	0.7198686991158253	1.236819216189942	25	22	0.88	25	0	0	0.88	0.0	0.0	True	0.9999999999999989	logistic	False	True	post	post	full	none	live		
7	20	communication	1.8603685891283304	0.5015942010112794	0.5888689247416746	1.0063972008933848	25	0	0.0	25	0	0	0.0	0.0	0.0	False	3.0161808427209692e-06	logistic	False	True	post	post	full	none	live		
7	21	communication	0.7313308144643825	0.5697701595982706	0.6345468520951024	1.3243390069509	25	1	0.04	25	0	0	0.04	0.0	0.0	False	0.3583971387932795	logistic	False	True	post	post	full	none	live		
7	22	communication	1.5423035789303947	0.545382982611278	0.5796115242805415	1.1996536903609714	25	0	0.0	25	0	0	0.0	0.0	0.0	False	0.0006658394334369535	logistic	False	True	post	post	full	none	live		
7	23	communication	-0.2989663382431249	0.5724390676590136	0.5436898079104153	1.3388479263640602	25	14	0.56	25	0	0	0.56	0.0	0.0	True	0.998989986555553	logistic	False	True	post	post	full	none	live		
7	24	communication	-0.32166539364891866	0.5052330169690215	0.6582546341011832	1.021153460713824	25	16	0.64	25	0	0	0.64	0.0	0.0	True	0.9971924113228503	logistic	False	True	post	post	full	none	live		
7	25	communication	1.3255848582918528	0.5836268889976312	0.7068502843589658	1.401692072748451	25	0	0.0	25	0	0	0.0	0.0	0.0	False	0.011848316460508067	logistic	False	True	post	post	full	none	live		
7	26	communication	1.5568953586920058	0.5248979052457686	0.6045992771708446	1.1048107576063129	25	0	0.0	25	0	0	0.0	0.0	0.0	False	0.0003656850477897745	logistic	False	True	post	post	full	none	live		
7	27	communication	2.2891399093582083	0.5831115862575637	0.62828915535953	1.3987234162324884	25	0	0.0	25	0	0	0.0	0.0	0.0	False	2.164196938440931e-08	logistic	False	True	post	post	full	none	live		
7	28	communication	0.48558519985547377	0.5789683580102971	0.643157373030326	1.37511840030412	25	3	0.12	25	0	0	0.12	0.0	0.0	False	0.6951606643439355	logistic	False	True	post	post	full	none	live		
7	29	communication	-0.8653394425503331	0.5692722714754062	0.675130353230663	1.321652249845581	25	20	0.8	25	0	0	0.8	0.0	0.0	True	0.9999996412403463	logistic	False	True	post	post	full	none	live		
7	30	communication	1.083904512900083	0.5671563040779437	0.597786817796882	1.3103027938752136	25	1	0.04	25	0	0	0.04	0.0	0.0	False	0.0601691575889874	logistic	False	True	post	post	full	none	live		
7	31	communication	0.9661201843428892	0.5434985278925255	0.6296518596266842	1.190573439738151	25	1	0.04	25	0	0	0.04	0.0	0.0	False	0.09688838015237872	logistic	False	True	post	post	full	none	live		
7	32	communication	1.0210477001848601	0.5588838241326205	0.6863209772109323	1.2669764898865274	25	1	0.04	25	0	0	0.04	0.0	0.0	False	0.08189969261053742	logistic	False	True	post	post	full	none	live		
7	33	communication	-0.6353255577998754	0.5336809034600103	0.6427699960365593	1.1444543176975466	25	25	1.0	25	0	0	1.0	0.0	0.0	True	0.9999657179442343	logistic	False	True	post	post	full	none	live		
7	34	communication	2.1115702511618992	0.5559691162256097	0.5644169138686298	1.252095600872877	25	0	0.0	25	0	0	0.0	0.0	0.0	False	2.2725940039407483e-07	logistic	False	True	post	post	full	none	live		
7	35	communication	0.7197158230036879	0.5145939557918057	0.6998511537546209	1.0601309191178765	25	1	0.04	25	0	0	0.04	0.0	0.0	False	0.25876750757002837	logistic	False	True	post	post	full	none	live		
7	36	communication	-0.5936868453261694	0.5615968985754276	0.6178539172758872	1.2810057610234555	25	22	0.88	25	0	0	0.88	0.0	0.0	True	0.999969117600478	logistic	False	True	post	post	full	none	live		
7	37	communication	0.9208754918409864	0.5682931881055933	0.6186257276779886	1.31638689139933	25	3	0.12	25	0	0	0.12	0.0	0.0	False	0.15787158892686493	logistic	False	True	post	post	full	none	live		
7	38	communication	0.35119903525364243	0.5157046159987394	0.6814883059894167	1.064855526265757	25	10	0.4	25	0	0	0.4	0.0	0.0	True	0.7216424745688539	logistic	False	True	post	post	full	none	live		
7	39	communication	0.1236300393237012	0.5518521742357169	0.6383987718799169	1.231406563882294	25	12	0.48	25	0	0	0.48	0.0	0.0	True	0.9403536639107828	logistic	False	True	post	post	full	none	live		
7	40	communication	1.9493856577756117	0.5432071350319199	0.6202242893144931	1.1891760504400135	25	0	0.0	25	0	0	0.0	0.0	0.0	False	2.3388712003797853e-06	logistic	False	True	post	post	full	none	live		
7	41	communication	0.9873537892150622	0.5335001319969102	0.6134603633576221	1.1436233289424567	25	0	0.0	25	0	0	0.0	0.0	0.0	False	0.07653456946246204	logistic	False	True	post	post	full	none	live		
7	42	communication	0.8616417204415153	0.5549220280684845	0.648159017217268	1.2467973322972514	25	5	0.2	25	0	0	0.2	0.0	0.0	False	0.18826927889552025	logistic	False	True	post	post	full	none	live		
7	43	communication	0.7252532407197679	0.5311839687355396	0.6230120937261878	1.133032860038648	25	5	0.2	25	0	0	0.2	0.0	0.0	False	0.2847964407756546	logistic	False	True	post	post	full	none	live		
7	44	communication	-0.8795129637622974	0.5861529102995721	0.6944182265498058	1.4163514130880355	25	17	0.68	25	0	0	0.68	0.0	0.0	True	0.9999998330323632	logistic	False	True	post	post	full	none	live		
7	45	communication	1.6839433718136327	0.5713220229749251	0.6418644207322031	1.3327533803806917	25	0	0.0	25	0	0	0.0	0.0	0.0	False	0.00020856901404318955	logistic	False	True	post	post	full	none	live		
7	46	communication	-0.8023341213511771	0.6037611450665916	0.6860928490469237	1.5237302893176876	25	17	0.68	25	0	0	0.68	0.0	0.0	True	0.9999996290827351	logistic	False	True	post	post	full	none	live		
7	47	communication	-0.1507765766962761	0.5176947289175309	0.6819456334424862	1.0733756397802474	25	14	0.56	25	0	0	0.56	0.0	0.0	True	0.9884750435637621	logistic	False	True	post	post	full	none	live		
7	48	communication	-0.6675958220887537	0.574456890518634	0.5961165668443715	1.3499381795154852	25	22	0.88	25	0	0	0.88	0.0	0.0	True	0.9999924733969618	logistic	False	True	post	post	full	none	live		
7	49	communication	0.4589065265886822	0.533463123908308	0.6704257392567505	1.1434532857879869	25	13	0.52	25	0	0	0.52	0.0	0.0	True	0.6302442080795445	logistic	False	True	post	post	full	none	live		
8	0	communication	-0.5371760992210457	0.4568579058952796	-0.18439283179000976	0.8411388306191476	25	12	0.48	25	0	0	0.48	0.0	0.0	True	0.9993249077498253	logistic	False	True	post	post	full	none	live		
8	1	communication	-1.6286012849471692	0.379619260128994	-0.34800824205369324	0.6119133553500179	25	14	0.56	25	0	0	0.56	0.0	0.0	True	0.9999999999157384	logistic	False	True	post	post	full	none	live		
8	2	communication	1.9294200517714626	0.33752773064857394	-0.24761246904405218	0.5094971461658622	25	0	0.0	25	0	0	0.0	0.0	0.0	False	5.155639165119095e-09	logistic	False	True	post	post	full	none	live		
8	3	communication	1.626485617690315	0.4424431023707065	-0.2404107721373931	0.7935389271515686	25	0	0.0	25	0	0	0.0	0.0	0.0	False	2.1421620836655994e-05	logistic	False	True	post	post	full	none	live		
8	4	communication	0.4314185377540851	0.42860597633277164	-0.1755572409105245	0.7501058089161703	25	0	0.0	25	0	0	0.0	0.0	0.0	False	0.42492901917156845	logistic	False	True	post	post	full	none	live		
8	5	communication	-0.514025241164753	0.4698227228148592	-0.35107699526692315	0.8861615595999875	25	11	0.44	25	0	0	0.44	0.0	0.0	True	0.999321814227718	logistic	False	True	post	post	full	none	live		
8	6	communication	0.00036004819524054765	0.48661248894541737	-0.205509141404323	0.9478463703681359	25	2	0.08	25	0	0	0.08	0.0	0.0	True	0.9437751130980856	logistic	False	True	post	post	full	none	live		
8	7	communication	-1.8483420132203257	0.48354467628633635	-0.25372794181734476	0.9362759063249122	25	20	0.8	25	0	0	0.8	0.0	0.0	True	0.9999999999999947	logistic	False	True	post	post	full	none	live		
8	8	communication	-2.1427845378805768	0.42868267603173293	-0.32152628052058446	0.7503407616877088	25	22	0.88	25	0	0	0.88	0.0	0.0	True	1.0	logistic	False	True	post	post	full	none	live		
8	9	communication	0.4588220062630567	0.4934364435620138	-0.20517046868175126	0.9740859508957207	25	0	0.0	25	0	0	0.0	0.0	0.0	False	0.5394024081458301	logistic	False	True	post	post	full	none	live		
8	10	communication	0.9625327920431718	0.46227510236598063	-0.26069727103117	0.8596869968267852	25	1	0.04	25	0	0	0.04	0.0	0.0	False	0.03901528178830861	logistic	False	True	post	post	full	none	live		
8	11	communication	0.9896995116083575	0.40099352599439586	-0.30377982223448996	0.6694310385544251	25	0	0.0	25	0	0	0.0	0.0	0.0	False	0.013444355839558716	logistic	False	True	post	post	full	none	live		
8	12	communication	-0.5293272681268504	0.4360258989785861	-0.2235848782045979	0.7731310678786478	25	6	0.24	25	0	0	0.24	0.0	0.0	True	0.9988813992258602	logistic	False	True	post	post	full	none	live		
8	13	communication	-0.9579900052518056	0.454491629915715	-0.21842320515742827	0.8331524406224835	25	15	0.6	25	0	0	0.6	0.0	0.0	True	0.999997825342481	logistic	False	True	post	post	full	none	live		
8	14	communication	-2.870768623698603	0.46957399963961205	-0.3055395268314554	0.8852771156024948	25	20	0.8	25	0	0	0.8	0.0	0.0	True	1.0	logistic	False	True	post	post	full	none	live		
8	15	communication	-1.6909971789698883	0.4130498439248197	-0.3728061642207825	0.703722180920442	25	24	0.96	25	0	0	0.96	0.0	0.0	True	0.9999999999945385	logistic	False	True	post	post	full	none	live		
8	16	communication	-0.2805425026269904	0.4465808396217356	-0.23780909812376827	0.8069486414537864	25	9	0.36	25	0	0	0.36	0.0	0.0	True	0.9889730948560829	logistic	False	True	post	post	full	none	live		
8	17	communication	-0.13710342569826234	0.39942336423254743	-0.23544013477208528	0.6650664385605686	25	5	0.2	25	0	0	0.2	0.0	0.0	True	0.9374338260652184	logistic	False	True	post	post	full	none	live		
8	18	communication	-0.26245718833565695	0.4560229015499775	-0.27560315885051234	0.8383126842092126	25	2	0.08	25	0	0	0.08	0.0	0.0	True	0.9888281903699164	logistic	False	True	post	post	full	none	live		
8	19	communication	1.057525159433676	0.4042249810522127	-0.2947532923987204	0.6784859522410395	25	0	0.0	25	0	0	0.0	0.0	0.0	False	0.0077582599898457505	logistic	False	True	post	post	full	none	live		
8	20	communication	0.6007806077430529	0.40014627183388135	-0.26444930908943604	0.6670730763934971	25	0	0.0	25	0	0	0.0	0.0	0.0	False	0.17832959208800464	logistic	False	True	post	post	full	none	live		
8	21	communication	0.762188677492678	0.31863073104091083	-0.2560333478159025	0.4676329643214978	25	0	0.0	25	0	0	0.0	0.0	0.0	False	0.02558462325555077	logistic	False	True	post	post	full	none	live		
8	22	communication	-1.1677885672825608	0.4497091044142427	-0.3014877663742972	0.817220688224452	25	23	0.92	25	0	0	0.92	0.0	0.0	True	0.9999999300054359	logistic	False	True	post	post	full	none	live		
8	23	communication	2.063775964270388	0.451426632774987	-0.38347244098519423	0.8229102244947695	25	0	0.0	25	0	0	0.0	0.0	0.0	False	1.9364057626803824e-08	logistic	False	True	post	post	full	none	live		
8	24	communication	-0.9856273883527753	0.4411561585157464	-0.21320232013392482	0.7894086429297741	25	21	0.84	25	0	0	0.84	0.0	0.0	True	0.9999979662832968	logistic	False	True	post	post	full	none	live		
8	25	communication	-1.1652552772673652	0.4420615245743851	-0.24313016916283214	0.7923123140722015	25	18	0.72	25	0	0	0.72	0.0	0.0	True	0.9999999065812053	logistic	False	True	post	post	full	none	live		
8	26	communication	-2.627454410857332	0.4356758447236376	-0.25987313302663356	0.7720311821674144	25	21	0.84	25	0	0	0.84	0.0	0.0	True	1.0	logistic	False	True	post	post	full	none	live		
8	27	communication	-0.6207676033035048	0.4659360211426428	-0.2591428627684925	0.8724348384991704	25	12	0.48	25	0	0	0.48	0.0	0.0	True	0.9997975395536883	logistic	False	True	post	post	full	none	live		
8	28	communication	-1.9594307857001945	0.4161849345714243	-0.26337488356323635	0.7128711799615947	25	23	0.92	25	0	0	0.92	0.0	0.0	True	0.9999999999999936	logistic	False	True	post	post	full	none	live		
8	29	communication	1.4419330505056487	0.31900153939983167	-0.30274282011664516	0.46843210059343393	25	0	0.0	25	0	0	0.0	0.0	0.0	False	1.256673997728407e-05	logistic	False	True	post	post	full	none	live		
8	30	communication	0.11114900468306604	0.49589382862655856	-0.1989672733676317	0.9837091009528642	25	1	0.04	25	0	0	0.04	0.0	0.0	False	0.8983471758027903	logistic	False	True	post	post	full	none	live		
8	31	communication	-0.8433554714746563	0.46357252377404223	-0.29511161094321325	0.8641848979017864	25	13	0.52	25	0	0	0.52	0.0	0.0	True	0.9999900044088227	logistic	False	True	post	post	full	none	live		
8	32	communication	0.4596054331853839	0.37560512409106017	-0.2960957907796639	0.6015506189801556	25	0	0.0	25	0	0	0.0	0.0	0.0	False	0.27523867252672696	logistic	False	True	post	post	full	none	live		
8	33	communication	0.36910575568974446	0.4049232898805608	-0.23993130855749345	0.6804556168889349	25	0	0.0	25	0	0	0.0	0.0	0.0	False	0.4517535690522895	logistic	False	True	post	post	full	none	live		
8	34	communication	-0.9301705837017272	0.4218094496483278	-0.2495978467617106	0.7295336276107781	25	19	0.76	25	0	0	0.76	0.0	0.0	True	0.9999918126355088	logistic	False	True	post	post	full	none	live		
8	35	communication	1.1840898229260803	0.40144730654543354	-0.20928246264238404	0.6706966837430257	25	0	0.0	25	0	0	0.0	0.0	0.0	False	0.0021288420681064594	logistic	False	True	post	post	full	none	live		
8	36	communication	0.4267520574863462	0.4112019154536188	-0.1982069051638909	0.6983750902831399	25	0	0.0	25	0	0	0.0	0.0	0.0	False	0.39116339887037405	logistic	False	True	post	post	full	none	live		
8	37	communication	0.9777008610538545	0.3406659999224394	-0.2884352906071297	0.5166819849763022	25	0	0.0	25	0	0	0.0	0.0	0.0	False	0.005636896697261191	logistic	False	True	post	post	full	none	live		
8	38	communication	-0.40704850344529	0.4553033685391413	-0.39914092880025764	0.835884311085296	25	4	0.16	25	0	0	0.16	0.0	0.0	True	0.9971296250480921	logistic	False	True	post	post	full	none	live		
8	39	communication	0.4921791961646793	0.32506767544310317	-0.36734546536400847	0.4816300295833586	25	0	0.0	25	0	0	0.0	0.0	0.0	False	0.1561009489275087	logistic	False	True	post	post	full	none	live		
8	40	communication	0.6315631811632068	0.5048517385928808	-0.35667623581146385	1.0195971145252252	25	0	0.0	25	0	0	0.0	0.0	0.0	False	0.34082607385880637	logistic	False	True	post	post	full	none	live		
8	41	communication	-0.10924028842956884	0.46057234794859025	-0.2890352805640608	0.853816718881693	25	3	0.12	25	0	0	0.12	0.0	0.0	True	0.9640999515867268	logistic	False	True	post	post	full	none	live		
8	42	communication	1.7899439837201472	0.338467813620177	-0.3478091073450885	0.5116422459690322	25	0	0.0	25	0	0	0.0	0.0	0.0	False	7.405154918612182e-08	logistic	False	True	post	post	full	none	live		
8	43	communication	0.6924404030698289	0.44055807009927583	-0.1574684894025411	0.7874956211763662	25	1	0.04	25	0	0	0.04	0.0	0.0	False	0.16129188588840276	logistic	False	True	post	post	full	none	live		
8	44	communication	0.6595180856924605	0.4324635149419648	-0.2808632877899851	0.7620012568843779	25	0	0.0	25	0	0	0.0	0.0	0.0	False	0.17697514550665028	logistic	False	True	post	post	full	none	live		
8	45	communication	-0.2513764483128385	0.42891118582712995	-0.18795538787718555	0.7510411256230585	25	6	0.24	25	0	0	0.24	0.0	0.0	True	0.9816226565570332	logistic	False	True	post	post	full	none	live		
8	46	communication	-0.4346132742220033	0.3867124557967684	-0.25814774038826044	0.6305565137462166	25	1	0.04	25	0	0	0.04	0.0	0.0	True	0.9928543035222624	logistic	False	True	post	post	full	none	live		
8	47	communication	-1.2003883601493688	0.39651450986926007	-0.2698636791309846	0.6570406685061452	25	20	0.8	25	0	0	0.8	0.0	0.0	True	0.999999791063563	logistic	False	True	post	post	full	none	live		
8	48	communication	-1.5262197361287368	0.37261914716288247	-0.2872278169553644	0.5939281466398576	25	20	0.8	25	0	0	0.8	0.0	0.0	True	0.9999999990406159	logistic	False	True	post	post	full	none	live		
8	49	communication	0.7014523687346232	0.44755254196437755	-0.250488611932339	0.8101268916247215	25	0	0.0	25	0	0	0.0	0.0	0.0	False	0.1639926427430748	logistic	False	True	post	post	full	none	live		
9	0	communication	-1.422793746713912	0.41989033832599554	-0.3011410784629942	0.7238120067063372	25	18	0.72	25	0	0	0.72	0.0	0.0	True	0.999999998575813	logistic	False	True	post	post	full	none	live		
9	1	communication	-0.015082554495913114	0.4739565808808487	-0.2708324046695827	0.9009837660824253	25	0	0.0	25	0	0	0.0	0.0	0.0	True	0.9411854276286621	logistic	False	True	post	post	full	none	live		
9	2	communication	-1.1137617386404355	0.3500365127380795	-0.29922022069689275	0.5385479639982034	25	15	0.6	25	0	0	0.6	0.0	0.0	True	0.9999965068524505	logistic	False	True	post	post	full	none	live		
9	3	communication	-0.3478367018117289	0.4112891513772023	-0.3376588858079065	0.6986267576677968	25	2	0.08	25	0	0	0.08	0.0	0.0	True	0.9894499759048918	logistic	False	True	post	post	full	none	live		
9	4	communication	-0.49493184394400236	0.2678419735310238	-0.25132024752521986	0.36582535989226506	25	7	0.28	25	0	0	0.28	0.0	0.0	True	0.9727741984522286	logistic	False	True	post	post	full	none	live		
9	5	communication	1.3140239034403631	0.4268843636520676	-0.2998474065303628	0.7448485725713312	25	0	0.0	25	0	0	0.0	0.0	0.0	False	0.0008405854507697666	logistic	False	True	post	post	full	none	live		
9	6	communication	-0.09172056176456331	0.3742487769881497	-0.24970260381157774	0.5980791778349624	25	5	0.2	25	0	0	0.2	0.0	0.0	True	0.8911393553845998	logistic	False	True	post	post	full	none	live		
9	7	communication	0.16345404918005546	0.458816410977019	-0.37392623414437476	0.8478017816566416	25	0	0.0	25	0	0	0.0	0.0	0.0	False	0.8108749747685284	logistic	False	True	post	post	full	none	live		
9	8	communication	-0.5064021263669105	0.3606431877550749	-0.2278532234245637	0.5640718622966975	25	5	0.2	25	0	0	0.2	0.0	0.0	True	0.9943520779353062	logistic	False	True	post	post	full	none	live		
9	9	communication	-0.24080549455605538	0.46313820016035095	-0.38212255877162205	0.8626767639244997	25	3	0.12	25	0	0	0.12	0.0	0.0	True	0.9879002891210001	logistic	False	True	post	post	full	none	live		
9	10	communication	-1.974681393590512	0.3700413510033708	-0.3526999074106124	0.5874057790820979	25	15	0.6	25	0	0	0.6	0.0	0.0	True	0.9999999999999639	logistic	False	True	post	post	full	none	live		
9	11	communication	1.4612622254965548	0.4463942615063358	-0.24335660471000403	0.8063396573903914	25	0	0.0	25	0	0	0.0	0.0	0.0	False	0.0002176768656401383	logistic	False	True	post	post	full	none	live		
9	12	communication	0.5155154510226598	0.44718289204403616	-0.2784341529994356	0.8089165215915455	25	0	0.0	25	0	0	0.0	0.0	0.0	False	0.35921524307550634	logistic	False	True	post	post	full	none	live		
9	13	communication	-1.9295028145695774	0.36162979548383833	-0.3759753533212927	0.5664891514758704	25	16	0.64	25	0	0	0.64	0.0	0.0	True	0.9999999999998368	logistic	False	True	post	post	full	none	live		
9	14	communication	-1.3048136531386225	0.48498980036384043	-0.3897747016961437	0.9417091170358806	25	20	0.8	25	0	0	0.8	0.0	0.0	True	0.9999999984702888	logistic	False	True	post	post	full	none	live		
9	15	communication	-0.27489293461978964	0.4669024826476255	-0.36767108647415947	0.8758294072846067	25	4	0.16	25	0	0	0.16	0.0	0.0	True	0.9915664693563802	logistic	False	True	post	post	full	none	live		
9	16	communication	1.9063411251110676	0.4591128598491138	-0.290173989937788	0.8488145229724624	25	0	0.0	25	0	0	0.0	0.0	0.0	False	4.1801493515108376e-07	logistic	False	True	post	post	full	none	live		
9	17	communication	-0.49946156068307673	0.4489180032281422	-0.2690978966965078	0.814611992149672	25	6	0.24	25	0	0	0.24	0.0	0.0	True	0.9987887992665015	logistic	False	True	post	post	full	none	live		
9	18	communication	-2.1904287481407714	0.41309416419675715	-0.33065719289045115	0.7038508377266243	25	19	0.76	25	0	0	0.76	0.0	0.0	True	1.0	logistic	False	True	post	post	full	none	live		
9	19	communication	0.5527105782417421	0.34950823154262856	-0.3334184237672119	0.5372984693895213	25	0	0.0	25	0	0	0.0	0.0	0.0	False	0.14366669765532475	logistic	False	True	post	post	full	none	live		
9	20	communication	-0.5973095574076754	0.48715141740371837	-0.3810778503250491	0.9498932705195906	25	10	0.4	25	0	0	0.4	0.0	0.0	True	0.999829941935499	logistic	False	True	post	post	full	none	live		
9	21	communication	-0.06395111561201736	0.3426037715062777	-0.19597841999816976	0.5211526270713147	25	3	0.12	25	0	0	0.12	0.0	0.0	True	0.8288970353656029	logistic	False	True	post	post	full	none	live		
9	22	communication	0.7708821578215116	0.5070065883312682	-0.3231976617147826	1.0284246732935094	25	0	0.0	25	0	0	0.0	0.0	0.0	False	0.19433786642544143	logistic	False	True	post	post	full	none	live		
9	23	communication	0.8668912762313249	0.46617770459729524	-0.3300758633809079	0.8732825672738531	25	0	0.0	25	0	0	0.0	0.0	0.0	False	0.07771746354042232	logistic	False	True	post	post	full	none	live		
9	24	communication	-1.2184204194050414	0.39918697702482087	-0.30534341648072416	0.6644113255869158	25	18	0.72	25	0	0	0.72	0.0	0.0	True	0.9999998601028389	logistic	False	True	post	post	full	none	live		
9	25	communication	-2.4745826075203485	0.43478159333237554	-0.32354077102451373	0.7692275909691808	25	21	0.84	25	0	0	0.84	0.0	0.0	True	1.0	logistic	False	True	post	post	full	none	live		
9	26	communication	1.1045823760935127	0.37731658448753114	-0.30147093795553676	0.6059525195110573	25	0	0.0	25	0	0	0.0	0.0	0.0	False	0.003102420876521472	logistic	False	True	post	post	full	none	live		
9	27	communication	-1.6711397418215963	0.41816128009660325	-0.32240484695056626	0.7186893305519972	25	19	0.76	25	0	0	0.76	0.0	0.0	True	0.9999999999929918	logistic	False	True	post	post	full	none	live		
9	28	communication	-1.4002577846166822	0.3636046685146664	-0.3061211010887897	0.5713503077812034	25	20	0.8	25	0	0	0.8	0.0	0.0	True	0.9999999840523555	logistic	False	True	post	post	full	none	live		
9	29	communication	-0.5625020289947552	0.4237307099449462	-0.30941664490185056	0.7352998281488593	25	6	0.24	25	0	0	0.24	0.0	0.0	True	0.999016214146655	logistic	False	True	post	post	full	none	live		
9	30	communication	1.410295507757238	0.45023984923012955	-0.25793559886386785	0.8189750541206466	25	0	0.0	25	0	0	0.0	0.0	0.0	False	0.0004417108098063664	logistic	False	True	post	post	full	none	live		
9	31	communication	2.107333838688538	0.4397966779326545	-0.3016272146683987	0.7850661725989976	25	0	0.0	25	0	0	0.0	0.0	0.0	False	5.650736324344378e-09	logistic	False	True	post	post	full	none	live		
9	32	communication	-0.6034618171239385	0.35293824479832925	-0.2885811154189957	0.5454475433930236	25	8	0.32	25	0	0	0.32	0.0	0.0	True	0.9975275418700421	logistic	False	True	post	post	full	none	live		
9	33	communication	-1.0590420496135577	0.4102720705749044	-0.3830105001443126	0.6956972022248696	25	19	0.76	25	0	0	0.76	0.0	0.0	True	0.9999985003559563	logistic	False	True	post	post	full	none	live		
9	34	communication	-1.7416228872591852	0.41338760136959246	-0.31162013905970976	0.7047031435659195	25	21	0.84	25	0	0	0.84	0.0	0.0	True	0.9999999999983524	logistic	False	True	post	post	full	none	live		
9	35	communication	-0.008781436792042852	0.4126616826346165	-0.302242780642563	0.7025962216898908	25	2	0.08	25	0	0	0.08	0.0	0.0	True	0.8818146401170384	logistic	False	True	post	post	full	none	live		
9	36	communication	0.08831828689371102	0.35833508955586807	-0.2779462894866527	0.5584458238613118	25	0	0.0	25	0	0	0.0	0.0	0.0	False	0.7044157232977868	logistic	False	True	post	post	full	none	live		
9	37	communication	0.17558831769405858	0.43733232321213017	-0.31820558569104807	0.7772479942490245	25	0	0.0	25	0	0	0.0	0.0	0.0	False	0.7626163109949831	logistic	False	True	post	post	full	none	live		
9	38	communication	0.17566994988633922	0.3877046384778614	-0.4310541472135081	0.633198718856934	25	0	0.0	25	0	0	0.0	0.0	0.0	False	0.6632961319496085	logistic	False	True	post	post	full	none	live		
9	39	communication	-0.2729370617565723	0.4442262796289702	-0.3211164132011871	0.799293423468113	25	3	0.12	25	0	0	0.12	0.0	0.0	True	0.9877844728608396	logistic	False	True	post	post	full	none	live		
9	40	communication	-0.2842332625796397	0.38359863271038674	-0.2997946315225787	0.622319568168892	25	4	0.16	25	0	0	0.16	0.0	0.0	True	0.9732005053720412	logistic	False	True	post	post	full	none	live		
9	41	communication	-0.39814417973314203	0.4428358294356216	-0.36029509170590046	0.7948031349306828	25	5	0.2	25	0	0	0.2	0.0	0.0	True	0.996086971649771	logistic	False	True	post	post	full	none	live		
9	42	communication	0.08842012883657774	0.3695796772951997	-0.36248672196993376	0.5862432792609361	25	0	0.0	25	0	0	0.0	0.0	0.0	False	0.7271551987844495	logistic	False	True	post	post	full	none	live		
9	43	communication	-0.26149072040263993	0.41987438686287676	-0.20293162375725005	0.7237646077930227	25	6	0.24	25	0	0	0.24	0.0	0.0	True	0.9807270592282017	logistic	False	True	post	post	full	none	live		
9	44	communication	-1.1307289028294545	0.3613939615123687	-0.29740863308311183	0.5659106549763204	25	19	0.76	25	0	0	0.76	0.0	0.0	True	0.9999980721013928	logistic	False	True	post	post	full	none	live		
9	45	communication	0.6438538140144399	0.431762971748531	-0.2671772236962135	0.7598289979044758	25	0	0.0	25	0	0	0.0	0.0	0.0	False	0.1897394044959404	logistic	False	True	post	post	full	none	live		
9	46	communication	1.9690230620737486	0.383573009116853	-0.3661654595598687	0.6222521317038907	25	0	0.0	25	0	0	0.0	0.0	0.0	False	1.1960861462565977e-08	logistic	False	True	post	post	full	none	live		
9	47	communication	0.8925529987784586	0.4022907265368179	-0.30409206611679257	0.6730541826897025	25	0	0.0	25	0	0	0.0	0.0	0.0	False	0.029943146668970917	logistic	False	True	post	post	full	none	live		
9	48	communication	-1.14608982433043	0.3536500930312718	-0.3037992041955586	0.5471495999586833	25	21	0.84	25	0	0	0.84	0.0	0.0	True	0.999998114757772	logistic	False	True	post	post	full	none	live		
9	49	communication	-1.2677353555298367	0.41267473951378764	-0.2790760741664914	0.702634072255224	25	18	0.72	25	0	0	0.72	0.0	0.0	True	0.9999999629010239	logistic	False	True	post	post	full	none	live		
