design,signal_mode,theta,theta_star,theta_relative,rep,join_fraction,join_fraction_valid,n_join,n_agents,n_valid,n_api_error,n_unparseable,api_error_rate,unparseable_rate,coup_success,theoretical_attack,benefit,cost,model,treatment,briefing_mean_direction,briefing_mean_clarity,briefing_mean_coordination,briefing_mean_z_score
hard_scramble,normal,0.2,0.5,-0.3,6,0.24,0.24,6,25,25,0,0,0.0,0.0,True,0.8413447460685429,1.0,1.0,meta-llama/llama-3.3-70b-instruct,pure,0.6871484541607161,0.6178645110362067,0.3468155471156871,0.7027271835874578
hard_scramble,normal,0.2,0.5,-0.3,5,0.24,0.24,6,25,25,0,0,0.0,0.0,True,0.8413447460685429,1.0,1.0,meta-llama/llama-3.3-70b-instruct,pure,0.6124138835140309,0.45729296493011773,0.4121015709369608,0.13972789650160675
hard_scramble,normal,0.2,0.5,-0.3,2,0.44,0.44,11,25,25,0,0,0.0,0.0,True,0.8413447460685429,1.0,1.0,meta-llama/llama-3.3-70b-instruct,pure,0.5384039138490749,0.3294806946226047,0.47023234074641496,-0.2729547303461406
hard_scramble,normal,0.2,0.5,-0.3,0,0.24,0.24,6,25,25,0,0,0.0,0.0,True,0.8413447460685429,1.0,1.0,meta-llama/llama-3.3-70b-instruct,pure,0.5362544641449056,0.5005323342361048,0.47054678833066693,-0.2629613945847884
hard_scramble,normal,0.2,0.5,-0.3,7,0.32,0.32,8,25,25,0,0,0.0,0.0,True,0.8413447460685429,1.0,1.0,meta-llama/llama-3.3-70b-instruct,pure,0.5781262674702201,0.5021806108606046,0.43961901960761596,-0.06476582769811126
hard_scramble,normal,0.2,0.5,-0.3,3,0.2,0.2,5,25,25,0,0,0.0,0.0,False,0.8413447460685429,1.0,1.0,meta-llama/llama-3.3-70b-instruct,pure,0.6048685886594007,0.40118711938500695,0.4173967796581476,0.10903969450617361
hard_scramble,normal,0.2,0.5,-0.3,1,0.16,0.16,4,25,25,0,0,0.0,0.0,False,0.8413447460685429,1.0,1.0,meta-llama/llama-3.3-70b-instruct,pure,0.6747756969659723,0.6313302316315736,0.36106796633716703,0.5311544264241135
hard_scramble,normal,0.2,0.5,-0.3,4,0.32,0.32,8,25,25,0,0,0.0,0.0,True,0.8413447460685429,1.0,1.0,meta-llama/llama-3.3-70b-instruct,pure,0.632455856406411,0.5440613335797838,0.39239003175230847,0.3366670215635335
hard_scramble,normal,0.2,0.5,-0.3,8,0.44,0.44,11,25,25,0,0,0.0,0.0,True,0.8413447460685429,1.0,1.0,meta-llama/llama-3.3-70b-instruct,pure,0.5317193389645908,0.49351790847446386,0.4734830096746067,-0.27286395826814447
hard_scramble,normal,0.2,0.5,-0.3,13,0.36,0.36,9,25,25,0,0,0.0,0.0,True,0.8413447460685429,1.0,1.0,meta-llama/llama-3.3-70b-instruct,pure,0.5534453629313135,0.4916540818315919,0.4561740175563492,-0.14842410006819554
hard_scramble,normal,0.2,0.5,-0.3,11,0.4,0.4,10,25,25,0,0,0.0,0.0,True,0.8413447460685429,1.0,1.0,meta-llama/llama-3.3-70b-instruct,pure,0.5118833996368729,0.4410890797636654,0.4912090572939906,-0.42600959750588613
hard_scramble,normal,0.2,0.5,-0.3,9,0.28,0.28,7,25,25,0,0,0.0,0.0,True,0.8413447460685429,1.0,1.0,meta-llama/llama-3.3-70b-instruct,pure,0.6032347194629807,0.40813428764099285,0.41897953267858795,0.09319582745662743
hard_scramble,normal,0.2,0.5,-0.3,12,0.4,0.4,10,25,25,0,0,0.0,0.0,True,0.8413447460685429,1.0,1.0,meta-llama/llama-3.3-70b-instruct,pure,0.5471230424435423,0.46906723536620887,0.463413051747323,-0.2264307080154727
hard_scramble,normal,0.2,0.5,-0.3,14,0.24,0.24,6,25,25,0,0,0.0,0.0,True,0.8413447460685429,1.0,1.0,meta-llama/llama-3.3-70b-instruct,pure,0.5855016978723391,0.5033144586777303,0.43392784599603196,-0.023796116716388992
hard_scramble,normal,0.2,0.5,-0.3,10,0.28,0.28,7,25,25,0,0,0.0,0.0,True,0.8413447460685429,1.0,1.0,meta-llama/llama-3.3-70b-instruct,pure,0.5879507457585578,0.5209335890935621,0.43068103155331583,0.013357973269835535
hard_scramble,normal,0.2,0.5,-0.3,16,0.28,0.28,7,25,25,0,0,0.0,0.0,True,0.8413447460685429,1.0,1.0,meta-llama/llama-3.3-70b-instruct,pure,0.5685131446912856,0.46545326178176405,0.4454417528842598,-0.08719063946034929
hard_scramble,normal,0.2,0.5,-0.3,15,0.28,0.28,7,25,25,0,0,0.0,0.0,True,0.8413447460685429,1.0,1.0,meta-llama/llama-3.3-70b-instruct,pure,0.5642116276471084,0.5001628939483067,0.44899445644722924,-0.11064050412333824
hard_scramble,normal,0.2,0.5,-0.3,17,0.36,0.36,9,25,25,0,0,0.0,0.0,True,0.8413447460685429,1.0,1.0,meta-llama/llama-3.3-70b-instruct,pure,0.5686520300376109,0.4462461287917023,0.44369089974627,-0.04803846850252719
hard_scramble,normal,0.2,0.5,-0.3,19,0.32,0.32,8,25,25,0,0,0.0,0.0,True,0.8413447460685429,1.0,1.0,meta-llama/llama-3.3-70b-instruct,pure,0.5940848725041884,0.5389056270387674,0.4242796923628767,0.07691186302792297
hard_scramble,normal,0.2,0.5,-0.3,18,0.32,0.32,8,25,25,0,0,0.0,0.0,True,0.8413447460685429,1.0,1.0,meta-llama/llama-3.3-70b-instruct,pure,0.5648473419601194,0.40328582397329776,0.4494019323003855,-0.12637524163077152
hard_scramble,normal,0.2,0.5,-0.3,20,0.28,0.28,7,25,25,0,0,0.0,0.0,True,0.8413447460685429,1.0,1.0,meta-llama/llama-3.3-70b-instruct,pure,0.596245289099754,0.5143967490324072,0.4258006649141683,0.030049497544600453
hard_scramble,normal,0.2,0.5,-0.3,23,0.32,0.32,8,25,25,0,0,0.0,0.0,True,0.8413447460685429,1.0,1.0,meta-llama/llama-3.3-70b-instruct,pure,0.5627938772440252,0.3699920345412906,0.45184740052833616,-0.15241967474963705
hard_scramble,normal,0.2,0.5,-0.3,21,0.32,0.32,8,25,25,0,0,0.0,0.0,True,0.8413447460685429,1.0,1.0,meta-llama/llama-3.3-70b-instruct,pure,0.5162100731549005,0.5067406102929495,0.4873212217132165,-0.39305637634880874
hard_scramble,normal,0.2,0.5,-0.3,22,0.24,0.24,6,25,25,0,0,0.0,0.0,True,0.8413447460685429,1.0,1.0,meta-llama/llama-3.3-70b-instruct,pure,0.6030498386982369,0.5166997488535501,0.41770237872760846,0.12122456158412157
hard_scramble,normal,0.2,0.5,-0.3,25,0.4,0.4,10,25,25,0,0,0.0,0.0,True,0.8413447460685429,1.0,1.0,meta-llama/llama-3.3-70b-instruct,pure,0.5472156377370777,0.398815223801634,0.4614253046164711,-0.1872628291372787
hard_scramble,normal,0.2,0.5,-0.3,24,0.32,0.32,8,25,25,0,0,0.0,0.0,True,0.8413447460685429,1.0,1.0,meta-llama/llama-3.3-70b-instruct,pure,0.5784654931334914,0.5198301361320392,0.43890204060947163,-0.049828050262642185
hard_scramble,normal,0.2,0.5,-0.3,27,0.24,0.24,6,25,25,0,0,0.0,0.0,True,0.8413447460685429,1.0,1.0,meta-llama/llama-3.3-70b-instruct,pure,0.5924438042187896,0.4739291805640578,0.4278080631066528,0.027414456457162038
hard_scramble,normal,0.2,0.5,-0.3,26,0.2,0.2,5,25,25,0,0,0.0,0.0,False,0.8413447460685429,1.0,1.0,meta-llama/llama-3.3-70b-instruct,pure,0.58935740220849,0.5049375961954842,0.42906856536806165,0.03209050438860763
hard_scramble,normal,0.2,0.5,-0.3,28,0.28,0.28,7,25,25,0,0,0.0,0.0,True,0.8413447460685429,1.0,1.0,meta-llama/llama-3.3-70b-instruct,pure,0.581591160645717,0.48217780098684143,0.4331386999187601,0.0502743202291518
hard_scramble,normal,0.2,0.5,-0.3,29,0.4,0.4,10,25,25,0,0,0.0,0.0,True,0.8413447460685429,1.0,1.0,meta-llama/llama-3.3-70b-instruct,pure,0.513278342678776,0.46716548502312966,0.4883513893216906,-0.38537714077335683
hard_scramble,normal,0.275,0.5,-0.22499999999999998,1,0.24,0.24,6,25,25,0,0,0.0,0.0,False,0.7733726476231317,1.0,1.0,meta-llama/llama-3.3-70b-instruct,pure,0.6171013593903736,0.5107081468516274,0.40687193902230123,0.19652360550082393
hard_scramble,normal,0.275,0.5,-0.22499999999999998,0,0.12,0.12,3,25,25,0,0,0.0,0.0,False,0.7733726476231317,1.0,1.0,meta-llama/llama-3.3-70b-instruct,pure,0.6224603773090448,0.5335090442430117,0.40473832577212626,0.1853428204362183
hard_scramble,normal,0.275,0.5,-0.22499999999999998,3,0.16,0.16,4,25,25,0,0,0.0,0.0,False,0.7733726476231317,1.0,1.0,meta-llama/llama-3.3-70b-instruct,pure,0.648202472152108,0.5439118561644736,0.382883824713265,0.36136801512618694
hard_scramble,normal,0.275,0.5,-0.22499999999999998,2,0.44,0.44,11,25,25,0,0,0.0,0.0,True,0.7733726476231317,1.0,1.0,meta-llama/llama-3.3-70b-instruct,pure,0.5555893981515964,0.35652233310184706,0.45412372971938697,-0.12828800453413589
hard_scramble,normal,0.275,0.5,-0.22499999999999998,4,0.28,0.28,7,25,25,0,0,0.0,0.0,True,0.7733726476231317,1.0,1.0,meta-llama/llama-3.3-70b-instruct,pure,0.5837777241521077,0.532908793313404,0.4348742901011252,-0.025240615724650684
hard_scramble,normal,0.275,0.5,-0.22499999999999998,5,0.12,0.12,3,25,25,0,0,0.0,0.0,False,0.7733726476231317,1.0,1.0,meta-llama/llama-3.3-70b-instruct,pure,0.6026822766300541,0.4787125980461579,0.4189498843773243,0.10183828167313667
hard_scramble,normal,0.275,0.5,-0.22499999999999998,6,0.44,0.44,11,25,25,0,0,0.0,0.0,True,0.7733726476231317,1.0,1.0,meta-llama/llama-3.3-70b-instruct,pure,0.5435703751452369,0.5436718336078216,0.46321065597110267,-0.18862304368512056
hard_scramble,normal,0.275,0.5,-0.22499999999999998,7,0.56,0.56,14,25,25,0,0,0.0,0.0,True,0.7733726476231317,1.0,1.0,meta-llama/llama-3.3-70b-instruct,pure,0.5086415506917015,0.4016457477064357,0.4923795591640697,-0.42007194860392405
hard_scramble,normal,0.275,0.5,-0.22499999999999998,8,0.16,0.16,4,25,25,0,0,0.0,0.0,False,0.7733726476231317,1.0,1.0,meta-llama/llama-3.3-70b-instruct,pure,0.6043425869638972,0.5096102056233088,0.41797214036635494,0.1027711893420617
hard_scramble,normal,0.275,0.5,-0.22499999999999998,12,0.4,0.4,10,25,25,0,0,0.0,0.0,True,0.7733726476231317,1.0,1.0,meta-llama/llama-3.3-70b-instruct,pure,0.5535776453529239,0.4096661626813784,0.45756364668105975,-0.16995009839341946
hard_scramble,normal,0.275,0.5,-0.22499999999999998,9,0.4,0.4,10,25,25,0,0,0.0,0.0,True,0.7733726476231317,1.0,1.0,meta-llama/llama-3.3-70b-instruct,pure,0.5512567289079532,0.36978150026184836,0.45932823711188786,-0.186469760099784
hard_scramble,normal,0.275,0.5,-0.22499999999999998,10,0.32,0.32,8,25,25,0,0,0.0,0.0,True,0.7733726476231317,1.0,1.0,meta-llama/llama-3.3-70b-instruct,pure,0.5949824211254107,0.4834642883745688,0.42509088187476496,0.054891692604294044
hard_scramble,normal,0.275,0.5,-0.22499999999999998,11,0.24,0.24,6,25,25,0,0,0.0,0.0,False,0.7733726476231317,1.0,1.0,meta-llama/llama-3.3-70b-instruct,pure,0.5869234131746331,0.3777249840372658,0.4334629988487939,-0.02714959443208974
hard_scramble,normal,0.275,0.5,-0.22499999999999998,13,0.28,0.28,7,25,25,0,0,0.0,0.0,True,0.7733726476231317,1.0,1.0,meta-llama/llama-3.3-70b-instruct,pure,0.6257023858588137,0.526660525302204,0.3985636712969675,0.2760645168315385
hard_scramble,normal,0.275,0.5,-0.22499999999999998,15,0.36,0.36,9,25,25,0,0,0.0,0.0,True,0.7733726476231317,1.0,1.0,meta-llama/llama-3.3-70b-instruct,pure,0.5765473150879585,0.40271337985270217,0.439714912309565,-0.05042065678220689
hard_scramble,normal,0.275,0.5,-0.22499999999999998,14,0.28,0.28,7,25,25,0,0,0.0,0.0,True,0.7733726476231317,1.0,1.0,meta-llama/llama-3.3-70b-instruct,pure,0.5864986846869988,0.5006571509901495,0.43075045691832037,0.026003283595957574
hard_scramble,normal,0.275,0.5,-0.22499999999999998,16,0.2,0.2,5,25,25,0,0,0.0,0.0,False,0.7733726476231317,1.0,1.0,meta-llama/llama-3.3-70b-instruct,pure,0.6056730789015021,0.47399329026390546,0.4163061568069172,0.12650988419249934
hard_scramble,normal,0.275,0.5,-0.22499999999999998,17,0.28,0.28,7,25,25,0,0,0.0,0.0,True,0.7733726476231317,1.0,1.0,meta-llama/llama-3.3-70b-instruct,pure,0.5988554051521904,0.46158427762675935,0.4212133365967074,0.09410651181242187
hard_scramble,normal,0.275,0.5,-0.22499999999999998,18,0.28,0.28,7,25,25,0,0,0.0,0.0,True,0.7733726476231317,1.0,1.0,meta-llama/llama-3.3-70b-instruct,pure,0.5779294129910693,0.41505807184935245,0.4385289473965158,-0.03956831191766837
hard_scramble,normal,0.275,0.5,-0.22499999999999998,19,0.28,0.28,7,25,25,0,0,0.0,0.0,True,0.7733726476231317,1.0,1.0,meta-llama/llama-3.3-70b-instruct,pure,0.5563239736247296,0.4999717798845297,0.4549852824362276,-0.1520801721038096
hard_scramble,normal,0.275,0.5,-0.22499999999999998,20,0.12,0.12,3,25,25,0,0,0.0,0.0,False,0.7733726476231317,1.0,1.0,meta-llama/llama-3.3-70b-instruct,pure,0.6227519079054293,0.45472427215885164,0.4039193071854951,0.1978281801569159
hard_scramble,normal,0.275,0.5,-0.22499999999999998,21,0.28,0.28,7,25,25,0,0,0.0,0.0,True,0.7733726476231317,1.0,1.0,meta-llama/llama-3.3-70b-instruct,pure,0.5818754212239884,0.3972923803286573,0.4362459533848477,-0.03400140446151051
hard_scramble,normal,0.275,0.5,-0.22499999999999998,25,0.24,0.24,6,25,25,0,0,0.0,0.0,False,0.7733726476231317,1.0,1.0,meta-llama/llama-3.3-70b-instruct,pure,0.5931348811057809,0.5038998598337309,0.4266024782571433,0.042429997267712426
hard_scramble,normal,0.275,0.5,-0.22499999999999998,22,0.32,0.32,8,25,25,0,0,0.0,0.0,True,0.7733726476231317,1.0,1.0,meta-llama/llama-3.3-70b-instruct,pure,0.5734564654415691,0.4192139290276093,0.44304745198697254,-0.08545061745502823
hard_scramble,normal,0.275,0.5,-0.22499999999999998,24,0.4,0.4,10,25,25,0,0,0.0,0.0,True,0.7733726476231317,1.0,1.0,meta-llama/llama-3.3-70b-instruct,pure,0.5741532181910369,0.35954179234739947,0.44115647383354356,-0.050434678106682555
hard_scramble,normal,0.275,0.5,-0.22499999999999998,23,0.44,0.44,11,25,25,0,0,0.0,0.0,True,0.7733726476231317,1.0,1.0,meta-llama/llama-3.3-70b-instruct,pure,0.5423540277722424,0.5490245363563525,0.4664060067990473,-0.2364841741353046
hard_scramble,normal,0.275,0.5,-0.22499999999999998,28,0.2,0.2,5,25,25,0,0,0.0,0.0,False,0.7733726476231317,1.0,1.0,meta-llama/llama-3.3-70b-instruct,pure,0.5711093769040556,0.5112517820899395,0.4447769886326109,-0.09510612775427595
hard_scramble,normal,0.275,0.5,-0.22499999999999998,26,0.36,0.36,9,25,25,0,0,0.0,0.0,True,0.7733726476231317,1.0,1.0,meta-llama/llama-3.3-70b-instruct,pure,0.5673065567783516,0.4100336299534113,0.4460136878573593,-0.08399430867137413
hard_scramble,normal,0.275,0.5,-0.22499999999999998,27,0.2,0.2,5,25,25,0,0,0.0,0.0,False,0.7733726476231317,1.0,1.0,meta-llama/llama-3.3-70b-instruct,pure,0.5987847845359302,0.5206702088624112,0.42070166913762785,0.10709370094584618
hard_scramble,normal,0.275,0.5,-0.22499999999999998,29,0.32,0.32,8,25,25,0,0,0.0,0.0,True,0.7733726476231317,1.0,1.0,meta-llama/llama-3.3-70b-instruct,pure,0.5667671861587835,0.5081302045244468,0.4471742473244318,-0.09818097492954368
hard_scramble,normal,0.35000000000000003,0.5,-0.14999999999999997,0,0.2,0.2,5,25,25,0,0,0.0,0.0,False,0.691462461274013,1.0,1.0,meta-llama/llama-3.3-70b-instruct,pure,0.5954329629475162,0.4773953708992193,0.42486906840356026,0.05500969871380032
hard_scramble,normal,0.35000000000000003,0.5,-0.14999999999999997,1,0.28,0.28,7,25,25,0,0,0.0,0.0,False,0.691462461274013,1.0,1.0,meta-llama/llama-3.3-70b-instruct,pure,0.5457912822513701,0.3548588961827508,0.46475347903806047,-0.2394985841068912
hard_scramble,normal,0.35000000000000003,0.5,-0.14999999999999997,2,0.28,0.28,7,25,25,0,0,0.0,0.0,False,0.691462461274013,1.0,1.0,meta-llama/llama-3.3-70b-instruct,pure,0.5712209839083243,0.4324804273571559,0.44450292384179024,-0.09229192091102162
hard_scramble,normal,0.35000000000000003,0.5,-0.14999999999999997,3,0.28,0.28,7,25,25,0,0,0.0,0.0,False,0.691462461274013,1.0,1.0,meta-llama/llama-3.3-70b-instruct,pure,0.5934926735815325,0.4456020346756042,0.42657446456076686,0.04480952089073435
hard_scramble,normal,0.35000000000000003,0.5,-0.14999999999999997,4,0.08,0.08,2,25,25,0,0,0.0,0.0,False,0.691462461274013,1.0,1.0,meta-llama/llama-3.3-70b-instruct,pure,0.6552530491661506,0.6065249957400315,0.37465186437869014,0.46974135341467593
hard_scramble,normal,0.35000000000000003,0.5,-0.14999999999999997,6,0.24,0.24,6,25,25,0,0,0.0,0.0,False,0.691462461274013,1.0,1.0,meta-llama/llama-3.3-70b-instruct,pure,0.5787865885438608,0.4299330898183753,0.4382120374579369,-0.038103172174750864
hard_scramble,normal,0.35000000000000003,0.5,-0.14999999999999997,5,0.16,0.16,4,25,25,0,0,0.0,0.0,False,0.691462461274013,1.0,1.0,meta-llama/llama-3.3-70b-instruct,pure,0.5816467202192162,0.42454979862177217,0.435139002504339,-0.011405967148959363
hard_scramble,normal,0.35000000000000003,0.5,-0.14999999999999997,8,0.28,0.28,7,25,25,0,0,0.0,0.0,False,0.691462461274013,1.0,1.0,meta-llama/llama-3.3-70b-instruct,pure,0.6301862852052603,0.5917301790253631,0.3954557020758363,0.28983216178687476
hard_scramble,normal,0.35000000000000003,0.5,-0.14999999999999997,9,0.36,0.36,9,25,25,0,0,0.0,0.0,True,0.691462461274013,1.0,1.0,meta-llama/llama-3.3-70b-instruct,pure,0.5294700296797866,0.5382962143037201,0.4756051187107828,-0.2947783584087905
hard_scramble,normal,0.35000000000000003,0.5,-0.14999999999999997,14,0.2,0.2,5,25,25,0,0,0.0,0.0,False,0.691462461274013,1.0,1.0,meta-llama/llama-3.3-70b-instruct,pure,0.6389229575679316,0.5693116288336217,0.3892646070776194,0.326834681107185
hard_scramble,normal,0.35000000000000003,0.5,-0.14999999999999997,7,0.48,0.48,12,25,25,0,0,0.0,0.0,True,0.691462461274013,1.0,1.0,meta-llama/llama-3.3-70b-instruct,pure,0.5377296806405941,0.44458180459517954,0.468810183829223,-0.24374258865949147
hard_scramble,normal,0.35000000000000003,0.5,-0.14999999999999997,11,0.24,0.24,6,25,25,0,0,0.0,0.0,False,0.691462461274013,1.0,1.0,meta-llama/llama-3.3-70b-instruct,pure,0.5962819851749767,0.46618165291017705,0.4230010638182958,0.08229469517640801
hard_scramble,normal,0.35000000000000003,0.5,-0.14999999999999997,12,0.32,0.32,8,25,25,0,0,0.0,0.0,False,0.691462461274013,1.0,1.0,meta-llama/llama-3.3-70b-instruct,pure,0.541947690079264,0.42715060739238636,0.46719897255601067,-0.25064554126294203
hard_scramble,normal,0.35000000000000003,0.5,-0.14999999999999997,10,0.2,0.2,5,25,25,0,0,0.0,0.0,False,0.691462461274013,1.0,1.0,meta-llama/llama-3.3-70b-instruct,pure,0.6550593887857744,0.5815361533680876,0.37330040165004086,0.5052775981298475
hard_scramble,normal,0.35000000000000003,0.5,-0.14999999999999997,17,0.32,0.32,8,25,25,0,0,0.0,0.0,False,0.691462461274013,1.0,1.0,meta-llama/llama-3.3-70b-instruct,pure,0.5909107928365044,0.44533983066522126,0.4273485936556955,0.04922092248011057
hard_scramble,normal,0.35000000000000003,0.5,-0.14999999999999997,15,0.2,0.2,5,25,25,0,0,0.0,0.0,False,0.691462461274013,1.0,1.0,meta-llama/llama-3.3-70b-instruct,pure,0.6183440162033742,0.5142424582879014,0.40499288865107963,0.22203410815121635
hard_scramble,normal,0.35000000000000003,0.5,-0.14999999999999997,13,0.2,0.2,5,25,25,0,0,0.0,0.0,False,0.691462461274013,1.0,1.0,meta-llama/llama-3.3-70b-instruct,pure,0.6251035958888352,0.5376734909369725,0.39965958740646434,0.2606708217828611
hard_scramble,normal,0.35000000000000003,0.5,-0.14999999999999997,16,0.32,0.32,8,25,25,0,0,0.0,0.0,False,0.691462461274013,1.0,1.0,meta-llama/llama-3.3-70b-instruct,pure,0.5776080420668439,0.5085431820112525,0.43856344677086717,-0.03876259245679959
hard_scramble,normal,0.35000000000000003,0.5,-0.14999999999999997,18,0.24,0.24,6,25,25,0,0,0.0,0.0,False,0.691462461274013,1.0,1.0,meta-llama/llama-3.3-70b-instruct,pure,0.6522052905083355,0.5660758482906034,0.37934271571355366,0.39409843647386167
hard_scramble,normal,0.35000000000000003,0.5,-0.14999999999999997,19,0.28,0.28,7,25,25,0,0,0.0,0.0,False,0.691462461274013,1.0,1.0,meta-llama/llama-3.3-70b-instruct,pure,0.6036147024069288,0.4056539195929477,0.4184764709705121,0.0998146144816675
hard_scramble,normal,0.35000000000000003,0.5,-0.14999999999999997,21,0.2,0.2,5,25,25,0,0,0.0,0.0,False,0.691462461274013,1.0,1.0,meta-llama/llama-3.3-70b-instruct,pure,0.632084501707225,0.459708441801249,0.39382999770568666,0.3107711510332564
hard_scramble,normal,0.35000000000000003,0.5,-0.14999999999999997,20,0.24,0.24,6,25,25,0,0,0.0,0.0,False,0.691462461274013,1.0,1.0,meta-llama/llama-3.3-70b-instruct,pure,0.6305333311790368,0.461065920619207,0.3974409653963819,0.25124259029108
hard_scramble,normal,0.35000000000000003,0.5,-0.14999999999999997,22,0.44,0.44,11,25,25,0,0,0.0,0.0,True,0.691462461274013,1.0,1.0,meta-llama/llama-3.3-70b-instruct,pure,0.5524078686210658,0.4404992977810012,0.4569224308199388,-0.15175925341070698
hard_scramble,normal,0.35000000000000003,0.5,-0.14999999999999997,23,0.2,0.2,5,25,25,0,0,0.0,0.0,False,0.691462461274013,1.0,1.0,meta-llama/llama-3.3-70b-instruct,pure,0.6534893525705004,0.4994202121601871,0.37907112760177214,0.3831989562287875
hard_scramble,normal,0.35000000000000003,0.5,-0.14999999999999997,24,0.28,0.28,7,25,25,0,0,0.0,0.0,False,0.691462461274013,1.0,1.0,meta-llama/llama-3.3-70b-instruct,pure,0.606653647164476,0.37746742111818327,0.41775375988900676,0.08700849558250084
hard_scramble,normal,0.35000000000000003,0.5,-0.14999999999999997,26,0.28,0.28,7,25,25,0,0,0.0,0.0,False,0.691462461274013,1.0,1.0,meta-llama/llama-3.3-70b-instruct,pure,0.5600641954509311,0.4258317064005621,0.451140981270124,-0.1063143510239834
hard_scramble,normal,0.35000000000000003,0.5,-0.14999999999999997,25,0.32,0.32,8,25,25,0,0,0.0,0.0,False,0.691462461274013,1.0,1.0,meta-llama/llama-3.3-70b-instruct,pure,0.5594255533626717,0.521630424083596,0.45231419519440225,-0.1315493741098498
hard_scramble,normal,0.35000000000000003,0.5,-0.14999999999999997,27,0.28,0.28,7,25,25,0,0,0.0,0.0,False,0.691462461274013,1.0,1.0,meta-llama/llama-3.3-70b-instruct,pure,0.6241604985765721,0.6256729579834864,0.39982276524115096,0.2658378236749572
hard_scramble,normal,0.35000000000000003,0.5,-0.14999999999999997,29,0.44,0.44,11,25,25,0,0,0.0,0.0,True,0.691462461274013,1.0,1.0,meta-llama/llama-3.3-70b-instruct,pure,0.5454557699578911,0.5491249676884444,0.4624768777678257,-0.18820926088713832
hard_scramble,normal,0.42500000000000004,0.5,-0.07499999999999996,1,0.32,0.32,8,25,25,0,0,0.0,0.0,False,0.5987063256829237,1.0,1.0,meta-llama/llama-3.3-70b-instruct,pure,0.5909979407271672,0.48752970018271236,0.4267934567971055,0.062041229869933316
hard_scramble,normal,0.42500000000000004,0.5,-0.07499999999999996,0,0.28,0.28,7,25,25,0,0,0.0,0.0,False,0.5987063256829237,1.0,1.0,meta-llama/llama-3.3-70b-instruct,pure,0.5549697923299786,0.40560399858048973,0.4579786976023136,-0.19722468030432266
hard_scramble,normal,0.42500000000000004,0.5,-0.07499999999999996,2,0.2,0.2,5,25,25,0,0,0.0,0.0,False,0.5987063256829237,1.0,1.0,meta-llama/llama-3.3-70b-instruct,pure,0.6055911558242838,0.5495302237983082,0.4173932247348079,0.10345804585846792
hard_scramble,normal,0.35000000000000003,0.5,-0.14999999999999997,28,0.28,0.28,7,25,25,0,0,0.0,0.0,False,0.691462461274013,1.0,1.0,meta-llama/llama-3.3-70b-instruct,pure,0.5689098898867821,0.3695735681125458,0.4454057172110478,-0.08715617673819206
hard_scramble,normal,0.42500000000000004,0.5,-0.07499999999999996,4,0.24,0.24,6,25,25,0,0,0.0,0.0,False,0.5987063256829237,1.0,1.0,meta-llama/llama-3.3-70b-instruct,pure,0.6232310225456785,0.5402340678614999,0.4017599066652341,0.23374396928305693
hard_scramble,normal,0.42500000000000004,0.5,-0.07499999999999996,5,0.6,0.6,15,25,25,0,0,0.0,0.0,True,0.5987063256829237,1.0,1.0,meta-llama/llama-3.3-70b-instruct,pure,0.5004836229408451,0.451390702268223,0.49695391045393156,-0.42056409499411956
hard_scramble,normal,0.42500000000000004,0.5,-0.07499999999999996,3,0.32,0.32,8,25,25,0,0,0.0,0.0,False,0.5987063256829237,1.0,1.0,meta-llama/llama-3.3-70b-instruct,pure,0.5798232726824529,0.4137886604046741,0.4370215794521544,-0.029131395363984233
hard_scramble,normal,0.42500000000000004,0.5,-0.07499999999999996,7,0.32,0.32,8,25,25,0,0,0.0,0.0,False,0.5987063256829237,1.0,1.0,meta-llama/llama-3.3-70b-instruct,pure,0.6017344823104335,0.45796603069014735,0.41857631504442383,0.11552877826624691
hard_scramble,normal,0.42500000000000004,0.5,-0.07499999999999996,6,0.2,0.2,5,25,25,0,0,0.0,0.0,False,0.5987063256829237,1.0,1.0,meta-llama/llama-3.3-70b-instruct,pure,0.5979775044390122,0.4880614791466302,0.4229987910910234,0.067955102359409
hard_scramble,normal,0.42500000000000004,0.5,-0.07499999999999996,8,0.2,0.2,5,25,25,0,0,0.0,0.0,False,0.5987063256829237,1.0,1.0,meta-llama/llama-3.3-70b-instruct,pure,0.5949080542428731,0.39783304924317053,0.4239112549513506,0.08183716278062049
hard_scramble,normal,0.42500000000000004,0.5,-0.07499999999999996,10,0.36,0.36,9,25,25,0,0,0.0,0.0,False,0.5987063256829237,1.0,1.0,meta-llama/llama-3.3-70b-instruct,pure,0.5503904061694841,0.5225719017330533,0.461430747851214,-0.21926508373901446
hard_scramble,normal,0.42500000000000004,0.5,-0.07499999999999996,9,0.28,0.28,7,25,25,0,0,0.0,0.0,False,0.5987063256829237,1.0,1.0,meta-llama/llama-3.3-70b-instruct,pure,0.5709391098977677,0.48776364383282245,0.4439413330220729,-0.07875992024513569
hard_scramble,normal,0.42500000000000004,0.5,-0.07499999999999996,17,0.28,0.28,7,25,25,0,0,0.0,0.0,False,0.5987063256829237,1.0,1.0,meta-llama/llama-3.3-70b-instruct,pure,0.6379101341697853,0.5141278936319074,0.3913674722491842,0.2960622887977689
hard_scramble,normal,0.42500000000000004,0.5,-0.07499999999999996,21,0.36,0.36,9,25,25,0,0,0.0,0.0,False,0.5987063256829237,1.0,1.0,meta-llama/llama-3.3-70b-instruct,pure,0.5731273632900546,0.42180515774979555,0.44020278906097876,-0.026081547823480048
hard_scramble,normal,0.42500000000000004,0.5,-0.07499999999999996,20,0.24,0.24,6,25,25,0,0,0.0,0.0,False,0.5987063256829237,1.0,1.0,meta-llama/llama-3.3-70b-instruct,pure,0.6245340276022009,0.5308296422636345,0.4015206202157832,0.22929974281974275
hard_scramble,normal,0.42500000000000004,0.5,-0.07499999999999996,22,0.16,0.16,4,25,25,0,0,0.0,0.0,False,0.5987063256829237,1.0,1.0,meta-llama/llama-3.3-70b-instruct,pure,0.6168453842634724,0.46171732569777857,0.4078554402172674,0.1796722871381595
hard_scramble,normal,0.42500000000000004,0.5,-0.07499999999999996,15,0.24,0.24,6,25,25,0,0,0.0,0.0,False,0.5987063256829237,1.0,1.0,meta-llama/llama-3.3-70b-instruct,pure,0.619935823771794,0.5221788815281371,0.4076593174334187,0.15551263427576703
hard_scramble,normal,0.42500000000000004,0.5,-0.07499999999999996,23,0.36,0.36,9,25,25,0,0,0.0,0.0,False,0.5987063256829237,1.0,1.0,meta-llama/llama-3.3-70b-instruct,pure,0.5625553703779849,0.42196885427100694,0.4512301476498849,-0.13974562143461525
hard_scramble,normal,0.42500000000000004,0.5,-0.07499999999999996,19,0.32,0.32,8,25,25,0,0,0.0,0.0,False,0.5987063256829237,1.0,1.0,meta-llama/llama-3.3-70b-instruct,pure,0.6252986243058676,0.5563140725696555,0.3985372627468367,0.2804884885793392
hard_scramble,normal,0.42500000000000004,0.5,-0.07499999999999996,25,0.08,0.08,2,25,25,0,0,0.0,0.0,False,0.5987063256829237,1.0,1.0,meta-llama/llama-3.3-70b-instruct,pure,0.6375551602286935,0.5627734244042216,0.3911042316036825,0.30425438089925566
hard_scramble,normal,0.42500000000000004,0.5,-0.07499999999999996,12,0.4,0.4,10,25,25,0,0,0.0,0.0,False,0.5987063256829237,1.0,1.0,meta-llama/llama-3.3-70b-instruct,pure,0.534061258927784,0.357325492247238,0.4731249701657811,-0.2890191653196412
hard_scramble,normal,0.42500000000000004,0.5,-0.07499999999999996,11,0.36,0.36,9,25,25,0,0,0.0,0.0,False,0.5987063256829237,1.0,1.0,meta-llama/llama-3.3-70b-instruct,pure,0.5382005073296123,0.40721727677847247,0.4694456128991141,-0.25504423005411436
hard_scramble,normal,0.42500000000000004,0.5,-0.07499999999999996,24,0.4,0.4,10,25,25,0,0,0.0,0.0,False,0.5987063256829237,1.0,1.0,meta-llama/llama-3.3-70b-instruct,pure,0.5476162920200897,0.4393772991354992,0.4623723859493871,-0.21334789120060083
hard_scramble,normal,0.42500000000000004,0.5,-0.07499999999999996,13,0.2,0.2,5,25,25,0,0,0.0,0.0,False,0.5987063256829237,1.0,1.0,meta-llama/llama-3.3-70b-instruct,pure,0.6005997390966878,0.5433125751900869,0.4196226907410233,0.11342040219556872
hard_scramble,normal,0.42500000000000004,0.5,-0.07499999999999996,16,0.32,0.32,8,25,25,0,0,0.0,0.0,False,0.5987063256829237,1.0,1.0,meta-llama/llama-3.3-70b-instruct,pure,0.5621568457637582,0.4464756146155292,0.45145399385740276,-0.13985657707795734
hard_scramble,normal,0.42500000000000004,0.5,-0.07499999999999996,18,0.24,0.24,6,25,25,0,0,0.0,0.0,False,0.5987063256829237,1.0,1.0,meta-llama/llama-3.3-70b-instruct,pure,0.5908508266952607,0.4708317366100129,0.4292758793249707,0.016514244939347646
hard_scramble,normal,0.42500000000000004,0.5,-0.07499999999999996,14,0.16,0.16,4,25,25,0,0,0.0,0.0,False,0.5987063256829237,1.0,1.0,meta-llama/llama-3.3-70b-instruct,pure,0.6364881115102858,0.4811093150836758,0.39307690693055763,0.27639129290622216
hard_scramble,normal,0.42500000000000004,0.5,-0.07499999999999996,28,0.28,0.28,7,25,25,0,0,0.0,0.0,False,0.5987063256829237,1.0,1.0,meta-llama/llama-3.3-70b-instruct,pure,0.5997999753299447,0.41635993847704733,0.42125881322783454,0.08341418578243359
hard_scramble,normal,0.42500000000000004,0.5,-0.07499999999999996,26,0.28,0.28,7,25,25,0,0,0.0,0.0,False,0.5987063256829237,1.0,1.0,meta-llama/llama-3.3-70b-instruct,pure,0.5601499037038656,0.5337533667578109,0.4524264184811443,-0.14013040904484617
hard_scramble,normal,0.42500000000000004,0.5,-0.07499999999999996,27,0.24,0.24,6,25,25,0,0,0.0,0.0,False,0.5987063256829237,1.0,1.0,meta-llama/llama-3.3-70b-instruct,pure,0.6221871524961047,0.5627959862123848,0.4029734354275801,0.22390214121393556
hard_scramble,normal,0.42500000000000004,0.5,-0.07499999999999996,29,0.16,0.16,4,25,25,0,0,0.0,0.0,False,0.5987063256829237,1.0,1.0,meta-llama/llama-3.3-70b-instruct,pure,0.5946066294412568,0.431135338127363,0.4250937951183972,0.059102155805979564
hard_scramble,normal,0.5,0.5,0.0,1,0.12,0.12,3,25,25,0,0,0.0,0.0,False,0.5,1.0,1.0,meta-llama/llama-3.3-70b-instruct,pure,0.617318973864929,0.6026969236785262,0.40768265245586327,0.17775621365105812
hard_scramble,normal,0.5,0.5,0.0,2,0.24,0.24,6,25,25,0,0,0.0,0.0,False,0.5,1.0,1.0,meta-llama/llama-3.3-70b-instruct,pure,0.6196295518416577,0.5255388138036163,0.40555033397723045,0.19719233319085053
hard_scramble,normal,0.5,0.5,0.0,3,0.36,0.36,9,25,25,0,0,0.0,0.0,False,0.5,1.0,1.0,meta-llama/llama-3.3-70b-instruct,pure,0.587832570685287,0.5692965509487871,0.42968820450436435,0.036336921963457364
hard_scramble,normal,0.5,0.5,0.0,5,0.24,0.24,6,25,25,0,0,0.0,0.0,False,0.5,1.0,1.0,meta-llama/llama-3.3-70b-instruct,pure,0.5366364665332516,0.4922882185459542,0.47042005110115714,-0.26404436452911806
hard_scramble,normal,0.5,0.5,0.0,0,0.32,0.32,8,25,25,0,0,0.0,0.0,False,0.5,1.0,1.0,meta-llama/llama-3.3-70b-instruct,pure,0.6115248235778126,0.4853554771097342,0.4108468488717275,0.17058564793433312
hard_scramble,normal,0.5,0.5,0.0,6,0.2,0.2,5,25,25,0,0,0.0,0.0,False,0.5,1.0,1.0,meta-llama/llama-3.3-70b-instruct,pure,0.6087199914867915,0.5495087406598953,0.4143734030669515,0.13342553098962273
hard_scramble,normal,0.5,0.5,0.0,7,0.32,0.32,8,25,25,0,0,0.0,0.0,False,0.5,1.0,1.0,meta-llama/llama-3.3-70b-instruct,pure,0.5686140115473656,0.38414710358435783,0.4472628450148438,-0.11948006986594006
hard_scramble,normal,0.5,0.5,0.0,9,0.28,0.28,7,25,25,0,0,0.0,0.0,False,0.5,1.0,1.0,meta-llama/llama-3.3-70b-instruct,pure,0.5505405037607768,0.49352379518424755,0.46116282457289715,-0.21521920841524456
hard_scramble,normal,0.5,0.5,0.0,8,0.2,0.2,5,25,25,0,0,0.0,0.0,False,0.5,1.0,1.0,meta-llama/llama-3.3-70b-instruct,pure,0.5779399081663,0.4248912362262163,0.4395654935879369,-0.06095629750012609
hard_scramble,normal,0.5,0.5,0.0,10,0.32,0.32,8,25,25,0,0,0.0,0.0,False,0.5,1.0,1.0,meta-llama/llama-3.3-70b-instruct,pure,0.5403831423449147,0.3479629743665724,0.4693313812782457,-0.27526897842903447
hard_scramble,normal,0.5,0.5,0.0,11,0.48,0.48,12,25,25,0,0,0.0,0.0,False,0.5,1.0,1.0,meta-llama/llama-3.3-70b-instruct,pure,0.505685795110845,0.48423347808570727,0.49561452275226736,-0.45290087303563437
hard_scramble,normal,0.5,0.5,0.0,4,0.2,0.2,5,25,25,0,0,0.0,0.0,False,0.5,1.0,1.0,meta-llama/llama-3.3-70b-instruct,pure,0.6194019546011573,0.49716658173328954,0.4020456746574268,0.28365180693286857
hard_scramble,normal,0.5,0.5,0.0,12,0.2,0.2,5,25,25,0,0,0.0,0.0,False,0.5,1.0,1.0,meta-llama/llama-3.3-70b-instruct,pure,0.662940630952791,0.6858923484134415,0.3704394061261827,0.46424405349084064
hard_scramble,normal,0.5,0.5,0.0,13,0.44,0.44,11,25,25,0,0,0.0,0.0,False,0.5,1.0,1.0,meta-llama/llama-3.3-70b-instruct,pure,0.5811224440592678,0.4179264354481782,0.4348622156542866,0.0012452878505330035
hard_scramble,normal,0.5,0.5,0.0,14,0.36,0.36,9,25,25,0,0,0.0,0.0,False,0.5,1.0,1.0,meta-llama/llama-3.3-70b-instruct,pure,0.570105802763522,0.40614672492814363,0.4452809555533932,-0.09410360998952695
hard_scramble,normal,0.5,0.5,0.0,17,0.12,0.12,3,25,25,0,0,0.0,0.0,False,0.5,1.0,1.0,meta-llama/llama-3.3-70b-instruct,pure,0.6353750297886556,0.5212893455982295,0.39418423321707896,0.26676401130144706
hard_scramble,normal,0.5,0.5,0.0,20,0.2,0.2,5,25,25,0,0,0.0,0.0,False,0.5,1.0,1.0,meta-llama/llama-3.3-70b-instruct,pure,0.6175610621707976,0.47986090958970257,0.407172516732123,0.18515744308794854
hard_scramble,normal,0.5,0.5,0.0,16,0.24,0.24,6,25,25,0,0,0.0,0.0,False,0.5,1.0,1.0,meta-llama/llama-3.3-70b-instruct,pure,0.5905998441064064,0.5218778113195135,0.42867117248930925,0.027169283246920202
hard_scramble,normal,0.5,0.5,0.0,21,0.36,0.36,9,25,25,0,0,0.0,0.0,False,0.5,1.0,1.0,meta-llama/llama-3.3-70b-instruct,pure,0.6062356242886316,0.4585890832446771,0.4154828693409459,0.13493845376682545
hard_scramble,normal,0.5,0.5,0.0,19,0.32,0.32,8,25,25,0,0,0.0,0.0,False,0.5,1.0,1.0,meta-llama/llama-3.3-70b-instruct,pure,0.5689030878770576,0.423269467792991,0.44555210055889616,-0.09079430235001876
hard_scramble,normal,0.5,0.5,0.0,18,0.2,0.2,5,25,25,0,0,0.0,0.0,False,0.5,1.0,1.0,meta-llama/llama-3.3-70b-instruct,pure,0.5921801686401118,0.43766513660674117,0.4289199751927893,0.010020133548322064
hard_scramble,normal,0.5,0.5,0.0,15,0.24,0.24,6,25,25,0,0,0.0,0.0,False,0.5,1.0,1.0,meta-llama/llama-3.3-70b-instruct,pure,0.597882070906678,0.5071459002617824,0.42340767841934474,0.05955403922461706
hard_scramble,normal,0.5,0.5,0.0,22,0.28,0.28,7,25,25,0,0,0.0,0.0,False,0.5,1.0,1.0,meta-llama/llama-3.3-70b-instruct,pure,0.5331871404860891,0.35807714340896035,0.47278296008621473,-0.27047346402933475
hard_scramble,normal,0.5,0.5,0.0,23,0.28,0.28,7,25,25,0,0,0.0,0.0,False,0.5,1.0,1.0,meta-llama/llama-3.3-70b-instruct,pure,0.5964223772346121,0.5038491072726631,0.4216901514405416,0.11066651038709771
hard_scramble,normal,0.5,0.5,0.0,24,0.32,0.32,8,25,25,0,0,0.0,0.0,False,0.5,1.0,1.0,meta-llama/llama-3.3-70b-instruct,pure,0.5765608636370092,0.5413901586201884,0.43909302047831567,-0.039763951401125895
hard_scramble,normal,0.5,0.5,0.0,25,0.32,0.32,8,25,25,0,0,0.0,0.0,False,0.5,1.0,1.0,meta-llama/llama-3.3-70b-instruct,pure,0.619404156699901,0.5979350533406472,0.40396925738097805,0.2291633057979087
hard_scramble,normal,0.5,0.5,0.0,27,0.24,0.24,6,25,25,0,0,0.0,0.0,False,0.5,1.0,1.0,meta-llama/llama-3.3-70b-instruct,pure,0.5698545125502574,0.5492256105762738,0.44431509488500814,-0.07370992420892279
hard_scramble,normal,0.5,0.5,0.0,26,0.28,0.28,7,25,25,0,0,0.0,0.0,False,0.5,1.0,1.0,meta-llama/llama-3.3-70b-instruct,pure,0.570518484398269,0.4677794489703957,0.4451495761301083,-0.09668015797101596
hard_scramble,normal,0.5,0.5,0.0,28,0.12,0.12,3,25,25,0,0,0.0,0.0,False,0.5,1.0,1.0,meta-llama/llama-3.3-70b-instruct,pure,0.6456664806331055,0.5860223435412181,0.3837911491887013,0.36929148785364674
hard_scramble,normal,0.5,0.5,0.0,29,0.2,0.2,5,25,25,0,0,0.0,0.0,False,0.5,1.0,1.0,meta-llama/llama-3.3-70b-instruct,pure,0.6110110607760441,0.592614125068214,0.409753422665914,0.20068055036114127
hard_scramble,normal,0.5750000000000001,0.5,0.07500000000000007,0,0.24,0.24,6,25,25,0,0,0.0,0.0,False,0.4012936743170762,1.0,1.0,meta-llama/llama-3.3-70b-instruct,pure,0.5528665769524167,0.37838038182374767,0.45763397067222156,-0.17130294639529894
hard_scramble,normal,0.5750000000000001,0.5,0.07500000000000007,1,0.28,0.28,7,25,25,0,0,0.0,0.0,False,0.4012936743170762,1.0,1.0,meta-llama/llama-3.3-70b-instruct,pure,0.5765939184760247,0.40725970181697135,0.43900255201351046,-0.039580587897241434
hard_scramble,normal,0.5750000000000001,0.5,0.07500000000000007,2,0.36,0.36,9,25,25,0,0,0.0,0.0,False,0.4012936743170762,1.0,1.0,meta-llama/llama-3.3-70b-instruct,pure,0.5491629646516247,0.4698094068721236,0.4614027028003525,-0.20795527061070587
hard_scramble,normal,0.5750000000000001,0.5,0.07500000000000007,4,0.12,0.12,3,25,25,0,0,0.0,0.0,False,0.4012936743170762,1.0,1.0,meta-llama/llama-3.3-70b-instruct,pure,0.6536940332972213,0.5516561317222357,0.3798528879978286,0.36826875223291666
hard_scramble,normal,0.5750000000000001,0.5,0.07500000000000007,3,0.4,0.4,10,25,25,0,0,0.0,0.0,False,0.4012936743170762,1.0,1.0,meta-llama/llama-3.3-70b-instruct,pure,0.5665837482726389,0.44057529011309604,0.44749187662828616,-0.10690284421099064
hard_scramble,normal,0.5750000000000001,0.5,0.07500000000000007,5,0.44,0.44,11,25,25,0,0,0.0,0.0,False,0.4012936743170762,1.0,1.0,meta-llama/llama-3.3-70b-instruct,pure,0.5819040208130375,0.4304458204666915,0.43554227724798805,-0.021875898718005386
hard_scramble,normal,0.5750000000000001,0.5,0.07500000000000007,7,0.2,0.2,5,25,25,0,0,0.0,0.0,False,0.4012936743170762,1.0,1.0,meta-llama/llama-3.3-70b-instruct,pure,0.56354468077124,0.42390744781780393,0.44917124736888764,-0.10750024113204901
hard_scramble,normal,0.5750000000000001,0.5,0.07500000000000007,6,0.28,0.28,7,25,25,0,0,0.0,0.0,False,0.4012936743170762,1.0,1.0,meta-llama/llama-3.3-70b-instruct,pure,0.5347989264066418,0.3479531827537039,0.4720775357426003,-0.2755812387224798
hard_scramble,normal,0.5750000000000001,0.5,0.07500000000000007,8,0.12,0.12,3,25,25,0,0,0.0,0.0,False,0.4012936743170762,1.0,1.0,meta-llama/llama-3.3-70b-instruct,pure,0.6288735002400904,0.5291354829921008,0.39608718034948126,0.29564214131722044
hard_scramble,normal,0.5750000000000001,0.5,0.07500000000000007,10,0.28,0.28,7,25,25,0,0,0.0,0.0,False,0.4012936743170762,1.0,1.0,meta-llama/llama-3.3-70b-instruct,pure,0.5494598935163753,0.5286206774443231,0.46208038219512043,-0.22329078352905224
hard_scramble,normal,0.5750000000000001,0.5,0.07500000000000007,9,0.16,0.16,4,25,25,0,0,0.0,0.0,False,0.4012936743170762,1.0,1.0,meta-llama/llama-3.3-70b-instruct,pure,0.6183830510289015,0.48080425487379513,0.4066660785487644,0.1883898708763533
hard_scramble,normal,0.5750000000000001,0.5,0.07500000000000007,11,0.28,0.28,7,25,25,0,0,0.0,0.0,False,0.4012936743170762,1.0,1.0,meta-llama/llama-3.3-70b-instruct,pure,0.5914688453082113,0.459849443301157,0.4281780939982628,0.02819380074845581
hard_scramble,normal,0.5750000000000001,0.5,0.07500000000000007,12,0.24,0.24,6,25,25,0,0,0.0,0.0,False,0.4012936743170762,1.0,1.0,meta-llama/llama-3.3-70b-instruct,pure,0.6008733111731945,0.4210051197962358,0.42069802455161126,0.08427718971726236
hard_scramble,normal,0.5750000000000001,0.5,0.07500000000000007,14,0.2,0.2,5,25,25,0,0,0.0,0.0,False,0.4012936743170762,1.0,1.0,meta-llama/llama-3.3-70b-instruct,pure,0.6187674697572781,0.48078919768095557,0.40602750503917995,0.19548224249335802
hard_scramble,normal,0.5750000000000001,0.5,0.07500000000000007,13,0.24,0.24,6,25,25,0,0,0.0,0.0,False,0.4012936743170762,1.0,1.0,meta-llama/llama-3.3-70b-instruct,pure,0.5601900018352475,0.3446927332400252,0.4504103426997604,-0.09074942538540083
hard_scramble,normal,0.5750000000000001,0.5,0.07500000000000007,16,0.28,0.28,7,25,25,0,0,0.0,0.0,False,0.4012936743170762,1.0,1.0,meta-llama/llama-3.3-70b-instruct,pure,0.586386909810004,0.4351699263712966,0.4318086231120661,0.010805359147423133
hard_scramble,normal,0.5750000000000001,0.5,0.07500000000000007,15,0.2,0.2,5,25,25,0,0,0.0,0.0,False,0.4012936743170762,1.0,1.0,meta-llama/llama-3.3-70b-instruct,pure,0.6170611034427123,0.6062797304465805,0.4069375642413567,0.19338858734141653
hard_scramble,normal,0.5750000000000001,0.5,0.07500000000000007,17,0.4,0.4,10,25,25,0,0,0.0,0.0,False,0.4012936743170762,1.0,1.0,meta-llama/llama-3.3-70b-instruct,pure,0.5731362074757087,0.5382035230019456,0.4409067250798783,-0.04213477123184473
hard_scramble,normal,0.5750000000000001,0.5,0.07500000000000007,19,0.32,0.32,8,25,25,0,0,0.0,0.0,False,0.4012936743170762,1.0,1.0,meta-llama/llama-3.3-70b-instruct,pure,0.5715389603675357,0.5135999937311584,0.44299353473689856,-0.06708538802963909
hard_scramble,normal,0.5750000000000001,0.5,0.07500000000000007,18,0.16,0.16,4,25,25,0,0,0.0,0.0,False,0.4012936743170762,1.0,1.0,meta-llama/llama-3.3-70b-instruct,pure,0.5830087438099748,0.42425367760453164,0.4352199698037362,-0.025483060288963508
hard_scramble,normal,0.5750000000000001,0.5,0.07500000000000007,20,0.36,0.36,9,25,25,0,0,0.0,0.0,False,0.4012936743170762,1.0,1.0,meta-llama/llama-3.3-70b-instruct,pure,0.5070619933605752,0.5014975891109567,0.49512627015765887,-0.45617904818003724
hard_scramble,normal,0.5750000000000001,0.5,0.07500000000000007,21,0.36,0.36,9,25,25,0,0,0.0,0.0,False,0.4012936743170762,1.0,1.0,meta-llama/llama-3.3-70b-instruct,pure,0.5865978466745309,0.4690579049687919,0.43106194378078055,0.023282756732786333
hard_scramble,normal,0.5750000000000001,0.5,0.07500000000000007,23,0.32,0.32,8,25,25,0,0,0.0,0.0,False,0.4012936743170762,1.0,1.0,meta-llama/llama-3.3-70b-instruct,pure,0.5572239362924525,0.48859418694366924,0.4545456496866336,-0.15201205363189246
hard_scramble,normal,0.5750000000000001,0.5,0.07500000000000007,22,0.56,0.56,14,25,25,0,0,0.0,0.0,False,0.4012936743170762,1.0,1.0,meta-llama/llama-3.3-70b-instruct,pure,0.4804658322884988,0.4806246724101771,0.51648479401887,-0.6163666017687467
hard_scramble,normal,0.5750000000000001,0.5,0.07500000000000007,24,0.28,0.28,7,25,25,0,0,0.0,0.0,False,0.4012936743170762,1.0,1.0,meta-llama/llama-3.3-70b-instruct,pure,0.602756809461919,0.4878219578570358,0.4182753792720031,0.11395482814898622
hard_scramble,normal,0.5750000000000001,0.5,0.07500000000000007,25,0.24,0.24,6,25,25,0,0,0.0,0.0,False,0.4012936743170762,1.0,1.0,meta-llama/llama-3.3-70b-instruct,pure,0.6194479645457452,0.5504204590568816,0.403825083717556,0.22990143643585945
hard_scramble,normal,0.5750000000000001,0.5,0.07500000000000007,26,0.2,0.2,5,25,25,0,0,0.0,0.0,False,0.4012936743170762,1.0,1.0,meta-llama/llama-3.3-70b-instruct,pure,0.5503410459061929,0.32815621276137996,0.4618359854505691,-0.2251227033311703
hard_scramble,normal,0.6500000000000001,0.5,0.15000000000000013,1,0.28,0.28,7,25,25,0,0,0.0,0.0,False,0.3085375387259867,1.0,1.0,meta-llama/llama-3.3-70b-instruct,pure,0.5648734722179802,0.5231223293312933,0.44695435274616907,-0.08083803354944108
hard_scramble,normal,0.5750000000000001,0.5,0.07500000000000007,28,0.24,0.24,6,25,25,0,0,0.0,0.0,False,0.4012936743170762,1.0,1.0,meta-llama/llama-3.3-70b-instruct,pure,0.5883344096214408,0.5075649221966138,0.42895521320856855,0.04424379206756195
hard_scramble,normal,0.5750000000000001,0.5,0.07500000000000007,27,0.4,0.4,10,25,25,0,0,0.0,0.0,False,0.4012936743170762,1.0,1.0,meta-llama/llama-3.3-70b-instruct,pure,0.5651075941627025,0.46305143559156386,0.4474822564044023,-0.09290239202424662
hard_scramble,normal,0.5750000000000001,0.5,0.07500000000000007,29,0.28,0.28,7,25,25,0,0,0.0,0.0,False,0.4012936743170762,1.0,1.0,meta-llama/llama-3.3-70b-instruct,pure,0.5932331491087993,0.44940661467587356,0.4262218057246422,0.04988319079359253
hard_scramble,normal,0.6500000000000001,0.5,0.15000000000000013,0,0.12,0.12,3,25,25,0,0,0.0,0.0,False,0.3085375387259867,1.0,1.0,meta-llama/llama-3.3-70b-instruct,pure,0.6303970078134561,0.49121167573579255,0.39815083935995155,0.2375700473212183
hard_scramble,normal,0.6500000000000001,0.5,0.15000000000000013,2,0.28,0.28,7,25,25,0,0,0.0,0.0,False,0.3085375387259867,1.0,1.0,meta-llama/llama-3.3-70b-instruct,pure,0.6016340684858447,0.47748075773463183,0.4177243894641683,0.1374831717680212
hard_scramble,normal,0.6500000000000001,0.5,0.15000000000000013,3,0.4,0.4,10,25,25,0,0,0.0,0.0,False,0.3085375387259867,1.0,1.0,meta-llama/llama-3.3-70b-instruct,pure,0.5573971583604819,0.3728529283392371,0.45193205636543465,-0.0940565059452966
hard_scramble,normal,0.6500000000000001,0.5,0.15000000000000013,4,0.2,0.2,5,25,25,0,0,0.0,0.0,False,0.3085375387259867,1.0,1.0,meta-llama/llama-3.3-70b-instruct,pure,0.5726129072500037,0.4548415832494481,0.4444585072177422,-0.1041835325033445
hard_scramble,normal,0.6500000000000001,0.5,0.15000000000000013,6,0.36,0.36,9,25,25,0,0,0.0,0.0,False,0.3085375387259867,1.0,1.0,meta-llama/llama-3.3-70b-instruct,pure,0.5741113715533508,0.4885010998962236,0.4409035576567327,-0.05090594497715742
hard_scramble,normal,0.6500000000000001,0.5,0.15000000000000013,8,0.32,0.32,8,25,25,0,0,0.0,0.0,False,0.3085375387259867,1.0,1.0,meta-llama/llama-3.3-70b-instruct,pure,0.5595815145371186,0.5181428655070092,0.4524679347797782,-0.13525164229646292
hard_scramble,normal,0.6500000000000001,0.5,0.15000000000000013,7,0.36,0.36,9,25,25,0,0,0.0,0.0,False,0.3085375387259867,1.0,1.0,meta-llama/llama-3.3-70b-instruct,pure,0.5278973794971191,0.33990343171969456,0.47881812014582503,-0.3396549828595642
hard_scramble,normal,0.6500000000000001,0.5,0.15000000000000013,5,0.2,0.2,5,25,25,0,0,0.0,0.0,False,0.3085375387259867,1.0,1.0,meta-llama/llama-3.3-70b-instruct,pure,0.6377162448095388,0.5398673129446709,0.3886167280279743,0.3557323117618715
hard_scramble,normal,0.6500000000000001,0.5,0.15000000000000013,9,0.28,0.28,7,25,25,0,0,0.0,0.0,False,0.3085375387259867,1.0,1.0,meta-llama/llama-3.3-70b-instruct,pure,0.562945183934924,0.47322404212297015,0.45034137426996684,-0.12652097290729158
hard_scramble,normal,0.6500000000000001,0.5,0.15000000000000013,12,0.24,0.24,6,25,25,0,0,0.0,0.0,False,0.3085375387259867,1.0,1.0,meta-llama/llama-3.3-70b-instruct,pure,0.5742062735099276,0.6281472932862928,0.4402546399962081,-0.03629913032132061
hard_scramble,normal,0.6500000000000001,0.5,0.15000000000000013,11,0.28,0.28,7,25,25,0,0,0.0,0.0,False,0.3085375387259867,1.0,1.0,meta-llama/llama-3.3-70b-instruct,pure,0.5996603088465927,0.5358992331530065,0.4204111125775986,0.09903004945527595
hard_scramble,normal,0.6500000000000001,0.5,0.15000000000000013,14,0.24,0.24,6,25,25,0,0,0.0,0.0,False,0.3085375387259867,1.0,1.0,meta-llama/llama-3.3-70b-instruct,pure,0.6419066823537747,0.512984804195487,0.3858476954430619,0.3651595866767349
hard_scramble,normal,0.6500000000000001,0.5,0.15000000000000013,13,0.36,0.36,9,25,25,0,0,0.0,0.0,False,0.3085375387259867,1.0,1.0,meta-llama/llama-3.3-70b-instruct,pure,0.542545267630043,0.38211261539831726,0.466147085900321,-0.228930840472345
hard_scramble,normal,0.6500000000000001,0.5,0.15000000000000013,15,0.2,0.2,5,25,25,0,0,0.0,0.0,False,0.3085375387259867,1.0,1.0,meta-llama/llama-3.3-70b-instruct,pure,0.6280928352148066,0.44335283482262694,0.3979735824179,0.26253674966542334
hard_scramble,normal,0.6500000000000001,0.5,0.15000000000000013,10,0.16,0.16,4,25,25,0,0,0.0,0.0,False,0.3085375387259867,1.0,1.0,meta-llama/llama-3.3-70b-instruct,pure,0.6175147521049179,0.45654047412102366,0.4081472157936883,0.16768925354489211
hard_scramble,normal,0.6500000000000001,0.5,0.15000000000000013,17,0.48,0.48,12,25,25,0,0,0.0,0.0,False,0.3085375387259867,1.0,1.0,meta-llama/llama-3.3-70b-instruct,pure,0.5022551036819144,0.3697764844387762,0.4965733017889591,-0.4366925918126438
hard_scramble,normal,0.6500000000000001,0.5,0.15000000000000013,18,0.4,0.4,10,25,25,0,0,0.0,0.0,False,0.3085375387259867,1.0,1.0,meta-llama/llama-3.3-70b-instruct,pure,0.5282217472779106,0.2694190673316319,0.4784539683614997,-0.3358316231953016
hard_scramble,normal,0.6500000000000001,0.5,0.15000000000000013,16,0.32,0.32,8,25,25,0,0,0.0,0.0,False,0.3085375387259867,1.0,1.0,meta-llama/llama-3.3-70b-instruct,pure,0.560235871348466,0.5347124738058551,0.452261309914503,-0.13740418108974903
hard_scramble,normal,0.6500000000000001,0.5,0.15000000000000013,19,0.24,0.24,6,25,25,0,0,0.0,0.0,False,0.3085375387259867,1.0,1.0,meta-llama/llama-3.3-70b-instruct,pure,0.5748012468887913,0.3523380591941241,0.4417228879593301,-0.0729308707994888
hard_scramble,normal,0.6500000000000001,0.5,0.15000000000000013,20,0.2,0.2,5,25,25,0,0,0.0,0.0,False,0.3085375387259867,1.0,1.0,meta-llama/llama-3.3-70b-instruct,pure,0.589749536977604,0.5300469792318758,0.42884403307979996,0.03468657991898366
hard_scramble,normal,0.6500000000000001,0.5,0.15000000000000013,21,0.28,0.28,7,25,25,0,0,0.0,0.0,False,0.3085375387259867,1.0,1.0,meta-llama/llama-3.3-70b-instruct,pure,0.6162708155676284,0.4680255123761772,0.4075885738261821,0.1908950212435177
hard_scramble,normal,0.6500000000000001,0.5,0.15000000000000013,23,0.12,0.12,3,25,25,0,0,0.0,0.0,False,0.3085375387259867,1.0,1.0,meta-llama/llama-3.3-70b-instruct,pure,0.5990480270034315,0.44008490786114157,0.4218270780314939,0.0812664959261523
hard_scramble,normal,0.6500000000000001,0.5,0.15000000000000013,24,0.2,0.2,5,25,25,0,0,0.0,0.0,False,0.3085375387259867,1.0,1.0,meta-llama/llama-3.3-70b-instruct,pure,0.6103581933116559,0.4694061194985613,0.41323027277658375,0.137773295186464
hard_scramble,normal,0.6500000000000001,0.5,0.15000000000000013,26,0.08,0.08,2,25,25,0,0,0.0,0.0,False,0.3085375387259867,1.0,1.0,meta-llama/llama-3.3-70b-instruct,pure,0.6390400014952363,0.535629801058597,0.39117047136849115,0.28773827298974736
hard_scramble,normal,0.6500000000000001,0.5,0.15000000000000013,27,0.24,0.24,6,25,25,0,0,0.0,0.0,False,0.3085375387259867,1.0,1.0,meta-llama/llama-3.3-70b-instruct,pure,0.5906295173316868,0.43296213539134853,0.4299325471704304,0.005238333524926032
hard_scramble,normal,0.6500000000000001,0.5,0.15000000000000013,25,0.44,0.44,11,25,25,0,0,0.0,0.0,False,0.3085375387259867,1.0,1.0,meta-llama/llama-3.3-70b-instruct,pure,0.4914270573292781,0.4545115571034746,0.5082270850644081,-0.5579470014605835
hard_scramble,normal,0.6500000000000001,0.5,0.15000000000000013,22,0.24,0.24,6,25,25,0,0,0.0,0.0,False,0.3085375387259867,1.0,1.0,meta-llama/llama-3.3-70b-instruct,pure,0.5670036236694589,0.41195456254985774,0.446924697631129,-0.09866484765818129
hard_scramble,normal,0.6500000000000001,0.5,0.15000000000000013,28,0.24,0.24,6,25,25,0,0,0.0,0.0,False,0.3085375387259867,1.0,1.0,meta-llama/llama-3.3-70b-instruct,pure,0.5707772026045901,0.4226161339971009,0.44424477198896567,-0.08344633179231269
hard_scramble,normal,0.6500000000000001,0.5,0.15000000000000013,29,0.44,0.44,11,25,25,0,0,0.0,0.0,False,0.3085375387259867,1.0,1.0,meta-llama/llama-3.3-70b-instruct,pure,0.5921598777356649,0.4409696914823329,0.4258455293565921,0.0688627162481002
hard_scramble,normal,0.7250000000000001,0.5,0.2250000000000001,1,0.28,0.28,7,25,25,0,0,0.0,0.0,False,0.22662735237686804,1.0,1.0,meta-llama/llama-3.3-70b-instruct,pure,0.6043946020585792,0.4068618258020726,0.4177956945060252,0.10574236723513607
hard_scramble,normal,0.7250000000000001,0.5,0.2250000000000001,0,0.32,0.32,8,25,25,0,0,0.0,0.0,False,0.22662735237686804,1.0,1.0,meta-llama/llama-3.3-70b-instruct,pure,0.5978973507663746,0.4925799859494625,0.42343666736326213,0.05926160962914765
hard_scramble,normal,0.7250000000000001,0.5,0.2250000000000001,2,0.2,0.2,5,25,25,0,0,0.0,0.0,False,0.22662735237686804,1.0,1.0,meta-llama/llama-3.3-70b-instruct,pure,0.6058079228529882,0.5268842459639255,0.41561125121103887,0.13398281986125204
hard_scramble,normal,0.7250000000000001,0.5,0.2250000000000001,3,0.28,0.28,7,25,25,0,0,0.0,0.0,False,0.22662735237686804,1.0,1.0,meta-llama/llama-3.3-70b-instruct,pure,0.5710199676240231,0.4871381624868608,0.44373925049186136,-0.07629328969563648
hard_scramble,normal,0.7250000000000001,0.5,0.2250000000000001,4,0.32,0.32,8,25,25,0,0,0.0,0.0,False,0.22662735237686804,1.0,1.0,meta-llama/llama-3.3-70b-instruct,pure,0.569967333880523,0.497395972518406,0.4444985104261018,-0.08053369176329911
hard_scramble,normal,0.7250000000000001,0.5,0.2250000000000001,5,0.28,0.28,7,25,25,0,0,0.0,0.0,False,0.22662735237686804,1.0,1.0,meta-llama/llama-3.3-70b-instruct,pure,0.5628711972799442,0.48320739274326086,0.4517062360932541,-0.14998795148784655
hard_scramble,normal,0.7250000000000001,0.5,0.2250000000000001,7,0.24,0.24,6,25,25,0,0,0.0,0.0,False,0.22662735237686804,1.0,1.0,meta-llama/llama-3.3-70b-instruct,pure,0.5646702235620096,0.3355776575809862,0.44824258370120823,-0.09434756785235807
hard_scramble,normal,0.7250000000000001,0.5,0.2250000000000001,6,0.28,0.28,7,25,25,0,0,0.0,0.0,False,0.22662735237686804,1.0,1.0,meta-llama/llama-3.3-70b-instruct,pure,0.6106335384930813,0.5534185350081176,0.41221537529001995,0.1545142402736728
hard_scramble,normal,0.7250000000000001,0.5,0.2250000000000001,8,0.2,0.2,5,25,25,0,0,0.0,0.0,False,0.22662735237686804,1.0,1.0,meta-llama/llama-3.3-70b-instruct,pure,0.5880498531104903,0.4032176694936354,0.43053041920821067,0.020542067853870128
hard_scramble,normal,0.7250000000000001,0.5,0.2250000000000001,11,0.28,0.28,7,25,25,0,0,0.0,0.0,False,0.22662735237686804,1.0,1.0,meta-llama/llama-3.3-70b-instruct,pure,0.5923472745272171,0.42234042802215244,0.4263566410456987,0.06194612023780153
hard_scramble,normal,0.7250000000000001,0.5,0.2250000000000001,10,0.36,0.36,9,25,25,0,0,0.0,0.0,False,0.22662735237686804,1.0,1.0,meta-llama/llama-3.3-70b-instruct,pure,0.5016264899035623,0.3093164370996502,0.4990781804163452,-0.4795992008075986
hard_scramble,normal,0.7250000000000001,0.5,0.2250000000000001,9,0.12,0.12,3,25,25,0,0,0.0,0.0,False,0.22662735237686804,1.0,1.0,meta-llama/llama-3.3-70b-instruct,pure,0.6051905194222467,0.42948784512619875,0.4169995141574168,0.1154374263577448
hard_scramble,normal,0.7250000000000001,0.5,0.2250000000000001,12,0.36,0.36,9,25,25,0,0,0.0,0.0,False,0.22662735237686804,1.0,1.0,meta-llama/llama-3.3-70b-instruct,pure,0.6040151139702736,0.5766703339685947,0.41698142111615494,0.1266709188592645
hard_scramble,normal,0.7250000000000001,0.5,0.2250000000000001,14,0.48,0.48,12,25,25,0,0,0.0,0.0,False,0.22662735237686804,1.0,1.0,meta-llama/llama-3.3-70b-instruct,pure,0.5345983073735747,0.3934888792547756,0.4732981078036537,-0.2975618841085088
hard_scramble,normal,0.7250000000000001,0.5,0.2250000000000001,15,0.36,0.36,9,25,25,0,0,0.0,0.0,False,0.22662735237686804,1.0,1.0,meta-llama/llama-3.3-70b-instruct,pure,0.567098300779081,0.47274811473055545,0.4465005519399725,-0.09363923029855963
hard_scramble,normal,0.7250000000000001,0.5,0.2250000000000001,13,0.36,0.36,9,25,25,0,0,0.0,0.0,False,0.22662735237686804,1.0,1.0,meta-llama/llama-3.3-70b-instruct,pure,0.557019236431589,0.4640798934629171,0.4546285641478754,-0.15194414879139717
hard_scramble,normal,0.7250000000000001,0.5,0.2250000000000001,16,0.28,0.28,7,25,25,0,0,0.0,0.0,False,0.22662735237686804,1.0,1.0,meta-llama/llama-3.3-70b-instruct,pure,0.5988120852527404,0.49884621771454585,0.42354043025635874,0.04944281407375512
hard_scramble,normal,0.7250000000000001,0.5,0.2250000000000001,17,0.4,0.4,10,25,25,0,0,0.0,0.0,False,0.22662735237686804,1.0,1.0,meta-llama/llama-3.3-70b-instruct,pure,0.5642715331232914,0.3765517989521016,0.4494094312244333,-0.12135687684201432
hard_scramble,normal,0.7250000000000001,0.5,0.2250000000000001,18,0.36,0.36,9,25,25,0,0,0.0,0.0,False,0.22662735237686804,1.0,1.0,meta-llama/llama-3.3-70b-instruct,pure,0.5618945879739142,0.39237243641202263,0.44966074954157137,-0.10292347656516863
hard_scramble,normal,0.7250000000000001,0.5,0.2250000000000001,19,0.36,0.36,9,25,25,0,0,0.0,0.0,False,0.22662735237686804,1.0,1.0,meta-llama/llama-3.3-70b-instruct,pure,0.6066956437110788,0.4863745522186822,0.41347678559844114,0.17858543943452104
hard_scramble,normal,0.7250000000000001,0.5,0.2250000000000001,20,0.2,0.2,5,25,25,0,0,0.0,0.0,False,0.22662735237686804,1.0,1.0,meta-llama/llama-3.3-70b-instruct,pure,0.5400193112067431,0.35637677156683567,0.46741880217728854,-0.23664235315351356
hard_scramble,normal,0.7250000000000001,0.5,0.2250000000000001,22,0.2,0.2,5,25,25,0,0,0.0,0.0,False,0.22662735237686804,1.0,1.0,meta-llama/llama-3.3-70b-instruct,pure,0.6082432523342529,0.4634244232915857,0.41571234061519086,0.11000532293614632
hard_scramble,normal,0.7250000000000001,0.5,0.2250000000000001,21,0.2,0.2,5,25,25,0,0,0.0,0.0,False,0.22662735237686804,1.0,1.0,meta-llama/llama-3.3-70b-instruct,pure,0.5628025782202457,0.39016520921644937,0.45152127102041817,-0.14688303297749694
hard_scramble,normal,0.7250000000000001,0.5,0.2250000000000001,24,0.04,0.04,1,25,25,0,0,0.0,0.0,False,0.22662735237686804,1.0,1.0,meta-llama/llama-3.3-70b-instruct,pure,0.623367697888958,0.5125810385584003,0.40379519160063054,0.1974227547803113
hard_scramble,normal,0.7250000000000001,0.5,0.2250000000000001,23,0.28,0.28,7,25,25,0,0,0.0,0.0,False,0.22662735237686804,1.0,1.0,meta-llama/llama-3.3-70b-instruct,pure,0.5971500212938448,0.44854937283991975,0.42203301137853794,0.09682575537070631
hard_scramble,normal,0.7250000000000001,0.5,0.2250000000000001,25,0.28,0.28,7,25,25,0,0,0.0,0.0,False,0.22662735237686804,1.0,1.0,meta-llama/llama-3.3-70b-instruct,pure,0.5232539024017921,0.44809045630044975,0.48096819195766843,-0.33802988054912775
hard_scramble,normal,0.7250000000000001,0.5,0.2250000000000001,26,0.48,0.48,12,25,25,0,0,0.0,0.0,False,0.22662735237686804,1.0,1.0,meta-llama/llama-3.3-70b-instruct,pure,0.523843992035197,0.34131952309565383,0.481853568606168,-0.3603531734998203
hard_scramble,normal,0.7250000000000001,0.5,0.2250000000000001,27,0.2,0.2,5,25,25,0,0,0.0,0.0,False,0.22662735237686804,1.0,1.0,meta-llama/llama-3.3-70b-instruct,pure,0.5852925567640764,0.40939239541669836,0.4340754484249469,-0.024967965269957215
hard_scramble,normal,0.7250000000000001,0.5,0.2250000000000001,28,0.24,0.24,6,25,25,0,0,0.0,0.0,False,0.22662735237686804,1.0,1.0,meta-llama/llama-3.3-70b-instruct,pure,0.6181610592519136,0.4778230373662713,0.4071454354108802,0.17836203912044446
hard_scramble,normal,0.7250000000000001,0.5,0.2250000000000001,29,0.24,0.24,6,25,25,0,0,0.0,0.0,False,0.22662735237686804,1.0,1.0,meta-llama/llama-3.3-70b-instruct,pure,0.5673904524300172,0.5001695477294494,0.44568845933941176,-0.07916241184623944
hard_scramble,normal,0.8,0.5,0.30000000000000004,0,0.32,0.32,8,25,25,0,0,0.0,0.0,False,0.15865525393145702,1.0,1.0,meta-llama/llama-3.3-70b-instruct,pure,0.5401799461293917,0.5028746352058463,0.46704477303988556,-0.2294434595188067
hard_scramble,normal,0.8,0.5,0.30000000000000004,1,0.24,0.24,6,25,25,0,0,0.0,0.0,False,0.15865525393145702,1.0,1.0,meta-llama/llama-3.3-70b-instruct,pure,0.5904120607485609,0.4781263709385735,0.4274012930158763,0.055011870863005595
hard_scramble,normal,0.8,0.5,0.30000000000000004,2,0.32,0.32,8,25,25,0,0,0.0,0.0,False,0.15865525393145702,1.0,1.0,meta-llama/llama-3.3-70b-instruct,pure,0.5340015165139266,0.3298274608882968,0.47411827198902023,-0.3069497262610674
hard_scramble,normal,0.8,0.5,0.30000000000000004,3,0.32,0.32,8,25,25,0,0,0.0,0.0,False,0.15865525393145702,1.0,1.0,meta-llama/llama-3.3-70b-instruct,pure,0.5525588612165637,0.45871058546663357,0.457908281544112,-0.17406010124479607
hard_scramble,normal,0.8,0.5,0.30000000000000004,4,0.16,0.16,4,25,25,0,0,0.0,0.0,False,0.15865525393145702,1.0,1.0,meta-llama/llama-3.3-70b-instruct,pure,0.6374195799520184,0.5464228406491116,0.3902367014578613,0.3278794285294652
hard_scramble,normal,0.8,0.5,0.30000000000000004,5,0.24,0.24,6,25,25,0,0,0.0,0.0,False,0.15865525393145702,1.0,1.0,meta-llama/llama-3.3-70b-instruct,pure,0.6153739427322903,0.5174262445569487,0.4055713515578598,0.2616043502713387
hard_scramble,normal,0.8,0.5,0.30000000000000004,6,0.24,0.24,6,25,25,0,0,0.0,0.0,False,0.15865525393145702,1.0,1.0,meta-llama/llama-3.3-70b-instruct,pure,0.6144470081752039,0.33314311823209425,0.4123157674588312,0.1189276176534405
hard_scramble,normal,0.8,0.5,0.30000000000000004,7,0.16,0.16,4,25,25,0,0,0.0,0.0,False,0.15865525393145702,1.0,1.0,meta-llama/llama-3.3-70b-instruct,pure,0.6455392320746515,0.580953715790523,0.38549048023879123,0.3369815820976673
hard_scramble,normal,0.8,0.5,0.30000000000000004,9,0.2,0.2,5,25,25,0,0,0.0,0.0,False,0.15865525393145702,1.0,1.0,meta-llama/llama-3.3-70b-instruct,pure,0.6094838362032078,0.48310823987145496,0.4152484587227512,0.10753234254092435
hard_scramble,normal,0.8,0.5,0.30000000000000004,8,0.36,0.36,9,25,25,0,0,0.0,0.0,False,0.15865525393145702,1.0,1.0,meta-llama/llama-3.3-70b-instruct,pure,0.5532347430494124,0.38543518062131804,0.4582947639578678,-0.18651526357938006
hard_scramble,normal,0.8,0.5,0.30000000000000004,12,0.16,0.16,4,25,25,0,0,0.0,0.0,False,0.15865525393145702,1.0,1.0,meta-llama/llama-3.3-70b-instruct,pure,0.5967942885669831,0.483421978437714,0.42416905340878286,0.055553794043644744
hard_scramble,normal,0.8,0.5,0.30000000000000004,10,0.24,0.24,6,25,25,0,0,0.0,0.0,False,0.15865525393145702,1.0,1.0,meta-llama/llama-3.3-70b-instruct,pure,0.5998845242993638,0.4270566019828151,0.42184060634896103,0.07320117677725942
hard_scramble,normal,0.8,0.5,0.30000000000000004,13,0.24,0.24,6,25,25,0,0,0.0,0.0,False,0.15865525393145702,1.0,1.0,meta-llama/llama-3.3-70b-instruct,pure,0.5795917226822089,0.4194311203231033,0.4385884023301784,-0.05753533436653109
hard_scramble,normal,0.8,0.5,0.30000000000000004,11,0.2,0.2,5,25,25,0,0,0.0,0.0,False,0.15865525393145702,1.0,1.0,meta-llama/llama-3.3-70b-instruct,pure,0.5909220003996667,0.4720866236732373,0.42759115480252946,0.04529639067527716
hard_scramble,normal,0.8,0.5,0.30000000000000004,14,0.36,0.36,9,25,25,0,0,0.0,0.0,False,0.15865525393145702,1.0,1.0,meta-llama/llama-3.3-70b-instruct,pure,0.5536600190344201,0.42199275202881836,0.4577527702911938,-0.1809944878755085
hard_scramble,normal,0.8,0.5,0.30000000000000004,16,0.24,0.24,6,25,25,0,0,0.0,0.0,False,0.15865525393145702,1.0,1.0,meta-llama/llama-3.3-70b-instruct,pure,0.5685093230856252,0.4495478998619007,0.44883179345563595,-0.1567237610307415
hard_scramble,normal,0.8,0.5,0.30000000000000004,15,0.2,0.2,5,25,25,0,0,0.0,0.0,False,0.15865525393145702,1.0,1.0,meta-llama/llama-3.3-70b-instruct,pure,0.6414563330942683,0.6031834570548865,0.3869142574865412,0.34990620958117846
hard_scramble,normal,0.8,0.5,0.30000000000000004,17,0.36,0.36,9,25,25,0,0,0.0,0.0,False,0.15865525393145702,1.0,1.0,meta-llama/llama-3.3-70b-instruct,pure,0.6170810299687431,0.48496870565795036,0.40609394361969614,0.2142660805371205
hard_scramble,normal,0.8,0.5,0.30000000000000004,18,0.24,0.24,6,25,25,0,0,0.0,0.0,False,0.15865525393145702,1.0,1.0,meta-llama/llama-3.3-70b-instruct,pure,0.5992260616923043,0.4790110967045758,0.4211459605621554,0.09013772820192673
hard_scramble,normal,0.8,0.5,0.30000000000000004,19,0.2,0.2,5,25,25,0,0,0.0,0.0,False,0.15865525393145702,1.0,1.0,meta-llama/llama-3.3-70b-instruct,pure,0.6246602180749918,0.5637722657454094,0.4000718076186305,0.2548786748761563
hard_scramble,normal,0.8,0.5,0.30000000000000004,20,0.32,0.32,8,25,25,0,0,0.0,0.0,False,0.15865525393145702,1.0,1.0,meta-llama/llama-3.3-70b-instruct,pure,0.5077049488391525,0.44582761134210824,0.49335560882300056,-0.4301558472330049
hard_scramble,normal,0.8,0.5,0.30000000000000004,21,0.24,0.24,6,25,25,0,0,0.0,0.0,False,0.15865525393145702,1.0,1.0,meta-llama/llama-3.3-70b-instruct,pure,0.5511366160958224,0.3913740441519101,0.4593248383891659,-0.18396943947865527
hard_scramble,normal,0.8,0.5,0.30000000000000004,22,0.32,0.32,8,25,25,0,0,0.0,0.0,False,0.15865525393145702,1.0,1.0,meta-llama/llama-3.3-70b-instruct,pure,0.5801771540065563,0.41486727730264894,0.4358838827752425,-0.01399409776849712
hard_scramble,normal,0.8,0.5,0.30000000000000004,26,0.08,0.08,2,25,25,0,0,0.0,0.0,False,0.15865525393145702,1.0,1.0,meta-llama/llama-3.3-70b-instruct,pure,0.6078193356497703,0.5065299789646066,0.41464858701378327,0.13551618176681524
hard_scramble,normal,0.8,0.5,0.30000000000000004,28,0.2,0.2,5,25,25,0,0,0.0,0.0,False,0.15865525393145702,1.0,1.0,meta-llama/llama-3.3-70b-instruct,pure,0.5978078800961021,0.45439653510270034,0.42343550189742424,0.060837019041415974
hard_scramble,normal,0.8,0.5,0.30000000000000004,25,0.28,0.28,7,25,25,0,0,0.0,0.0,False,0.15865525393145702,1.0,1.0,meta-llama/llama-3.3-70b-instruct,pure,0.5561207072689748,0.5542953452475267,0.45569407425326636,-0.16164001465287206
hard_scramble,normal,0.8,0.5,0.30000000000000004,27,0.28,0.28,7,25,25,0,0,0.0,0.0,False,0.15865525393145702,1.0,1.0,meta-llama/llama-3.3-70b-instruct,pure,0.6262902871107094,0.6038236631044324,0.3983083652015869,0.2710767330790552
hard_scramble,normal,0.8,0.5,0.30000000000000004,29,0.28,0.28,7,25,25,0,0,0.0,0.0,False,0.15865525393145702,1.0,1.0,meta-llama/llama-3.3-70b-instruct,pure,0.5886802216576118,0.5222048784812048,0.4297259307902624,0.026384633079289514
hard_scramble,normal,0.8,0.5,0.30000000000000004,23,0.24,0.24,6,25,25,0,0,0.0,0.0,False,0.15865525393145702,1.0,1.0,meta-llama/llama-3.3-70b-instruct,pure,0.5471057163379962,0.30619964274026373,0.46279047386971484,-0.21385289988618006
hard_scramble,normal,0.8,0.5,0.30000000000000004,24,0.28,0.28,7,25,25,0,0,0.0,0.0,False,0.15865525393145702,1.0,1.0,meta-llama/llama-3.3-70b-instruct,pure,0.5579791657340786,0.31516716463457745,0.45435236797833467,-0.156448749554892
