arm,arm_label,seed,learning_rule,update,train_reward,welfare,join_rate,success_rate,message_norm,hidden_norm,live_monitor_content_accuracy,live_monitor_content_balanced_accuracy,live_monitor_true_probability
no_comm,No Messages,0,ppo,1.0,-0.04894367977976799,-0.04894368723034859,0.4098958671092987,0.30517578125,0.0,0.0,,,
no_comm,No Messages,0,ppo,12.0,0.3574853539466858,0.3574853837490082,0.6749023795127869,0.5123698115348816,0.0,0.0,,,
no_comm,No Messages,0,ppo,24.0,0.3734700679779053,0.3734700679779053,0.7357096672058105,0.5358073115348816,0.0,0.0,,,
no_comm,No Messages,0,ppo,36.0,0.38075193762779236,0.38075193762779236,0.7732747793197632,0.55224609375,0.0,0.0,,,
no_comm,No Messages,0,ppo,48.0,0.3926009237766266,0.3926008939743042,0.7632812857627869,0.5558268427848816,0.0,0.0,,,
no_comm,No Messages,0,ppo,60.0,0.38823243975639343,0.38823243975639343,0.7587239742279053,0.5489909052848816,0.0,0.0,,,
no_comm,No Messages,0,ppo,72.0,0.3982405960559845,0.3982405960559845,0.7713867425918579,0.5598958134651184,0.0,0.0,,,
no_comm,No Messages,0,ppo,84.0,0.3837776780128479,0.3837777078151703,0.7668945789337158,0.5499674677848816,0.0,0.0,,,
no_comm,No Messages,0,ppo,96.0,0.40352705121040344,0.40352702140808105,0.7809896469116211,0.5670573115348816,0.0,0.0,,,
no_comm,No Messages,0,ppo,108.0,0.40297365188598633,0.40297365188598633,0.7746745347976685,0.5638020634651184,0.0,0.0,,,
no_comm,No Messages,0,ppo,120.0,0.38877931237220764,0.38877931237220764,0.7873373031616211,0.5603840947151184,0.0,0.0,,,
no_comm,No Messages,1,ppo,1.0,-0.022970376536250114,-0.022970380261540413,0.4554036557674408,0.337890625,0.0,0.0,,,
no_comm,No Messages,1,ppo,12.0,0.3481054902076721,0.3481054902076721,0.723339855670929,0.5222981572151184,0.0,0.0,,,
no_comm,No Messages,1,ppo,24.0,0.3847493827342987,0.3847493827342987,0.7791992425918579,0.55810546875,0.0,0.0,,,
no_comm,No Messages,1,ppo,36.0,0.38057127594947815,0.3805713355541229,0.7608724236488342,0.5480143427848816,0.0,0.0,,,
no_comm,No Messages,1,ppo,48.0,0.39094406366348267,0.39094406366348267,0.7612630724906921,0.5538737177848816,0.0,0.0,,,
no_comm,No Messages,1,ppo,60.0,0.4004330039024353,0.4004329442977905,0.7756185531616211,0.5636393427848816,0.0,0.0,,,
no_comm,No Messages,1,ppo,72.0,0.3852539360523224,0.3852539360523224,0.7629883289337158,0.5494791865348816,0.0,0.0,,,
no_comm,No Messages,1,ppo,84.0,0.3945328891277313,0.3945328891277313,0.7610026597976685,0.5538737177848816,0.0,0.0,,,
no_comm,No Messages,1,ppo,96.0,0.39507004618644714,0.39507004618644714,0.7559896111488342,0.552734375,0.0,0.0,,,
no_comm,No Messages,1,ppo,108.0,0.3968229293823242,0.3968229293823242,0.766308605670929,0.5564778447151184,0.0,0.0,,,
no_comm,No Messages,1,ppo,120.0,0.3856266140937805,0.3856266438961029,0.7574544548988342,0.5462239384651184,0.0,0.0,,,
no_comm,No Messages,2,ppo,1.0,-0.04129394516348839,-0.041293952614068985,0.4863281548023224,0.3297525942325592,0.0,0.0,,,
no_comm,No Messages,2,ppo,12.0,0.35679852962493896,0.35679852962493896,0.7127929925918579,0.5234375,0.0,0.0,,,
no_comm,No Messages,2,ppo,24.0,0.3810335397720337,0.3810335397720337,0.7393880486488342,0.54052734375,0.0,0.0,,,
no_comm,No Messages,2,ppo,36.0,0.38739097118377686,0.38739097118377686,0.754101574420929,0.5485026240348816,0.0,0.0,,,
no_comm,No Messages,2,ppo,48.0,0.3714127838611603,0.3714127838611603,0.7526041865348816,0.5372721552848816,0.0,0.0,,,
no_comm,No Messages,2,ppo,60.0,0.37906089425086975,0.37906089425086975,0.7636393904685974,0.5458984375,0.0,0.0,,,
no_comm,No Messages,2,ppo,72.0,0.3968815505504608,0.3968815505504608,0.7690430283546448,0.5582682490348816,0.0,0.0,,,
no_comm,No Messages,2,ppo,84.0,0.3820393979549408,0.3820393979549408,0.7642903923988342,0.54833984375,0.0,0.0,,,
no_comm,No Messages,2,ppo,96.0,0.3964550793170929,0.3964550793170929,0.7652018666267395,0.5558268427848816,0.0,0.0,,,
no_comm,No Messages,2,ppo,108.0,0.3950863182544708,0.3950863182544708,0.7704101800918579,0.5568034052848816,0.0,0.0,,,
no_comm,No Messages,2,ppo,120.0,0.38004070520401,0.38004070520401,0.7575521469116211,0.5441080927848816,0.0,0.0,,,
no_comm,No Messages,3,ppo,1.0,-0.02656412683427334,-0.026564130559563637,0.5447266101837158,0.3771158754825592,0.0,0.0,,,
no_comm,No Messages,3,ppo,12.0,0.3533707857131958,0.3533707857131958,0.7421550154685974,0.5320637822151184,0.0,0.0,,,
no_comm,No Messages,3,ppo,24.0,0.3832714855670929,0.3832714855670929,0.7701172232627869,0.55419921875,0.0,0.0,,,
no_comm,No Messages,3,ppo,36.0,0.39536625146865845,0.39536625146865845,0.7743489742279053,0.5618489384651184,0.0,0.0,,,
no_comm,No Messages,3,ppo,48.0,0.3951758146286011,0.3951757848262787,0.7508463859558105,0.55126953125,0.0,0.0,,,
no_comm,No Messages,3,ppo,60.0,0.40072429180145264,0.40072429180145264,0.7717123031616211,0.5626627802848816,0.0,0.0,,,
no_comm,No Messages,3,ppo,72.0,0.40149253606796265,0.40149256587028503,0.7751953601837158,0.5641276240348816,0.0,0.0,,,
no_comm,No Messages,3,ppo,84.0,0.39997559785842896,0.39997559785842896,0.7612630724906921,0.5577799677848816,0.0,0.0,,,
no_comm,No Messages,3,ppo,96.0,0.3956543207168579,0.3956543207168579,0.7683594226837158,0.5579426884651184,0.0,0.0,,,
no_comm,No Messages,3,ppo,108.0,0.39046064019203186,0.39046064019203186,0.7699544429779053,0.55419921875,0.0,0.0,,,
no_comm,No Messages,3,ppo,120.0,0.38864099979400635,0.38864099979400635,0.7696614861488342,0.5530598759651184,0.0,0.0,,,
visible_bottleneck,Public Only,0,ppo,1.0,-0.23167531192302704,-0.04711588844656944,0.41171878576278687,0.3068033754825592,2.468888998031616,1.9932838678359985,,,
visible_bottleneck,Public Only,0,ppo,12.0,0.23919613659381866,0.4091244041919708,0.6562500596046448,0.5255534052848816,2.476306200027466,1.9024323225021362,,,
visible_bottleneck,Public Only,0,ppo,24.0,0.3518904149532318,0.50071781873703,0.6408854722976685,0.5618489384651184,2.7261857986450195,1.7407591342926025,,,
visible_bottleneck,Public Only,0,ppo,36.0,0.3788800835609436,0.5113590955734253,0.6299479603767395,0.5626627802848816,2.908881187438965,1.6080156564712524,,,
visible_bottleneck,Public Only,0,ppo,48.0,0.4039832055568695,0.5255826711654663,0.6395182609558105,0.5750325322151184,3.084538459777832,1.5072576999664307,,,
visible_bottleneck,Public Only,0,ppo,60.0,0.40966394543647766,0.5242513418197632,0.6262695789337158,0.5685221552848816,3.1488542556762695,1.446723461151123,,,
visible_bottleneck,Public Only,0,ppo,72.0,0.4228500723838806,0.5324056148529053,0.6329101920127869,0.5753580927848816,3.1681268215179443,1.403006672859192,,,
visible_bottleneck,Public Only,0,ppo,84.0,0.4199347496032715,0.5245605707168579,0.6248372793197632,0.5675455927848816,3.148379325866699,1.3639025688171387,,,
visible_bottleneck,Public Only,0,ppo,96.0,0.43638160824775696,0.5371012687683105,0.6290364861488342,0.57666015625,3.181600332260132,1.3258509635925293,,,
visible_bottleneck,Public Only,0,ppo,108.0,0.4478141963481903,0.5433642268180847,0.6344401240348816,0.5826823115348816,3.2161219120025635,1.2767962217330933,,,
visible_bottleneck,Public Only,0,ppo,120.0,0.4328809380531311,0.526806652545929,0.6221680045127869,0.5680338740348816,3.1932313442230225,1.2614965438842773,,,
visible_bottleneck,Public Only,1,ppo,1.0,-0.20257879793643951,-0.022023115307092667,0.456510454416275,0.3388671875,2.4664387702941895,1.9685559272766113,,,
visible_bottleneck,Public Only,1,ppo,12.0,0.23983889818191528,0.40698570013046265,0.6687825918197632,0.5262044072151184,2.508419990539551,1.8810895681381226,,,
visible_bottleneck,Public Only,1,ppo,24.0,0.3568990230560303,0.50465989112854,0.6408854722976685,0.5636393427848816,2.7244937419891357,1.7338931560516357,,,
visible_bottleneck,Public Only,1,ppo,36.0,0.3817276060581207,0.5139111280441284,0.6297200918197632,0.5641276240348816,2.9581992626190186,1.6013545989990234,,,
visible_bottleneck,Public Only,1,ppo,48.0,0.40288591384887695,0.5232389569282532,0.6248698234558105,0.5672200322151184,3.0823583602905273,1.5000730752944946,,,
visible_bottleneck,Public Only,1,ppo,60.0,0.41806134581565857,0.5336068272590637,0.6401367783546448,0.5794270634651184,3.0979084968566895,1.4592125415802002,,,
visible_bottleneck,Public Only,1,ppo,72.0,0.41349026560783386,0.5231478214263916,0.6228841543197632,0.56640625,3.103828191757202,1.412160873413086,,,
visible_bottleneck,Public Only,1,ppo,84.0,0.42307838797569275,0.5288313627243042,0.6263346672058105,0.5709635615348816,3.148313045501709,1.377034068107605,,,
visible_bottleneck,Public Only,1,ppo,96.0,0.43406450748443604,0.5342562198638916,0.6261393427848816,0.5738932490348816,3.179455041885376,1.3257291316986084,,,
visible_bottleneck,Public Only,1,ppo,108.0,0.4405572712421417,0.5372282266616821,0.6268229484558105,0.5755208134651184,3.217703342437744,1.2907989025115967,,,
visible_bottleneck,Public Only,1,ppo,120.0,0.43076568841934204,0.5225667357444763,0.6174479722976685,0.5636393427848816,3.2085227966308594,1.2460495233535767,,,
visible_bottleneck,Public Only,2,ppo,1.0,-0.2225530445575714,-0.04099447280168533,0.4848633110523224,0.32958984375,2.4735124111175537,1.9736659526824951,,,
visible_bottleneck,Public Only,2,ppo,12.0,0.20618818700313568,0.37560877203941345,0.7121745347976685,0.5314127802848816,2.453566551208496,1.899312973022461,,,
visible_bottleneck,Public Only,2,ppo,24.0,0.3397444784641266,0.48933103680610657,0.6648763418197632,0.5646159052848816,2.660399913787842,1.7527697086334229,,,
visible_bottleneck,Public Only,2,ppo,36.0,0.38023045659065247,0.5122135281562805,0.6487630605697632,0.57080078125,2.9056642055511475,1.6047999858856201,,,
visible_bottleneck,Public Only,2,ppo,48.0,0.3775511085987091,0.4998307526111603,0.620800793170929,0.5519205927848816,3.0220906734466553,1.5219844579696655,,,
visible_bottleneck,Public Only,2,ppo,60.0,0.40383702516555786,0.5197445154190063,0.6242513060569763,0.5646159052848816,3.1175029277801514,1.4607301950454712,,,
visible_bottleneck,Public Only,2,ppo,72.0,0.42229026556015015,0.5310140252113342,0.6406901478767395,0.5779622197151184,3.17529559135437,1.396829605102539,,,
visible_bottleneck,Public Only,2,ppo,84.0,0.41975271701812744,0.5248959064483643,0.6373698115348816,0.5732421875,3.2316088676452637,1.362013339996338,,,
visible_bottleneck,Public Only,2,ppo,96.0,0.43298810720443726,0.5334017872810364,0.6385091543197632,0.5782877802848816,3.2459118366241455,1.3196388483047485,,,
visible_bottleneck,Public Only,2,ppo,108.0,0.43849632143974304,0.5360514521598816,0.6294922232627869,0.5763346552848816,3.2571263313293457,1.291573166847229,,,
visible_bottleneck,Public Only,2,ppo,120.0,0.42701566219329834,0.5204606056213379,0.6290364861488342,0.5672200322151184,3.242915630340576,1.2591062784194946,,,
visible_bottleneck,Public Only,3,ppo,1.0,-0.2095823585987091,-0.025817062705755234,0.5448242425918579,0.37744140625,2.4677984714508057,1.9880911111831665,,,
visible_bottleneck,Public Only,3,ppo,12.0,0.21882593631744385,0.38653483986854553,0.7055338621139526,0.53271484375,2.4587247371673584,1.8894902467727661,,,
visible_bottleneck,Public Only,3,ppo,24.0,0.36264124512672424,0.5100520849227905,0.6504557728767395,0.5706380009651184,2.702944278717041,1.7333120107650757,,,
visible_bottleneck,Public Only,3,ppo,36.0,0.3937731087207794,0.5260498523712158,0.6358398795127869,0.5732421875,2.916759490966797,1.607331395149231,,,
visible_bottleneck,Public Only,3,ppo,48.0,0.40171894431114197,0.5250423550605774,0.6351562738418579,0.5724284052848816,3.0236222743988037,1.5275338888168335,,,
visible_bottleneck,Public Only,3,ppo,60.0,0.4116165339946747,0.5268896818161011,0.6447591185569763,0.5774739384651184,3.116877794265747,1.4548603296279907,,,
visible_bottleneck,Public Only,3,ppo,72.0,0.4215796887874603,0.5322721600532532,0.6265299916267395,0.5730794072151184,3.1104345321655273,1.415945291519165,,,
visible_bottleneck,Public Only,3,ppo,84.0,0.4308272898197174,0.5347055196762085,0.6190755367279053,0.5709635615348816,3.1217479705810547,1.3603211641311646,,,
visible_bottleneck,Public Only,3,ppo,96.0,0.4419291615486145,0.5421810150146484,0.6233398914337158,0.5771484375,3.1309103965759277,1.3275272846221924,,,
visible_bottleneck,Public Only,3,ppo,108.0,0.43456581234931946,0.5304476022720337,0.6294271349906921,0.57275390625,3.16607928276062,1.285352349281311,,,
visible_bottleneck,Public Only,3,ppo,120.0,0.44089773297309875,0.5325098037719727,0.6296223998069763,0.5740559697151184,3.19036602973938,1.244810938835144,,,
asymmetric_free,Private Allowed,0,ppo,1.0,-0.064471036195755,-0.051775719970464706,0.4123372733592987,0.3046875,2.468888998031616,1.9932838678359985,,,
asymmetric_free,Private Allowed,0,ppo,12.0,0.40388548374176025,0.41751304268836975,0.6583333611488342,0.5291340947151184,2.5606348514556885,2.1006739139556885,,,
asymmetric_free,Private Allowed,0,ppo,24.0,0.47874802350997925,0.4949886202812195,0.6512044668197632,0.56201171875,2.8008217811584473,2.399017572402954,,,
asymmetric_free,Private Allowed,0,ppo,36.0,0.485515832901001,0.5033658742904663,0.6358398795127869,0.560546875,2.937183380126953,2.5681092739105225,,,
asymmetric_free,Private Allowed,0,ppo,48.0,0.5021792650222778,0.5209571123123169,0.6444987058639526,0.57421875,3.01338791847229,2.6090965270996094,,,
asymmetric_free,Private Allowed,0,ppo,60.0,0.4992416501045227,0.51829594373703,0.630566418170929,0.56689453125,3.0365326404571533,2.6210429668426514,,,
asymmetric_free,Private Allowed,0,ppo,72.0,0.5052823424339294,0.52485191822052,0.6335612535476685,0.57177734375,3.077639579772949,2.686262845993042,,,
asymmetric_free,Private Allowed,0,ppo,84.0,0.5042790770530701,0.5243522524833679,0.6204102039337158,0.5657551884651184,3.116570472717285,2.773674726486206,,,
asymmetric_free,Private Allowed,0,ppo,96.0,0.5131949782371521,0.5338168144226074,0.6398763060569763,0.5794270634651184,3.1596450805664062,2.8255159854888916,,,
asymmetric_free,Private Allowed,0,ppo,108.0,0.5160931944847107,0.5368928909301758,0.6359049677848816,0.5792643427848816,3.173982858657837,2.8099331855773926,,,
asymmetric_free,Private Allowed,0,ppo,120.0,0.5033196210861206,0.5240462422370911,0.6242513060569763,0.5670573115348816,3.170112371444702,2.832965850830078,,,
asymmetric_free,Private Allowed,1,ppo,1.0,-0.03418790549039841,-0.021520184352993965,0.4518229365348816,0.3385416567325592,2.4664387702941895,1.9685559272766113,,,
asymmetric_free,Private Allowed,1,ppo,12.0,0.41108939051628113,0.42494630813598633,0.6427083611488342,0.5247395634651184,2.5802485942840576,2.0606377124786377,,,
asymmetric_free,Private Allowed,1,ppo,24.0,0.48869162797927856,0.5050228238105774,0.6410481929779053,0.56396484375,2.801252841949463,2.2200679779052734,,,
asymmetric_free,Private Allowed,1,ppo,36.0,0.49130213260650635,0.50931316614151,0.6222330927848816,0.55810546875,2.9416043758392334,2.268171787261963,,,
asymmetric_free,Private Allowed,1,ppo,48.0,0.5015643239021301,0.5211295485496521,0.6341797113418579,0.56982421875,3.064838409423828,2.3757588863372803,,,
asymmetric_free,Private Allowed,1,ppo,60.0,0.5110634565353394,0.5307421684265137,0.6398112177848816,0.57763671875,3.0737245082855225,2.423851251602173,,,
asymmetric_free,Private Allowed,1,ppo,72.0,0.5026813745498657,0.5226334929466248,0.6220052242279053,0.5654296875,3.093153476715088,2.450065851211548,,,
asymmetric_free,Private Allowed,1,ppo,84.0,0.5095529556274414,0.5307275652885437,0.6278320550918579,0.572265625,3.1900722980499268,2.55350661277771,,,
asymmetric_free,Private Allowed,1,ppo,96.0,0.5072481632232666,0.5288069844245911,0.6312500238418579,0.5729166865348816,3.2179155349731445,2.577569007873535,,,
asymmetric_free,Private Allowed,1,ppo,108.0,0.5131269693374634,0.5350521206855774,0.6250976920127869,0.5732421875,3.2474122047424316,2.58914852142334,,,
asymmetric_free,Private Allowed,1,ppo,120.0,0.49993231892585754,0.5221810340881348,0.6146810054779053,0.5621744990348816,3.2698094844818115,2.634455919265747,,,
asymmetric_free,Private Allowed,2,ppo,1.0,-0.04853932932019234,-0.03579752892255783,0.48300784826278687,0.330078125,2.4735124111175537,1.9736659526824951,,,
asymmetric_free,Private Allowed,2,ppo,12.0,0.4233366549015045,0.4372688829898834,0.646679699420929,0.53271484375,2.5897843837738037,2.1304712295532227,,,
asymmetric_free,Private Allowed,2,ppo,24.0,0.4870966970920563,0.5036507844924927,0.6384440660476685,0.5613606572151184,2.826634407043457,2.471855640411377,,,
asymmetric_free,Private Allowed,2,ppo,36.0,0.4948260188102722,0.5128955245018005,0.6267578601837158,0.5616862177848816,2.954627752304077,2.6379075050354004,,,
asymmetric_free,Private Allowed,2,ppo,48.0,0.47794345021247864,0.49770835041999817,0.6190429925918579,0.5498046875,3.0932278633117676,2.7920024394989014,,,
asymmetric_free,Private Allowed,2,ppo,60.0,0.4973372220993042,0.5173503160476685,0.6306966543197632,0.5662434697151184,3.112545967102051,2.810842514038086,,,
asymmetric_free,Private Allowed,2,ppo,72.0,0.5067378282546997,0.5276823043823242,0.6358724236488342,0.5740559697151184,3.185227394104004,2.888347864151001,,,
asymmetric_free,Private Allowed,2,ppo,84.0,0.4971049129962921,0.5181478261947632,0.6278645992279053,0.5654296875,3.1938953399658203,2.880964517593384,,,
asymmetric_free,Private Allowed,2,ppo,96.0,0.510371744632721,0.5314828157424927,0.6337565183639526,0.5751953125,3.1993374824523926,2.889314651489258,,,
asymmetric_free,Private Allowed,2,ppo,108.0,0.5086184740066528,0.5304931998252869,0.6287435293197632,0.57275390625,3.258361577987671,2.926652431488037,,,
asymmetric_free,Private Allowed,2,ppo,120.0,0.4974985420703888,0.5194661617279053,0.6188802123069763,0.5625,3.2668159008026123,2.96219539642334,,,
asymmetric_free,Private Allowed,3,ppo,1.0,-0.04087052494287491,-0.028186852112412453,0.5442383289337158,0.37646484375,2.4677984714508057,1.9880911111831665,,,
asymmetric_free,Private Allowed,3,ppo,12.0,0.3909883201122284,0.4043603539466858,0.7037435173988342,0.5403645634651184,2.5361499786376953,2.034285306930542,,,
asymmetric_free,Private Allowed,3,ppo,24.0,0.4861360192298889,0.5021061301231384,0.659375011920929,0.5699869990348816,2.7732768058776855,2.2515392303466797,,,
asymmetric_free,Private Allowed,3,ppo,36.0,0.49959641695022583,0.51711106300354,0.6473633050918579,0.5729166865348816,2.9049863815307617,2.373175621032715,,,
asymmetric_free,Private Allowed,3,ppo,48.0,0.5039986968040466,0.5228239297866821,0.6425455808639526,0.5743815302848816,3.0135626792907715,2.4871811866760254,,,
asymmetric_free,Private Allowed,3,ppo,60.0,0.5052322149276733,0.5244303941726685,0.6473633050918579,0.5771484375,3.043501615524292,2.49894118309021,,,
asymmetric_free,Private Allowed,3,ppo,72.0,0.509777307510376,0.5297884345054626,0.6319661736488342,0.57373046875,3.1089468002319336,2.5891454219818115,,,
asymmetric_free,Private Allowed,3,ppo,84.0,0.5089592933654785,0.5289453268051147,0.6312174797058105,0.5729166865348816,3.1050338745117188,2.5890917778015137,,,
asymmetric_free,Private Allowed,3,ppo,96.0,0.5108504295349121,0.5309765934944153,0.616406261920929,0.56787109375,3.1179099082946777,2.643216133117676,,,
asymmetric_free,Private Allowed,3,ppo,108.0,0.5037341117858887,0.5248242616653442,0.6308919787406921,0.5703125,3.1909852027893066,2.7102174758911133,,,
asymmetric_free,Private Allowed,3,ppo,120.0,0.5073202252388,0.5285172462463379,0.6213216185569763,0.568359375,3.197882652282715,2.6912503242492676,,,
public_monitored,Public Monitored,0,ppo,1.0,-0.2708730399608612,-0.04711588844656944,0.41171878576278687,0.3068033754825592,2.468888998031616,1.9932838678359985,0.2967122495174408,0.3328996939491777,0.3313419222831726
public_monitored,Public Monitored,0,ppo,12.0,0.19865792989730835,0.4152897596359253,0.6560872793197632,0.5284830927848816,2.479271173477173,1.8986876010894775,0.5959635376930237,0.4430395413597423,0.4023224115371704
public_monitored,Public Monitored,0,ppo,24.0,0.286645770072937,0.5014908909797668,0.6443034410476685,0.5636393427848816,2.7197296619415283,1.7372114658355713,0.7135091423988342,0.5886366642541974,0.5629534125328064
public_monitored,Public Monitored,0,ppo,36.0,0.30276986956596375,0.5109342932701111,0.6337891221046448,0.56396484375,2.8876404762268066,1.6143532991409302,0.7284830808639526,0.6047461314446827,0.6285016536712646
public_monitored,Public Monitored,0,ppo,48.0,0.3244272470474243,0.5240315794944763,0.6465820670127869,0.5771484375,3.0695488452911377,1.5139074325561523,0.7549153566360474,0.6186986254669108,0.6460971832275391
public_monitored,Public Monitored,0,ppo,60.0,0.32975199818611145,0.5240007042884827,0.6268229484558105,0.568359375,3.122842788696289,1.4565693140029907,0.7660481929779053,0.6291956753661275,0.6581990718841553
public_monitored,Public Monitored,0,ppo,72.0,0.3406606912612915,0.5310238003730774,0.6361328363418579,0.576171875,3.1380434036254883,1.4123615026474,0.7575520873069763,0.6287202985321628,0.6679909825325012
public_monitored,Public Monitored,0,ppo,84.0,0.33588922023773193,0.5221061110496521,0.6223958730697632,0.5652669072151184,3.1139397621154785,1.3743460178375244,0.7707682251930237,0.6356380618518817,0.674691379070282
public_monitored,Public Monitored,0,ppo,96.0,0.3544793725013733,0.5366438627243042,0.6312825679779053,0.5774739384651184,3.141190767288208,1.3315041065216064,0.7679036259651184,0.6345240196581705,0.6771802306175232
public_monitored,Public Monitored,0,ppo,108.0,0.36575233936309814,0.5429166555404663,0.6405924558639526,0.5847981572151184,3.1875574588775635,1.282331109046936,0.7655599117279053,0.6313593834530957,0.6782881617546082
public_monitored,Public Monitored,0,ppo,120.0,0.3514394760131836,0.5286328196525574,0.6290039420127869,0.5721028447151184,3.1612632274627686,1.2740761041641235,0.7708333134651184,0.6331774320162104,0.6871891021728516
public_monitored,Public Monitored,1,ppo,1.0,-0.24252763390541077,-0.022023115307092667,0.456510454416275,0.3388671875,2.4664387702941895,1.9685559272766113,0.3960612118244171,0.29865899549293473,0.33848097920417786
public_monitored,Public Monitored,1,ppo,12.0,0.1887369602918625,0.4064827859401703,0.6680338978767395,0.52587890625,2.505774974822998,1.8816251754760742,0.6292317509651184,0.469132604628796,0.4304009974002838
public_monitored,Public Monitored,1,ppo,24.0,0.2854798138141632,0.5036963224411011,0.6456380486488342,0.5652669072151184,2.695817232131958,1.7455838918685913,0.7319661378860474,0.5970504724942458,0.5824278593063354
public_monitored,Public Monitored,1,ppo,36.0,0.30062615871429443,0.510826826095581,0.6375000476837158,0.5657551884651184,2.909092426300049,1.6169757843017578,0.7385091185569763,0.6100874270018218,0.6400447487831116
public_monitored,Public Monitored,1,ppo,48.0,0.3212587237358093,0.522397518157959,0.6333333849906921,0.5703125,3.0330660343170166,1.5146373510360718,0.7517903447151184,0.6224857997759271,0.6644249558448792
public_monitored,Public Monitored,1,ppo,60.0,0.3361680507659912,0.5334066152572632,0.6462239623069763,0.5818684697151184,3.0468380451202393,1.4771591424942017,0.7737955451011658,0.6349653128401244,0.668890118598938
public_monitored,Public Monitored,1,ppo,72.0,0.33082452416419983,0.52500981092453,0.6283203363418579,0.5696614384651184,3.0502498149871826,1.4311435222625732,0.7811197638511658,0.6436010074502323,0.6921910643577576
public_monitored,Public Monitored,1,ppo,84.0,0.33868837356567383,0.5288590788841248,0.6357422471046448,0.5748698115348816,3.1002142429351807,1.3959295749664307,0.7808268070220947,0.6569944110744284,0.690854012966156
public_monitored,Public Monitored,1,ppo,96.0,0.3452909290790558,0.5308154821395874,0.6342122554779053,0.5755208134651184,3.1294639110565186,1.3445309400558472,0.7884439826011658,0.6598015954886054,0.6998300552368164
public_monitored,Public Monitored,1,ppo,108.0,0.3529563248157501,0.5365739464759827,0.633007824420929,0.5777994990348816,3.1483771800994873,1.313665747642517,0.7896158695220947,0.6692379086628937,0.7108370661735535
public_monitored,Public Monitored,1,ppo,120.0,0.34227505326271057,0.5214176774024963,0.6226562857627869,0.5651041865348816,3.1436471939086914,1.268763780593872,0.8005533814430237,0.6778707158519448,0.7150928974151611
public_monitored,Public Monitored,2,ppo,1.0,-0.2597159743309021,-0.04099447280168533,0.4848633110523224,0.32958984375,2.4735124111175537,1.9736659526824951,0.17249348759651184,0.3333805610536718,0.31513267755508423
public_monitored,Public Monitored,2,ppo,12.0,0.16278991103172302,0.3768034279346466,0.7111654281616211,0.5315755009651184,2.4512054920196533,1.902419924736023,0.5209635496139526,0.33551772677124614,0.37293440103530884
public_monitored,Public Monitored,2,ppo,24.0,0.2779451608657837,0.48804038763046265,0.6720052361488342,0.56689453125,2.6407980918884277,1.7675801515579224,0.674609363079071,0.5503940013515733,0.4975731670856476
public_monitored,Public Monitored,2,ppo,36.0,0.30610767006874084,0.5109977126121521,0.655468761920929,0.5730794072151184,2.8716087341308594,1.6247994899749756,0.7133138179779053,0.594385195019399,0.5905000567436218
public_monitored,Public Monitored,2,ppo,48.0,0.30029407143592834,0.5000911951065063,0.6270182728767395,0.5548502802848816,2.984713077545166,1.5458147525787354,0.7457682490348816,0.61225962852134,0.6272935271263123
public_monitored,Public Monitored,2,ppo,60.0,0.3226800560951233,0.5189844369888306,0.6292318105697632,0.56640625,3.0724055767059326,1.4794418811798096,0.756640613079071,0.61942881357816,0.6565185785293579
public_monitored,Public Monitored,2,ppo,72.0,0.3425227701663971,0.5317578315734863,0.639843761920929,0.578125,3.1306958198547363,1.4178948402404785,0.7569335699081421,0.6185559525709463,0.653988242149353
public_monitored,Public Monitored,2,ppo,84.0,0.33813798427581787,0.5243880748748779,0.6427409052848816,0.5750325322151184,3.1894397735595703,1.3787877559661865,0.7572265863418579,0.6199144229680992,0.6631800532341003
public_monitored,Public Monitored,2,ppo,96.0,0.34936124086380005,0.5309993624687195,0.6443685293197632,0.5794270634651184,3.1913576126098633,1.3393371105194092,0.7540038824081421,0.6176064940460387,0.6621888279914856
public_monitored,Public Monitored,2,ppo,108.0,0.3551444411277771,0.5349348783493042,0.6363607048988342,0.57861328125,3.1996688842773438,1.3106980323791504,0.7603189945220947,0.6218944349188629,0.6725746393203735
public_monitored,Public Monitored,2,ppo,120.0,0.3427196443080902,0.5181136131286621,0.6432291865348816,0.5719401240348816,3.174696207046509,1.2870866060256958,0.74755859375,0.6088515187508328,0.6633711457252502
public_monitored,Public Monitored,3,ppo,1.0,-0.24965284764766693,-0.025817062705755234,0.5448242425918579,0.37744140625,2.4677984714508057,1.9880911111831665,0.3262695372104645,0.34243906891170145,0.3385618031024933
public_monitored,Public Monitored,3,ppo,12.0,0.17094051837921143,0.3862207233905792,0.7070638537406921,0.5330403447151184,2.458991527557373,1.8913801908493042,0.5467447638511658,0.35830932462090453,0.40047842264175415
public_monitored,Public Monitored,3,ppo,24.0,0.295714408159256,0.5082942843437195,0.6557617783546448,0.5719401240348816,2.688432455062866,1.7406952381134033,0.7084635496139526,0.5849154787782452,0.5436158776283264
public_monitored,Public Monitored,3,ppo,36.0,0.3164726793766022,0.5231868624687195,0.6492187976837158,0.5773112177848816,2.888244867324829,1.6183608770370483,0.729296863079071,0.6069154433965861,0.6128818392753601
public_monitored,Public Monitored,3,ppo,48.0,0.32382509112358093,0.5250439643859863,0.6472331285476685,0.5774739384651184,2.9902889728546143,1.5362526178359985,0.7475911378860474,0.6157976558185202,0.6455541253089905
public_monitored,Public Monitored,3,ppo,60.0,0.3324110805988312,0.5265348553657532,0.6538411974906921,0.5810546875,3.0803401470184326,1.4681321382522583,0.7639973759651184,0.627344100420634,0.648472785949707
public_monitored,Public Monitored,3,ppo,72.0,0.3380657434463501,0.5309374928474426,0.6323242783546448,0.5748698115348816,3.0803146362304688,1.4267425537109375,0.7735677361488342,0.6350564474478667,0.6788607239723206
public_monitored,Public Monitored,3,ppo,84.0,0.34913110733032227,0.5355794429779053,0.6272135972976685,0.5750325322151184,3.097954273223877,1.3707174062728882,0.7789388298988342,0.6519027150285174,0.6813501715660095
public_monitored,Public Monitored,3,ppo,96.0,0.35772016644477844,0.5417643785476685,0.6279297471046448,0.5789387822151184,3.0996832847595215,1.3382660150527954,0.7810872197151184,0.6445976584268771,0.6918674111366272
public_monitored,Public Monitored,3,ppo,108.0,0.35069143772125244,0.5299837589263916,0.6294922232627869,0.5725911259651184,3.1400227546691895,1.2922582626342773,0.7784179449081421,0.6567327671967585,0.6917136907577515
public_monitored,Public Monitored,3,ppo,120.0,0.3563857674598694,0.5305647850036621,0.6335937976837158,0.57470703125,3.15659236907959,1.2495062351226807,0.77587890625,0.6445328396237522,0.6883669495582581
private_monitored,Private Monitored,0,ppo,1.0,-0.10366877913475037,-0.051775719970464706,0.4123372733592987,0.3046875,2.468888998031616,1.9932838678359985,0.2967122495174408,0.3328996939491777,0.3313419222831726
private_monitored,Private Monitored,0,ppo,12.0,0.3596036434173584,0.4191617965698242,0.6540690660476685,0.5279948115348816,2.561889886856079,2.0966498851776123,0.5218098759651184,0.3483043205810363,0.3886006474494934
private_monitored,Private Monitored,0,ppo,24.0,0.4256746470928192,0.49556970596313477,0.6499024033546448,0.5618489384651184,2.8008944988250732,2.409869909286499,0.5545572638511658,0.40543489669660154,0.4499998986721039
private_monitored,Private Monitored,0,ppo,36.0,0.4344555735588074,0.5021712779998779,0.6367188096046448,0.5602213740348816,2.93851375579834,2.630521774291992,0.4916015565395355,0.3505126942444665,0.4141617715358734
private_monitored,Private Monitored,0,ppo,48.0,0.455252081155777,0.5203304290771484,0.6453125476837158,0.5740559697151184,3.0282578468322754,2.7320656776428223,0.4931640625,0.32338697582986703,0.38487738370895386
private_monitored,Private Monitored,0,ppo,60.0,0.45296111702919006,0.51930832862854,0.6320964097976685,0.5681965947151184,3.052217721939087,2.7593512535095215,0.5054036378860474,0.32690262118216823,0.39306125044822693
private_monitored,Private Monitored,0,ppo,72.0,0.4593588709831238,0.5270524024963379,0.6324219107627869,0.5724284052848816,3.1126527786254883,2.826834201812744,0.5017903447151184,0.32381511496746873,0.39769524335861206
private_monitored,Private Monitored,0,ppo,84.0,0.4565613567829132,0.5242757201194763,0.627148449420929,0.568359375,3.1483185291290283,2.8547451496124268,0.5010416507720947,0.32672770193027606,0.39324241876602173
private_monitored,Private Monitored,0,ppo,96.0,0.46641579270362854,0.53449547290802,0.6435547471046448,0.5812174677848816,3.169285774230957,2.8638923168182373,0.4979492127895355,0.325658213683321,0.39619410037994385
private_monitored,Private Monitored,0,ppo,108.0,0.4693874418735504,0.5356820225715637,0.6372070908546448,0.5791015625,3.143096923828125,2.8367295265197754,0.4718424379825592,0.3178811249118439,0.3830146789550781
private_monitored,Private Monitored,0,ppo,120.0,0.45531216263771057,0.5239421129226685,0.6252930164337158,0.5673828125,3.161071538925171,2.8648173809051514,0.5232096314430237,0.33401570623685867,0.4031238853931427
private_monitored,Private Monitored,1,ppo,1.0,-0.07413675636053085,-0.021520184352993965,0.4518229365348816,0.3385416567325592,2.4664387702941895,1.9685559272766113,0.3960612118244171,0.29865899549293473,0.33848097920417786
private_monitored,Private Monitored,1,ppo,12.0,0.36019912362098694,0.4231299161911011,0.6450846791267395,0.5245768427848816,2.577026605606079,2.0545806884765625,0.5892903804779053,0.4257602571624144,0.4164137542247772
private_monitored,Private Monitored,1,ppo,24.0,0.4257068932056427,0.5024007558822632,0.6458659172058105,0.5647786259651184,2.773420572280884,2.239133834838867,0.652539074420929,0.5191918093685118,0.5104891061782837
private_monitored,Private Monitored,1,ppo,36.0,0.42491039633750916,0.5044515132904053,0.6351237297058105,0.5608723759651184,2.8417272567749023,2.3423850536346436,0.6213216185569763,0.4879173663821848,0.5236286520957947
private_monitored,Private Monitored,1,ppo,48.0,0.4403056204319,0.51805180311203,0.6437174677848816,0.572265625,2.948174238204956,2.5280873775482178,0.5704752802848816,0.4350311136246125,0.49643784761428833
private_monitored,Private Monitored,1,ppo,60.0,0.46142643690109253,0.5309489369392395,0.6463541984558105,0.5808919072151184,2.974209785461426,2.6071503162384033,0.48294270038604736,0.3497674769023398,0.42471230030059814
private_monitored,Private Monitored,1,ppo,72.0,0.451935738325119,0.5177897214889526,0.6350911855697632,0.5685221552848816,2.9890241622924805,2.628101348876953,0.4857421815395355,0.330189403516674,0.39486879110336304
private_monitored,Private Monitored,1,ppo,84.0,0.45853978395462036,0.5260775089263916,0.6347005367279053,0.5724284052848816,3.0731585025787354,2.72507905960083,0.5283203125,0.3432766909652609,0.4003364145755768
private_monitored,Private Monitored,1,ppo,96.0,0.45880675315856934,0.5267676115036011,0.6365234851837158,0.5745442509651184,3.1110363006591797,2.768491744995117,0.5240560173988342,0.3367082189180932,0.39966991543769836
private_monitored,Private Monitored,1,ppo,108.0,0.4634365439414978,0.5323030948638916,0.6315755248069763,0.57470703125,3.1390254497528076,2.8172028064727783,0.5242838263511658,0.3505043973988313,0.40494269132614136
private_monitored,Private Monitored,1,ppo,120.0,0.45001593232154846,0.5212711691856384,0.6228841543197632,0.5652669072151184,3.181297540664673,2.8845467567443848,0.5103515386581421,0.3313894256628103,0.42079582810401917
private_monitored,Private Monitored,2,ppo,1.0,-0.08570227771997452,-0.03579752892255783,0.48300784826278687,0.330078125,2.4735124111175537,1.9736659526824951,0.17249348759651184,0.3333805610536718,0.31513267755508423
private_monitored,Private Monitored,2,ppo,12.0,0.3784826993942261,0.43660807609558105,0.6493489742279053,0.5333659052848816,2.5889925956726074,2.12941837310791,0.5131510496139526,0.32980145163227265,0.372815877199173
private_monitored,Private Monitored,2,ppo,24.0,0.4392252266407013,0.5038216710090637,0.6415690183639526,0.5626627802848816,2.817338466644287,2.4621379375457764,0.5090169310569763,0.3275602903727459,0.40215060114860535
private_monitored,Private Monitored,2,ppo,36.0,0.4472058415412903,0.5134164094924927,0.6305013298988342,0.5636393427848816,2.9355781078338623,2.6200201511383057,0.5231770873069763,0.3332918584878271,0.4030073285102844
private_monitored,Private Monitored,2,ppo,48.0,0.4288962483406067,0.49700361490249634,0.6230143308639526,0.55126953125,3.061310052871704,2.764383554458618,0.52685546875,0.34197647374464196,0.4068121016025543
private_monitored,Private Monitored,2,ppo,60.0,0.4499838352203369,0.5163151621818542,0.6275716423988342,0.564453125,3.058041572570801,2.7555429935455322,0.49921876192092896,0.3180871802568481,0.39212319254875183
private_monitored,Private Monitored,2,ppo,72.0,0.4589572846889496,0.5261670351028442,0.6363607048988342,0.5734049677848816,3.1087350845336914,2.8207783699035645,0.5192057490348816,0.3384973437861622,0.39556849002838135
private_monitored,Private Monitored,2,ppo,84.0,0.4495837986469269,0.5174496173858643,0.6302734613418579,0.5660807490348816,3.109053611755371,2.8073859214782715,0.47897136211395264,0.3157759746202211,0.3993130028247833
private_monitored,Private Monitored,2,ppo,96.0,0.4632216989994049,0.53060382604599,0.6279622912406921,0.5725911259651184,3.1270830631256104,2.836973190307617,0.5245442986488342,0.3517661596883999,0.39493682980537415
private_monitored,Private Monitored,2,ppo,108.0,0.46167364716529846,0.5299755930900574,0.6318359971046448,0.5740559697151184,3.174731969833374,2.882319688796997,0.5222981572151184,0.3332600887680805,0.3982655107975006
private_monitored,Private Monitored,2,ppo,120.0,0.450205534696579,0.5194727182388306,0.6201823353767395,0.5631510615348816,3.197911262512207,2.8875038623809814,0.5210286378860474,0.3565232932329468,0.4018431305885315
private_monitored,Private Monitored,3,ppo,1.0,-0.08094101399183273,-0.028186852112412453,0.5442383289337158,0.37646484375,2.4677984714508057,1.9880911111831665,0.3262695372104645,0.34243906891170145,0.3385618031024933
private_monitored,Private Monitored,3,ppo,12.0,0.3445470929145813,0.4047412574291229,0.7010416984558105,0.53955078125,2.5337538719177246,2.0342187881469727,0.5337239503860474,0.34242190982452375,0.3957342505455017
private_monitored,Private Monitored,3,ppo,24.0,0.42951855063438416,0.5003694891929626,0.6611328721046448,0.5699869990348816,2.7644238471984863,2.288020610809326,0.5930338501930237,0.4560230220427049,0.4625672698020935
private_monitored,Private Monitored,3,ppo,36.0,0.44224318861961365,0.5153988003730774,0.6534830927848816,0.5748698115348816,2.869042158126831,2.4799442291259766,0.5635416507720947,0.4332234979633424,0.46766197681427
private_monitored,Private Monitored,3,ppo,48.0,0.45354607701301575,0.5194042921066284,0.6451497673988342,0.5734049677848816,2.9492199420928955,2.601672410964966,0.45999348163604736,0.33364407490381076,0.3990481197834015
private_monitored,Private Monitored,3,ppo,60.0,0.458365261554718,0.5245915055274963,0.6493489742279053,0.578125,3.005697727203369,2.6526923179626465,0.5137369632720947,0.33625518290305334,0.39935237169265747
private_monitored,Private Monitored,3,ppo,72.0,0.46501681208610535,0.5324153900146484,0.6386719346046448,0.5779622197151184,3.0913987159729004,2.7708611488342285,0.47399088740348816,0.3262720786770767,0.39714255928993225
private_monitored,Private Monitored,3,ppo,84.0,0.4620353877544403,0.5292139053344727,0.6298828721046448,0.5725911259651184,3.0988457202911377,2.7802364826202393,0.4970703125,0.33805295759724513,0.3949354887008667
private_monitored,Private Monitored,3,ppo,96.0,0.4650940001010895,0.532153308391571,0.6161133050918579,0.5685221552848816,3.1194138526916504,2.8261613845825195,0.4791015684604645,0.3265823523618098,0.39171844720840454
private_monitored,Private Monitored,3,ppo,108.0,0.45818185806274414,0.5259765982627869,0.6236003041267395,0.5680338740348816,3.170240879058838,2.8868818283081055,0.5099284052848816,0.3311273133568272,0.3929310142993927
private_monitored,Private Monitored,3,ppo,120.0,0.4595635235309601,0.5269059538841248,0.6233724355697632,0.5685221552848816,3.1612415313720703,2.8728725910186768,0.505859375,0.3283017550093006,0.39018234610557556
monitored_penalty,Monitored + Penalty,0,ppo,1.0,-0.10959748178720474,-0.051775719970464706,0.4123372733592987,0.3046875,2.468888998031616,1.9932838678359985,0.2967122495174408,0.3328996939491777,0.3313419222831726
monitored_penalty,Monitored + Penalty,0,ppo,12.0,0.32270553708076477,0.4160286486148834,0.6558268666267395,0.52783203125,2.548945426940918,2.064847230911255,0.5312174558639526,0.3605224970649066,0.39044979214668274
monitored_penalty,Monitored + Penalty,0,ppo,24.0,0.3862049877643585,0.49500003457069397,0.6597331166267395,0.56591796875,2.759241819381714,2.1793630123138428,0.6486653685569763,0.5136746908421109,0.5055373907089233
monitored_penalty,Monitored + Penalty,0,ppo,36.0,0.39337602257728577,0.5037044882774353,0.6416016221046448,0.5628255009651184,2.89658522605896,2.218566417694092,0.6811197996139526,0.5538313252585183,0.5748987793922424
monitored_penalty,Monitored + Penalty,0,ppo,48.0,0.4113845229148865,0.5204264521598816,0.6498372554779053,0.5764973759651184,3.0230929851531982,2.1682887077331543,0.6954752802848816,0.5663578051516932,0.5970197319984436
monitored_penalty,Monitored + Penalty,0,ppo,60.0,0.4135926067829132,0.5183170437812805,0.6472331285476685,0.5740559697151184,3.0147173404693604,2.098182201385498,0.6721028685569763,0.5372889869618718,0.5867798328399658
monitored_penalty,Monitored + Penalty,0,ppo,72.0,0.4259474575519562,0.5267106294631958,0.6431966423988342,0.57666015625,3.0406713485717773,2.125598430633545,0.6442057490348816,0.517905351928152,0.572754979133606
monitored_penalty,Monitored + Penalty,0,ppo,84.0,0.4169583022594452,0.519676148891449,0.6234700679779053,0.5641276240348816,3.033133029937744,2.1907308101654053,0.6126953363418579,0.48165205934091326,0.5604206919670105
monitored_penalty,Monitored + Penalty,0,ppo,96.0,0.4315791130065918,0.5311506986618042,0.6446289420127869,0.5804036259651184,3.0634353160858154,2.2163350582122803,0.5797526240348816,0.46157978807366745,0.5337415337562561
monitored_penalty,Monitored + Penalty,0,ppo,108.0,0.43785929679870605,0.535947322845459,0.6422200798988342,0.58154296875,3.1070685386657715,2.1906652450561523,0.5940755009651184,0.5032581457211146,0.5266444087028503
monitored_penalty,Monitored + Penalty,0,ppo,120.0,0.4244896173477173,0.5223535299301147,0.6379883289337158,0.572265625,3.093048334121704,2.207280397415161,0.5949869751930237,0.5042734069959774,0.5250551104545593
monitored_penalty,Monitored + Penalty,1,ppo,1.0,-0.07993339002132416,-0.021520184352993965,0.4518229365348816,0.3385416567325592,2.4664387702941895,1.9685559272766113,0.3960612118244171,0.29865899549293473,0.33848097920417786
monitored_penalty,Monitored + Penalty,1,ppo,12.0,0.32200267910957336,0.4187548756599426,0.6590820550918579,0.5281575322151184,2.55584979057312,1.995199203491211,0.60205078125,0.4389731953837777,0.421056866645813
monitored_penalty,Monitored + Penalty,1,ppo,24.0,0.4018584191799164,0.5054931640625,0.652050793170929,0.5686848759651184,2.7589354515075684,2.028575897216797,0.7014322876930237,0.568897504558631,0.5509616732597351
monitored_penalty,Monitored + Penalty,1,ppo,36.0,0.4025766849517822,0.5087435245513916,0.6389648914337158,0.5647786259651184,2.8912436962127686,1.997822880744934,0.7172200679779053,0.5882532916673814,0.6104753613471985
monitored_penalty,Monitored + Penalty,1,ppo,48.0,0.41476204991340637,0.5216861963272095,0.6380534172058105,0.57177734375,2.997343063354492,2.071770191192627,0.7194661498069763,0.5877673323947504,0.6299227476119995
monitored_penalty,Monitored + Penalty,1,ppo,60.0,0.42651817202568054,0.5292350649833679,0.6444987058639526,0.5789387822151184,2.9719011783599854,2.112363338470459,0.6839192509651184,0.5454193487904009,0.6062204241752625
monitored_penalty,Monitored + Penalty,1,ppo,72.0,0.4180751442909241,0.5200212001800537,0.6338867545127869,0.5690104365348816,2.958479404449463,2.1142947673797607,0.6549153923988342,0.5134899084413115,0.5922566056251526
monitored_penalty,Monitored + Penalty,1,ppo,84.0,0.42422187328338623,0.5240771770477295,0.6384440660476685,0.5732421875,3.0075125694274902,2.1811635494232178,0.6299153566360474,0.4955870770723441,0.564470648765564
monitored_penalty,Monitored + Penalty,1,ppo,96.0,0.42848944664001465,0.5256722569465637,0.6451497673988342,0.5771484375,3.0379323959350586,2.1541812419891357,0.6214517951011658,0.49324831843464706,0.5467987656593323
monitored_penalty,Monitored + Penalty,1,ppo,108.0,0.43528056144714355,0.5321566462516785,0.6366211175918579,0.5768229365348816,3.0782132148742676,2.1991491317749023,0.6225911378860474,0.5007244870395219,0.5409890413284302
monitored_penalty,Monitored + Penalty,1,ppo,120.0,0.41986820101737976,0.5193294286727905,0.6245443224906921,0.5646159052848816,3.113577365875244,2.2213659286499023,0.638378918170929,0.5160327618717461,0.5566697716712952
monitored_penalty,Monitored + Penalty,2,ppo,1.0,-0.09525460004806519,-0.03579752892255783,0.48300784826278687,0.330078125,2.4735124111175537,1.9736659526824951,0.17249348759651184,0.3333805610536718,0.31513267755508423
monitored_penalty,Monitored + Penalty,2,ppo,12.0,0.3102690577507019,0.42154788970947266,0.6689127683639526,0.5338541865348816,2.555577278137207,2.0760138034820557,0.5086262822151184,0.3276026339033689,0.37225303053855896
monitored_penalty,Monitored + Penalty,2,ppo,24.0,0.36499956250190735,0.49525395035743713,0.6619141101837158,0.5660807490348816,2.739192008972168,2.3065080642700195,0.5245768427848816,0.3634742092314088,0.41325050592422485
monitored_penalty,Monitored + Penalty,2,ppo,36.0,0.3888062536716461,0.5132650136947632,0.6404948234558105,0.5675455927848816,2.878321409225464,2.384528160095215,0.6080403923988342,0.48104214749184554,0.4910615384578705
monitored_penalty,Monitored + Penalty,2,ppo,48.0,0.37470340728759766,0.49509766697883606,0.6338542103767395,0.55517578125,2.9991533756256104,2.469193696975708,0.6014974117279053,0.4728355268802706,0.5120004415512085
monitored_penalty,Monitored + Penalty,2,ppo,60.0,0.40167146921157837,0.5145231485366821,0.6410481929779053,0.56884765625,3.0744314193725586,2.4768357276916504,0.6060221195220947,0.48456587016460057,0.522940993309021
monitored_penalty,Monitored + Penalty,2,ppo,72.0,0.41919195652008057,0.5279654860496521,0.6451497673988342,0.578125,3.132744789123535,2.4874517917633057,0.5922526121139526,0.4674006502425663,0.5206974744796753
monitored_penalty,Monitored + Penalty,2,ppo,84.0,0.40916645526885986,0.5187695622444153,0.6304036974906921,0.56689453125,3.172391891479492,2.4577388763427734,0.6191731691360474,0.5019056358217848,0.5382193326950073
monitored_penalty,Monitored + Penalty,2,ppo,96.0,0.42388981580734253,0.5304785966873169,0.6364909410476685,0.5763346552848816,3.193819761276245,2.4786336421966553,0.5947265625,0.4809158359702476,0.5321500301361084
monitored_penalty,Monitored + Penalty,2,ppo,108.0,0.42508378624916077,0.5301823019981384,0.6328451037406921,0.5743815302848816,3.2244107723236084,2.4959442615509033,0.5928059816360474,0.48411969173081754,0.5327444672584534
monitored_penalty,Monitored + Penalty,2,ppo,120.0,0.41221219301223755,0.5158967971801758,0.6327799558639526,0.5665690302848816,3.239943504333496,2.5037405490875244,0.5883463621139526,0.5127394393814301,0.5170044898986816
monitored_penalty,Monitored + Penalty,3,ppo,1.0,-0.08729072660207748,-0.028186852112412453,0.5442383289337158,0.37646484375,2.4677984714508057,1.9880911111831665,0.3262695372104645,0.34243906891170145,0.3385618031024933
monitored_penalty,Monitored + Penalty,3,ppo,12.0,0.31002962589263916,0.400408536195755,0.7019531726837158,0.5380859375,2.5269157886505127,2.0188498497009277,0.5342773199081421,0.34281966832111266,0.3961796164512634
monitored_penalty,Monitored + Penalty,3,ppo,24.0,0.3886711895465851,0.49857261776924133,0.6578776240348816,0.5673828125,2.7470595836639404,2.128788709640503,0.6531575322151184,0.523962455687442,0.4975503981113434
monitored_penalty,Monitored + Penalty,3,ppo,36.0,0.4049425423145294,0.5153271555900574,0.6547852158546448,0.5751953125,2.8800625801086426,2.1396963596343994,0.6964518427848816,0.570220426142666,0.5754862427711487
monitored_penalty,Monitored + Penalty,3,ppo,48.0,0.4103494882583618,0.5188769698143005,0.6543620228767395,0.5769856572151184,2.9694037437438965,2.158479928970337,0.6987630128860474,0.5710875950510209,0.5962787866592407
monitored_penalty,Monitored + Penalty,3,ppo,60.0,0.41772744059562683,0.5241081118583679,0.6605143547058105,0.5826823115348816,2.9852302074432373,2.116163730621338,0.6800781488418579,0.5488434466038278,0.5895956754684448
monitored_penalty,Monitored + Penalty,3,ppo,72.0,0.4231986999511719,0.5282405614852905,0.6467122435569763,0.5792643427848816,3.010197162628174,2.177030086517334,0.664355456829071,0.5293799078831151,0.5937320590019226
monitored_penalty,Monitored + Penalty,3,ppo,84.0,0.42890772223472595,0.5307747721672058,0.6441081166267395,0.57958984375,3.0035905838012695,2.1718311309814453,0.641796886920929,0.5100179310063777,0.5765078663825989
monitored_penalty,Monitored + Penalty,3,ppo,96.0,0.4306577444076538,0.5322168469429016,0.6387044787406921,0.578125,2.9813239574432373,2.203374147415161,0.6113932132720947,0.4827758083085678,0.5538091659545898
monitored_penalty,Monitored + Penalty,3,ppo,108.0,0.42356550693511963,0.5230143666267395,0.6482422351837158,0.57666015625,3.053654670715332,2.256223678588867,0.6216471195220947,0.5433849595870733,0.536551833152771
monitored_penalty,Monitored + Penalty,3,ppo,120.0,0.4257771372795105,0.5258708000183105,0.6382487416267395,0.5740559697151184,3.0451266765594482,2.163403272628784,0.6163737177848816,0.5315110097814509,0.5362188816070557
