arm,arm_label,seed,learning_rule,theta_left,theta_right,theta_mid,join_rate,success_rate,welfare
no_comm,No Messages,0,ppo,-0.2,-0.033333333333333354,-0.11666666666666668,1.0,1.0,1.0
no_comm,No Messages,0,ppo,-0.033333333333333354,0.1333333333333333,0.049999999999999975,1.0,1.0,1.0
no_comm,No Messages,0,ppo,0.1333333333333333,0.3,0.21666666666666665,1.0,1.0,1.0
no_comm,No Messages,0,ppo,0.3,0.4666666666666666,0.3833333333333333,0.9968787431716919,1.0,0.9968787431716919
no_comm,No Messages,0,ppo,0.4666666666666666,0.6333333333333333,0.5499999999999999,0.9913357496261597,1.0,0.9913357496261597
no_comm,No Messages,0,ppo,0.6333333333333333,0.8,0.7166666666666667,0.9723114967346191,0.988875150680542,0.9602843523025513
no_comm,No Messages,0,ppo,0.8,0.9666666666666666,0.8833333333333333,0.917411744594574,0.6494117379188538,0.4490823745727539
no_comm,No Messages,0,ppo,0.9666666666666666,1.1333333333333333,1.0499999999999998,0.8274738192558289,0.10477299243211746,-0.43705472350120544
no_comm,No Messages,0,ppo,1.1333333333333333,1.3,1.2166666666666668,0.6878640651702881,0.0,-0.5074999928474426
no_comm,No Messages,0,ppo,1.3,1.4666666666666666,1.3833333333333333,0.5169117450714111,0.0,-0.3730146884918213
no_comm,No Messages,0,ppo,1.4666666666666666,1.6333333333333333,1.5499999999999998,0.3419512212276459,0.0,-0.24397560954093933
no_comm,No Messages,0,ppo,1.6333333333333333,1.8,1.7166666666666668,0.18815165758132935,0.0,-0.12913507223129272
no_comm,No Messages,1,ppo,-0.2,-0.033333333333333354,-0.11666666666666668,1.0,1.0,1.0
no_comm,No Messages,1,ppo,-0.033333333333333354,0.1333333333333333,0.049999999999999975,1.0,1.0,1.0
no_comm,No Messages,1,ppo,0.1333333333333333,0.3,0.21666666666666665,0.9997587203979492,1.0,0.9997587203979492
no_comm,No Messages,1,ppo,0.3,0.4666666666666666,0.3833333333333333,0.9947431087493896,1.0,0.9947431087493896
no_comm,No Messages,1,ppo,0.4666666666666666,0.6333333333333333,0.5499999999999999,0.9869458079338074,0.9987684488296509,0.9856404066085815
no_comm,No Messages,1,ppo,0.6333333333333333,0.8,0.7166666666666667,0.9543135166168213,0.9756986498832703,0.9295868873596191
no_comm,No Messages,1,ppo,0.8,0.9666666666666666,0.8833333333333333,0.8845039010047913,0.5507246255874634,0.2981939911842346
no_comm,No Messages,1,ppo,0.9666666666666666,1.1333333333333333,1.0499999999999998,0.7952618598937988,0.10349126905202866,-0.40918949246406555
no_comm,No Messages,1,ppo,1.1333333333333333,1.3,1.2166666666666668,0.6287439465522766,0.0,-0.45766907930374146
no_comm,No Messages,1,ppo,1.3,1.4666666666666666,1.3833333333333333,0.4364294409751892,0.0,-0.3148612380027771
no_comm,No Messages,1,ppo,1.4666666666666666,1.6333333333333333,1.5499999999999998,0.26825207471847534,0.0,-0.18205708265304565
no_comm,No Messages,1,ppo,1.6333333333333333,1.8,1.7166666666666668,0.15315315127372742,0.0,-0.10392535477876663
no_comm,No Messages,2,ppo,-0.2,-0.033333333333333354,-0.11666666666666668,1.0,1.0,1.0
no_comm,No Messages,2,ppo,-0.033333333333333354,0.1333333333333333,0.049999999999999975,1.0,1.0,1.0
no_comm,No Messages,2,ppo,0.1333333333333333,0.3,0.21666666666666665,0.9985849261283875,1.0,0.9985849261283875
no_comm,No Messages,2,ppo,0.3,0.4666666666666666,0.3833333333333333,0.9942029118537903,1.0,0.9942029118537903
no_comm,No Messages,2,ppo,0.4666666666666666,0.6333333333333333,0.5499999999999999,0.9842044115066528,1.0,0.9842044115066528
no_comm,No Messages,2,ppo,0.6333333333333333,0.8,0.7166666666666667,0.9572463631629944,0.9806763529777527,0.9365459084510803
no_comm,No Messages,2,ppo,0.8,0.9666666666666666,0.8833333333333333,0.8843601942062378,0.5521327257156372,0.30468010902404785
no_comm,No Messages,2,ppo,0.9666666666666666,1.1333333333333333,1.0499999999999998,0.7740654349327087,0.08060747385025024,-0.4380490779876709
no_comm,No Messages,2,ppo,1.1333333333333333,1.3,1.2166666666666668,0.6304348111152649,0.0,-0.4574168622493744
no_comm,No Messages,2,ppo,1.3,1.4666666666666666,1.3833333333333333,0.43281060457229614,0.0,-0.3099517524242401
no_comm,No Messages,2,ppo,1.4666666666666666,1.6333333333333333,1.5499999999999998,0.2842603623867035,0.0,-0.19499407708644867
no_comm,No Messages,2,ppo,1.6333333333333333,1.8,1.7166666666666668,0.14658065140247345,0.0,-0.09594838321208954
no_comm,No Messages,3,ppo,-0.2,-0.033333333333333354,-0.11666666666666668,1.0,1.0,1.0
no_comm,No Messages,3,ppo,-0.033333333333333354,0.1333333333333333,0.049999999999999975,1.0,1.0,1.0
no_comm,No Messages,3,ppo,0.1333333333333333,0.3,0.21666666666666665,0.9988038539886475,1.0,0.9988038539886475
no_comm,No Messages,3,ppo,0.3,0.4666666666666666,0.3833333333333333,0.997951328754425,1.0,0.997951328754425
no_comm,No Messages,3,ppo,0.4666666666666666,0.6333333333333333,0.5499999999999999,0.9871116280555725,1.0,0.9871116280555725
no_comm,No Messages,3,ppo,0.6333333333333333,0.8,0.7166666666666667,0.961685836315155,0.9808428883552551,0.9413666129112244
no_comm,No Messages,3,ppo,0.8,0.9666666666666666,0.8833333333333333,0.9025454521179199,0.6048485040664673,0.3747151494026184
no_comm,No Messages,3,ppo,0.9666666666666666,1.1333333333333333,1.0499999999999998,0.8147714138031006,0.09144196659326553,-0.44807738065719604
no_comm,No Messages,3,ppo,1.1333333333333333,1.3,1.2166666666666668,0.6593785881996155,0.0,-0.4801841080188751
no_comm,No Messages,3,ppo,1.3,1.4666666666666666,1.3833333333333333,0.4847141206264496,0.0,-0.3433022201061249
no_comm,No Messages,3,ppo,1.4666666666666666,1.6333333333333333,1.5499999999999998,0.30598291754722595,0.0,-0.20746032893657684
no_comm,No Messages,3,ppo,1.6333333333333333,1.8,1.7166666666666668,0.1610705554485321,0.0,-0.10765206813812256
visible_bottleneck,Public Only,0,ppo,-0.2,-0.033333333333333354,-0.11666666666666668,1.0,1.0,1.0
visible_bottleneck,Public Only,0,ppo,-0.033333333333333354,0.1333333333333333,0.049999999999999975,1.0,1.0,1.0
visible_bottleneck,Public Only,0,ppo,0.1333333333333333,0.3,0.21666666666666665,1.0,1.0,1.0
visible_bottleneck,Public Only,0,ppo,0.3,0.4666666666666666,0.3833333333333333,1.0,1.0,1.0
visible_bottleneck,Public Only,0,ppo,0.4666666666666666,0.6333333333333333,0.5499999999999999,0.9979238510131836,0.9976931810379028,0.9971856474876404
visible_bottleneck,Public Only,0,ppo,0.6333333333333333,0.8,0.7166666666666667,0.961240291595459,0.9586563110351562,0.9540568590164185
visible_bottleneck,Public Only,0,ppo,0.8,0.9666666666666666,0.8833333333333333,0.8335714340209961,0.7976190447807312,0.7721310257911682
visible_bottleneck,Public Only,0,ppo,0.9666666666666666,1.1333333333333333,1.0499999999999998,0.48056870698928833,0.10900473594665527,-0.1743246465921402
visible_bottleneck,Public Only,0,ppo,1.1333333333333333,1.3,1.2166666666666668,0.15874548256397247,0.0,-0.11782869696617126
visible_bottleneck,Public Only,0,ppo,1.3,1.4666666666666666,1.3833333333333333,0.019190751016139984,0.0,-0.013225432485342026
visible_bottleneck,Public Only,0,ppo,1.4666666666666666,1.6333333333333333,1.5499999999999998,0.0009592326241545379,0.0,-0.0007434052531607449
visible_bottleneck,Public Only,0,ppo,1.6333333333333333,1.8,1.7166666666666668,0.0,0.0,0.0
visible_bottleneck,Public Only,1,ppo,-0.2,-0.033333333333333354,-0.11666666666666668,1.0,1.0,1.0
visible_bottleneck,Public Only,1,ppo,-0.033333333333333354,0.1333333333333333,0.049999999999999975,1.0,1.0,1.0
visible_bottleneck,Public Only,1,ppo,0.1333333333333333,0.3,0.21666666666666665,1.0,1.0,1.0
visible_bottleneck,Public Only,1,ppo,0.3,0.4666666666666666,0.3833333333333333,1.0,1.0,1.0
visible_bottleneck,Public Only,1,ppo,0.4666666666666666,0.6333333333333333,0.5499999999999999,0.9997684955596924,1.0,0.9997684955596924
visible_bottleneck,Public Only,1,ppo,0.6333333333333333,0.8,0.7166666666666667,0.973964512348175,0.9727810621261597,0.968579888343811
visible_bottleneck,Public Only,1,ppo,0.8,0.9666666666666666,0.8833333333333333,0.8330900073051453,0.7895377278327942,0.7579197287559509
visible_bottleneck,Public Only,1,ppo,0.9666666666666666,1.1333333333333333,1.0499999999999998,0.49748504161834717,0.11017964035272598,-0.18035927414894104
visible_bottleneck,Public Only,1,ppo,1.1333333333333333,1.3,1.2166666666666668,0.16282352805137634,0.0,-0.11914117634296417
visible_bottleneck,Public Only,1,ppo,1.3,1.4666666666666666,1.3833333333333333,0.021158689633011818,0.0,-0.014319898560643196
visible_bottleneck,Public Only,1,ppo,1.4666666666666666,1.6333333333333333,1.5499999999999998,0.0019441068870946765,0.0,-0.0017253949772566557
visible_bottleneck,Public Only,1,ppo,1.6333333333333333,1.8,1.7166666666666668,0.0,0.0,0.0
visible_bottleneck,Public Only,2,ppo,-0.2,-0.033333333333333354,-0.11666666666666668,1.0,1.0,1.0
visible_bottleneck,Public Only,2,ppo,-0.033333333333333354,0.1333333333333333,0.049999999999999975,1.0,1.0,1.0
visible_bottleneck,Public Only,2,ppo,0.1333333333333333,0.3,0.21666666666666665,1.0,1.0,1.0
visible_bottleneck,Public Only,2,ppo,0.3,0.4666666666666666,0.3833333333333333,1.0,1.0,1.0
visible_bottleneck,Public Only,2,ppo,0.4666666666666666,0.6333333333333333,0.5499999999999999,0.9995326995849609,1.0,0.9995326995849609
visible_bottleneck,Public Only,2,ppo,0.6333333333333333,0.8,0.7166666666666667,0.9750288724899292,0.9710982441902161,0.9672832489013672
visible_bottleneck,Public Only,2,ppo,0.8,0.9666666666666666,0.8833333333333333,0.86139315366745,0.8323494791984558,0.812691867351532
visible_bottleneck,Public Only,2,ppo,0.9666666666666666,1.1333333333333333,1.0499999999999998,0.5452023148536682,0.11907514184713364,-0.20315606892108917
visible_bottleneck,Public Only,2,ppo,1.1333333333333333,1.3,1.2166666666666668,0.1760663539171219,0.0,-0.13456159830093384
visible_bottleneck,Public Only,2,ppo,1.3,1.4666666666666666,1.3833333333333333,0.035087719559669495,0.0,-0.025906432420015335
visible_bottleneck,Public Only,2,ppo,1.4666666666666666,1.6333333333333333,1.5499999999999998,0.00024271845177281648,0.0,-0.00018203882791567594
visible_bottleneck,Public Only,2,ppo,1.6333333333333333,1.8,1.7166666666666668,0.0,0.0,0.0
visible_bottleneck,Public Only,3,ppo,-0.2,-0.033333333333333354,-0.11666666666666668,1.0,1.0,1.0
visible_bottleneck,Public Only,3,ppo,-0.033333333333333354,0.1333333333333333,0.049999999999999975,1.0,1.0,1.0
visible_bottleneck,Public Only,3,ppo,0.1333333333333333,0.3,0.21666666666666665,1.0,1.0,1.0
visible_bottleneck,Public Only,3,ppo,0.3,0.4666666666666666,0.3833333333333333,1.0,1.0,1.0
visible_bottleneck,Public Only,3,ppo,0.4666666666666666,0.6333333333333333,0.5499999999999999,0.9990718960762024,0.9988399147987366,0.9987354278564453
visible_bottleneck,Public Only,3,ppo,0.6333333333333333,0.8,0.7166666666666667,0.9787516593933105,0.9734395742416382,0.9691102504730225
visible_bottleneck,Public Only,3,ppo,0.8,0.9666666666666666,0.8833333333333333,0.8573476672172546,0.8207885026931763,0.7939784526824951
visible_bottleneck,Public Only,3,ppo,0.9666666666666666,1.1333333333333333,1.0499999999999998,0.5138134360313416,0.13105076551437378,-0.1555844247341156
visible_bottleneck,Public Only,3,ppo,1.1333333333333333,1.3,1.2166666666666668,0.1932203322649002,0.0,-0.14336560666561127
visible_bottleneck,Public Only,3,ppo,1.3,1.4666666666666666,1.3833333333333333,0.0327228344976902,0.0,-0.022661782801151276
visible_bottleneck,Public Only,3,ppo,1.4666666666666666,1.6333333333333333,1.5499999999999998,0.0009184845257550478,0.0,-0.0006314580678008497
visible_bottleneck,Public Only,3,ppo,1.6333333333333333,1.8,1.7166666666666668,0.0,0.0,0.0
asymmetric_free,Private Allowed,0,ppo,-0.2,-0.033333333333333354,-0.11666666666666668,1.0,1.0,1.0
asymmetric_free,Private Allowed,0,ppo,-0.033333333333333354,0.1333333333333333,0.049999999999999975,1.0,1.0,1.0
asymmetric_free,Private Allowed,0,ppo,0.1333333333333333,0.3,0.21666666666666665,1.0,1.0,1.0
asymmetric_free,Private Allowed,0,ppo,0.3,0.4666666666666666,0.3833333333333333,1.0,1.0,1.0
asymmetric_free,Private Allowed,0,ppo,0.4666666666666666,0.6333333333333333,0.5499999999999999,0.9995359778404236,1.0,0.9995359778404236
asymmetric_free,Private Allowed,0,ppo,0.6333333333333333,0.8,0.7166666666666667,0.9796966314315796,0.9743290543556213,0.9679462909698486
asymmetric_free,Private Allowed,0,ppo,0.8,0.9666666666666666,0.8833333333333333,0.8646388053894043,0.8314321637153625,0.806831419467926
asymmetric_free,Private Allowed,0,ppo,0.9666666666666666,1.1333333333333333,1.0499999999999998,0.49818652868270874,0.11528497189283371,-0.17648963630199432
asymmetric_free,Private Allowed,0,ppo,1.1333333333333333,1.3,1.2166666666666668,0.17033493518829346,0.0,-0.123672254383564
asymmetric_free,Private Allowed,0,ppo,1.3,1.4666666666666666,1.3833333333333333,0.02096584253013134,0.0,-0.014263840392231941
asymmetric_free,Private Allowed,0,ppo,1.4666666666666666,1.6333333333333333,1.5499999999999998,0.000933488889131695,0.0,-0.0006301050307229161
asymmetric_free,Private Allowed,0,ppo,1.6333333333333333,1.8,1.7166666666666668,0.0,0.0,0.0
asymmetric_free,Private Allowed,1,ppo,-0.2,-0.033333333333333354,-0.11666666666666668,1.0,1.0,1.0
asymmetric_free,Private Allowed,1,ppo,-0.033333333333333354,0.1333333333333333,0.049999999999999975,1.0,1.0,1.0
asymmetric_free,Private Allowed,1,ppo,0.1333333333333333,0.3,0.21666666666666665,1.0,1.0,1.0
asymmetric_free,Private Allowed,1,ppo,0.3,0.4666666666666666,0.3833333333333333,1.0,1.0,1.0
asymmetric_free,Private Allowed,1,ppo,0.4666666666666666,0.6333333333333333,0.5499999999999999,0.9966183304786682,0.9963768124580383,0.9957729578018188
asymmetric_free,Private Allowed,1,ppo,0.6333333333333333,0.8,0.7166666666666667,0.9732142686843872,0.9698660969734192,0.9667521715164185
asymmetric_free,Private Allowed,1,ppo,0.8,0.9666666666666666,0.8833333333333333,0.8088127374649048,0.7674418687820435,0.7375643253326416
asymmetric_free,Private Allowed,1,ppo,0.9666666666666666,1.1333333333333333,1.0499999999999998,0.4859277606010437,0.11830635368824005,-0.15400996804237366
asymmetric_free,Private Allowed,1,ppo,1.1333333333333333,1.3,1.2166666666666668,0.14945586025714874,0.0,-0.11061669141054153
asymmetric_free,Private Allowed,1,ppo,1.3,1.4666666666666666,1.3833333333333333,0.022347629070281982,0.0,-0.017212189733982086
asymmetric_free,Private Allowed,1,ppo,1.4666666666666666,1.6333333333333333,1.5499999999999998,0.000985221704468131,0.0,-0.0006773399654775858
asymmetric_free,Private Allowed,1,ppo,1.6333333333333333,1.8,1.7166666666666668,0.0,0.0,0.0
asymmetric_free,Private Allowed,2,ppo,-0.2,-0.033333333333333354,-0.11666666666666668,1.0,1.0,1.0
asymmetric_free,Private Allowed,2,ppo,-0.033333333333333354,0.1333333333333333,0.049999999999999975,1.0,1.0,1.0
asymmetric_free,Private Allowed,2,ppo,0.1333333333333333,0.3,0.21666666666666665,1.0,1.0,1.0
asymmetric_free,Private Allowed,2,ppo,0.3,0.4666666666666666,0.3833333333333333,1.0,1.0,1.0
asymmetric_free,Private Allowed,2,ppo,0.4666666666666666,0.6333333333333333,0.5499999999999999,0.9977375268936157,0.9977375268936157,0.997081458568573
asymmetric_free,Private Allowed,2,ppo,0.6333333333333333,0.8,0.7166666666666667,0.982206404209137,0.982206404209137,0.9790153503417969
asymmetric_free,Private Allowed,2,ppo,0.8,0.9666666666666666,0.8833333333333333,0.8273417949676514,0.7949367165565491,0.7715190052986145
asymmetric_free,Private Allowed,2,ppo,0.9666666666666666,1.1333333333333333,1.0499999999999998,0.508226215839386,0.12210796773433685,-0.165257066488266
asymmetric_free,Private Allowed,2,ppo,1.1333333333333333,1.3,1.2166666666666668,0.14702969789505005,0.0,-0.10988861322402954
asymmetric_free,Private Allowed,2,ppo,1.3,1.4666666666666666,1.3833333333333333,0.017611579969525337,0.0,-0.012303980998694897
asymmetric_free,Private Allowed,2,ppo,1.4666666666666666,1.6333333333333333,1.5499999999999998,0.0,0.0,0.0
asymmetric_free,Private Allowed,2,ppo,1.6333333333333333,1.8,1.7166666666666668,0.0,0.0,0.0
asymmetric_free,Private Allowed,3,ppo,-0.2,-0.033333333333333354,-0.11666666666666668,1.0,1.0,1.0
asymmetric_free,Private Allowed,3,ppo,-0.033333333333333354,0.1333333333333333,0.049999999999999975,1.0,1.0,1.0
asymmetric_free,Private Allowed,3,ppo,0.1333333333333333,0.3,0.21666666666666665,1.0,1.0,1.0
asymmetric_free,Private Allowed,3,ppo,0.3,0.4666666666666666,0.3833333333333333,1.0,1.0,1.0
asymmetric_free,Private Allowed,3,ppo,0.4666666666666666,0.6333333333333333,0.5499999999999999,0.9985525012016296,0.9987937211990356,0.9985525012016296
asymmetric_free,Private Allowed,3,ppo,0.6333333333333333,0.8,0.7166666666666667,0.9856828451156616,0.9823788404464722,0.9796144962310791
asymmetric_free,Private Allowed,3,ppo,0.8,0.9666666666666666,0.8833333333333333,0.844839870929718,0.8149465918540955,0.7929300665855408
asymmetric_free,Private Allowed,3,ppo,0.9666666666666666,1.1333333333333333,1.0499999999999998,0.5118687152862549,0.13131313025951385,-0.15638887882232666
asymmetric_free,Private Allowed,3,ppo,1.1333333333333333,1.3,1.2166666666666668,0.1907363384962082,0.0,-0.14062945544719696
asymmetric_free,Private Allowed,3,ppo,1.3,1.4666666666666666,1.3833333333333333,0.033458177000284195,0.0,-0.024307116866111755
asymmetric_free,Private Allowed,3,ppo,1.4666666666666666,1.6333333333333333,1.5499999999999998,0.0038507822901010513,0.0,-0.0028760528657585382
asymmetric_free,Private Allowed,3,ppo,1.6333333333333333,1.8,1.7166666666666668,0.0,0.0,0.0
public_monitored,Public Monitored,0,ppo,-0.2,-0.033333333333333354,-0.11666666666666668,1.0,1.0,1.0
public_monitored,Public Monitored,0,ppo,-0.033333333333333354,0.1333333333333333,0.049999999999999975,1.0,1.0,1.0
public_monitored,Public Monitored,0,ppo,0.1333333333333333,0.3,0.21666666666666665,1.0,1.0,1.0
public_monitored,Public Monitored,0,ppo,0.3,0.4666666666666666,0.3833333333333333,1.0,1.0,1.0
public_monitored,Public Monitored,0,ppo,0.4666666666666666,0.6333333333333333,0.5499999999999999,0.9988123774528503,0.9988123774528503,0.9988123774528503
public_monitored,Public Monitored,0,ppo,0.6333333333333333,0.8,0.7166666666666667,0.9830952286720276,0.9809523820877075,0.977845311164856
public_monitored,Public Monitored,0,ppo,0.8,0.9666666666666666,0.8833333333333333,0.8558083772659302,0.8191616535186768,0.7934730648994446
public_monitored,Public Monitored,0,ppo,0.9666666666666666,1.1333333333333333,1.0499999999999998,0.557210385799408,0.13356974720954895,-0.18520094454288483
public_monitored,Public Monitored,0,ppo,1.1333333333333333,1.3,1.2166666666666668,0.18312138319015503,0.0,-0.1381734013557434
public_monitored,Public Monitored,0,ppo,1.3,1.4666666666666666,1.3833333333333333,0.03595505654811859,0.0,-0.027290886268019676
public_monitored,Public Monitored,0,ppo,1.4666666666666666,1.6333333333333333,1.5499999999999998,0.0020954597275704145,0.0,-0.0016763678286224604
public_monitored,Public Monitored,0,ppo,1.6333333333333333,1.8,1.7166666666666668,0.0,0.0,0.0
public_monitored,Public Monitored,1,ppo,-0.2,-0.033333333333333354,-0.11666666666666668,1.0,1.0,1.0
public_monitored,Public Monitored,1,ppo,-0.033333333333333354,0.1333333333333333,0.049999999999999975,1.0,1.0,1.0
public_monitored,Public Monitored,1,ppo,0.1333333333333333,0.3,0.21666666666666665,1.0,1.0,1.0
public_monitored,Public Monitored,1,ppo,0.3,0.4666666666666666,0.3833333333333333,1.0,1.0,1.0
public_monitored,Public Monitored,1,ppo,0.4666666666666666,0.6333333333333333,0.5499999999999999,0.9976387023925781,0.9976387023925781,0.9976387023925781
public_monitored,Public Monitored,1,ppo,0.6333333333333333,0.8,0.7166666666666667,0.9817551970481873,0.980369508266449,0.9779099822044373
public_monitored,Public Monitored,1,ppo,0.8,0.9666666666666666,0.8833333333333333,0.8500593304634094,0.8102016448974609,0.7817793488502502
public_monitored,Public Monitored,1,ppo,0.9666666666666666,1.1333333333333333,1.0499999999999998,0.510224461555481,0.11471321433782578,-0.18054862320423126
public_monitored,Public Monitored,1,ppo,1.1333333333333333,1.3,1.2166666666666668,0.18574821949005127,0.0,-0.13754156231880188
public_monitored,Public Monitored,1,ppo,1.3,1.4666666666666666,1.3833333333333333,0.014946619048714638,0.0,-0.010628706775605679
public_monitored,Public Monitored,1,ppo,1.4666666666666666,1.6333333333333333,1.5499999999999998,0.0012391573982313275,0.0,-0.0007930607534945011
public_monitored,Public Monitored,1,ppo,1.6333333333333333,1.8,1.7166666666666668,0.0,0.0,0.0
public_monitored,Public Monitored,2,ppo,-0.2,-0.033333333333333354,-0.11666666666666668,1.0,1.0,1.0
public_monitored,Public Monitored,2,ppo,-0.033333333333333354,0.1333333333333333,0.049999999999999975,1.0,1.0,1.0
public_monitored,Public Monitored,2,ppo,0.1333333333333333,0.3,0.21666666666666665,1.0,1.0,1.0
public_monitored,Public Monitored,2,ppo,0.3,0.4666666666666666,0.3833333333333333,1.0,1.0,1.0
public_monitored,Public Monitored,2,ppo,0.4666666666666666,0.6333333333333333,0.5499999999999999,1.0,1.0,1.0
public_monitored,Public Monitored,2,ppo,0.6333333333333333,0.8,0.7166666666666667,0.9876543283462524,0.9864197373390198,0.984950602054596
public_monitored,Public Monitored,2,ppo,0.8,0.9666666666666666,0.8833333333333333,0.9043902158737183,0.8829268217086792,0.8679633736610413
public_monitored,Public Monitored,2,ppo,0.9666666666666666,1.1333333333333333,1.0499999999999998,0.6125592589378357,0.14691942930221558,-0.20117299258708954
public_monitored,Public Monitored,2,ppo,1.1333333333333333,1.3,1.2166666666666668,0.22643275558948517,0.0,-0.16773098707199097
public_monitored,Public Monitored,2,ppo,1.3,1.4666666666666666,1.3833333333333333,0.0542675144970417,0.0,-0.04100636765360832
public_monitored,Public Monitored,2,ppo,1.4666666666666666,1.6333333333333333,1.5499999999999998,0.0020979021210223436,0.0,-0.001608391641639173
public_monitored,Public Monitored,2,ppo,1.6333333333333333,1.8,1.7166666666666668,0.0,0.0,0.0
public_monitored,Public Monitored,3,ppo,-0.2,-0.033333333333333354,-0.11666666666666668,1.0,1.0,1.0
public_monitored,Public Monitored,3,ppo,-0.033333333333333354,0.1333333333333333,0.049999999999999975,1.0,1.0,1.0
public_monitored,Public Monitored,3,ppo,0.1333333333333333,0.3,0.21666666666666665,1.0,1.0,1.0
public_monitored,Public Monitored,3,ppo,0.3,0.4666666666666666,0.3833333333333333,1.0,1.0,1.0
public_monitored,Public Monitored,3,ppo,0.4666666666666666,0.6333333333333333,0.5499999999999999,0.9978494644165039,0.9976105093955994,0.9969294667243958
public_monitored,Public Monitored,3,ppo,0.6333333333333333,0.8,0.7166666666666667,0.9807372093200684,0.9774078726768494,0.9736860990524292
public_monitored,Public Monitored,3,ppo,0.8,0.9666666666666666,0.8833333333333333,0.8508591055870056,0.8178694248199463,0.794433057308197
public_monitored,Public Monitored,3,ppo,0.9666666666666666,1.1333333333333333,1.0499999999999998,0.5599045157432556,0.13365155458450317,-0.1897852122783661
public_monitored,Public Monitored,3,ppo,1.1333333333333333,1.3,1.2166666666666668,0.19800995290279388,0.0,-0.14915421605110168
public_monitored,Public Monitored,3,ppo,1.3,1.4666666666666666,1.3833333333333333,0.03654080256819725,0.0,-0.02716199681162834
public_monitored,Public Monitored,3,ppo,1.4666666666666666,1.6333333333333333,1.5499999999999998,0.003863636404275894,0.0,-0.0026590910274535418
public_monitored,Public Monitored,3,ppo,1.6333333333333333,1.8,1.7166666666666668,0.0,0.0,0.0
private_monitored,Private Monitored,0,ppo,-0.2,-0.033333333333333354,-0.11666666666666668,1.0,1.0,1.0
private_monitored,Private Monitored,0,ppo,-0.033333333333333354,0.1333333333333333,0.049999999999999975,1.0,1.0,1.0
private_monitored,Private Monitored,0,ppo,0.1333333333333333,0.3,0.21666666666666665,1.0,1.0,1.0
private_monitored,Private Monitored,0,ppo,0.3,0.4666666666666666,0.3833333333333333,0.9997605085372925,1.0,0.9997605085372925
private_monitored,Private Monitored,0,ppo,0.4666666666666666,0.6333333333333333,0.5499999999999999,0.9988465905189514,0.9988465905189514,0.9988465905189514
private_monitored,Private Monitored,0,ppo,0.6333333333333333,0.8,0.7166666666666667,0.9754345417022705,0.9721900224685669,0.9686211347579956
private_monitored,Private Monitored,0,ppo,0.8,0.9666666666666666,0.8833333333333333,0.8294840455055237,0.8009827733039856,0.7802457213401794
private_monitored,Private Monitored,0,ppo,0.9666666666666666,1.1333333333333333,1.0499999999999998,0.5193588137626648,0.13933415710926056,-0.14599260687828064
private_monitored,Private Monitored,0,ppo,1.1333333333333333,1.3,1.2166666666666668,0.15278121829032898,0.0,-0.11060569435358047
private_monitored,Private Monitored,0,ppo,1.3,1.4666666666666666,1.3833333333333333,0.023076923564076424,0.0,-0.016215883195400238
private_monitored,Private Monitored,0,ppo,1.4666666666666666,1.6333333333333333,1.5499999999999998,0.001987577648833394,0.0,-0.0014409938594326377
private_monitored,Private Monitored,0,ppo,1.6333333333333333,1.8,1.7166666666666668,0.0,0.0,0.0
private_monitored,Private Monitored,1,ppo,-0.2,-0.033333333333333354,-0.11666666666666668,1.0,1.0,1.0
private_monitored,Private Monitored,1,ppo,-0.033333333333333354,0.1333333333333333,0.049999999999999975,1.0,1.0,1.0
private_monitored,Private Monitored,1,ppo,0.1333333333333333,0.3,0.21666666666666665,1.0,1.0,1.0
private_monitored,Private Monitored,1,ppo,0.3,0.4666666666666666,0.3833333333333333,1.0,1.0,1.0
private_monitored,Private Monitored,1,ppo,0.4666666666666666,0.6333333333333333,0.5499999999999999,0.9993007183074951,0.998834490776062,0.9984032511711121
private_monitored,Private Monitored,1,ppo,0.6333333333333333,0.8,0.7166666666666667,0.97315913438797,0.9691211581230164,0.964798092842102
private_monitored,Private Monitored,1,ppo,0.8,0.9666666666666666,0.8833333333333333,0.8584809899330139,0.8202531933784485,0.7926076054573059
private_monitored,Private Monitored,1,ppo,0.9666666666666666,1.1333333333333333,1.0499999999999998,0.5041975378990173,0.12839506566524506,-0.15872840583324432
private_monitored,Private Monitored,1,ppo,1.1333333333333333,1.3,1.2166666666666668,0.16930817067623138,0.0,-0.1261509507894516
private_monitored,Private Monitored,1,ppo,1.3,1.4666666666666666,1.3833333333333333,0.02766990289092064,0.0,-0.020509708672761917
private_monitored,Private Monitored,1,ppo,1.4666666666666666,1.6333333333333333,1.5499999999999998,0.0008820286602713168,0.0,-0.0006615215097554028
private_monitored,Private Monitored,1,ppo,1.6333333333333333,1.8,1.7166666666666668,0.0,0.0,0.0
private_monitored,Private Monitored,2,ppo,-0.2,-0.033333333333333354,-0.11666666666666668,1.0,1.0,1.0
private_monitored,Private Monitored,2,ppo,-0.033333333333333354,0.1333333333333333,0.049999999999999975,1.0,1.0,1.0
private_monitored,Private Monitored,2,ppo,0.1333333333333333,0.3,0.21666666666666665,1.0,1.0,1.0
private_monitored,Private Monitored,2,ppo,0.3,0.4666666666666666,0.3833333333333333,1.0,1.0,1.0
private_monitored,Private Monitored,2,ppo,0.4666666666666666,0.6333333333333333,0.5499999999999999,0.9992915987968445,0.9988193511962891,0.9986068606376648
private_monitored,Private Monitored,2,ppo,0.6333333333333333,0.8,0.7166666666666667,0.9773536920547485,0.9732824563980103,0.969796359539032
private_monitored,Private Monitored,2,ppo,0.8,0.9666666666666666,0.8833333333333333,0.8324390053749084,0.7865853905677795,0.7525365352630615
private_monitored,Private Monitored,2,ppo,0.9666666666666666,1.1333333333333333,1.0499999999999998,0.5252403616905212,0.13701923191547394,-0.15460337698459625
private_monitored,Private Monitored,2,ppo,1.1333333333333333,1.3,1.2166666666666668,0.16516444087028503,0.0,-0.125456765294075
private_monitored,Private Monitored,2,ppo,1.3,1.4666666666666666,1.3833333333333333,0.02191435731947422,0.0,-0.0158438291400671
private_monitored,Private Monitored,2,ppo,1.4666666666666666,1.6333333333333333,1.5499999999999998,0.0,0.0,0.0
private_monitored,Private Monitored,2,ppo,1.6333333333333333,1.8,1.7166666666666668,0.0,0.0,0.0
private_monitored,Private Monitored,3,ppo,-0.2,-0.033333333333333354,-0.11666666666666668,1.0,1.0,1.0
private_monitored,Private Monitored,3,ppo,-0.033333333333333354,0.1333333333333333,0.049999999999999975,1.0,1.0,1.0
private_monitored,Private Monitored,3,ppo,0.1333333333333333,0.3,0.21666666666666665,1.0,1.0,1.0
private_monitored,Private Monitored,3,ppo,0.3,0.4666666666666666,0.3833333333333333,1.0,1.0,1.0
private_monitored,Private Monitored,3,ppo,0.4666666666666666,0.6333333333333333,0.5499999999999999,0.9990314841270447,0.998789370059967,0.9977482557296753
private_monitored,Private Monitored,3,ppo,0.6333333333333333,0.8,0.7166666666666667,0.9821901321411133,0.9807460904121399,0.9780144095420837
private_monitored,Private Monitored,3,ppo,0.8,0.9666666666666666,0.8833333333333333,0.8376047611236572,0.8119760751724243,0.7948502898216248
private_monitored,Private Monitored,3,ppo,0.9666666666666666,1.1333333333333333,1.0499999999999998,0.5316513776779175,0.12155963480472565,-0.18827982246875763
private_monitored,Private Monitored,3,ppo,1.1333333333333333,1.3,1.2166666666666668,0.14282147586345673,0.0,-0.10671661049127579
private_monitored,Private Monitored,3,ppo,1.3,1.4666666666666666,1.3833333333333333,0.031111111864447594,0.0,-0.02201169542968273
private_monitored,Private Monitored,3,ppo,1.4666666666666666,1.6333333333333333,1.5499999999999998,0.002093023154884577,0.0,-0.0016162790125235915
private_monitored,Private Monitored,3,ppo,1.6333333333333333,1.8,1.7166666666666668,0.0,0.0,0.0
monitored_penalty,Monitored + Penalty,0,ppo,-0.2,-0.033333333333333354,-0.11666666666666668,1.0,1.0,1.0
monitored_penalty,Monitored + Penalty,0,ppo,-0.033333333333333354,0.1333333333333333,0.049999999999999975,1.0,1.0,1.0
monitored_penalty,Monitored + Penalty,0,ppo,0.1333333333333333,0.3,0.21666666666666665,1.0,1.0,1.0
monitored_penalty,Monitored + Penalty,0,ppo,0.3,0.4666666666666666,0.3833333333333333,1.0,1.0,1.0
monitored_penalty,Monitored + Penalty,0,ppo,0.4666666666666666,0.6333333333333333,0.5499999999999999,0.9989949464797974,0.9987437129020691,0.998115599155426
monitored_penalty,Monitored + Penalty,0,ppo,0.6333333333333333,0.8,0.7166666666666667,0.9892078042030334,0.9873708486557007,0.9853042364120483
monitored_penalty,Monitored + Penalty,0,ppo,0.8,0.9666666666666666,0.8833333333333333,0.8650349378585815,0.8333333134651184,0.809172511100769
monitored_penalty,Monitored + Penalty,0,ppo,0.9666666666666666,1.1333333333333333,1.0499999999999998,0.5698492527008057,0.14070351421833038,-0.18762563169002533
monitored_penalty,Monitored + Penalty,0,ppo,1.1333333333333333,1.3,1.2166666666666668,0.21286550164222717,0.0,-0.16031579673290253
monitored_penalty,Monitored + Penalty,0,ppo,1.3,1.4666666666666666,1.3833333333333333,0.04811664670705795,0.0,-0.03641555458307266
monitored_penalty,Monitored + Penalty,0,ppo,1.4666666666666666,1.6333333333333333,1.5499999999999998,0.004645476583391428,0.0,-0.0033129584044218063
monitored_penalty,Monitored + Penalty,0,ppo,1.6333333333333333,1.8,1.7166666666666668,0.0,0.0,0.0
monitored_penalty,Monitored + Penalty,1,ppo,-0.2,-0.033333333333333354,-0.11666666666666668,1.0,1.0,1.0
monitored_penalty,Monitored + Penalty,1,ppo,-0.033333333333333354,0.1333333333333333,0.049999999999999975,1.0,1.0,1.0
monitored_penalty,Monitored + Penalty,1,ppo,0.1333333333333333,0.3,0.21666666666666665,1.0,1.0,1.0
monitored_penalty,Monitored + Penalty,1,ppo,0.3,0.4666666666666666,0.3833333333333333,1.0,1.0,1.0
monitored_penalty,Monitored + Penalty,1,ppo,0.4666666666666666,0.6333333333333333,0.5499999999999999,0.9997530579566956,1.0,0.9997530579566956
monitored_penalty,Monitored + Penalty,1,ppo,0.6333333333333333,0.8,0.7166666666666667,0.976251482963562,0.974388837814331,0.9721419215202332
monitored_penalty,Monitored + Penalty,1,ppo,0.8,0.9666666666666666,0.8833333333333333,0.8628770112991333,0.828306257724762,0.8034802675247192
monitored_penalty,Monitored + Penalty,1,ppo,0.9666666666666666,1.1333333333333333,1.0499999999999998,0.5582054257392883,0.13341204822063446,-0.18199527263641357
monitored_penalty,Monitored + Penalty,1,ppo,1.1333333333333333,1.3,1.2166666666666668,0.16952624917030334,0.0,-0.12512163817882538
monitored_penalty,Monitored + Penalty,1,ppo,1.3,1.4666666666666666,1.3833333333333333,0.03180722892284393,0.0,-0.02303614467382431
monitored_penalty,Monitored + Penalty,1,ppo,1.4666666666666666,1.6333333333333333,1.5499999999999998,0.0023255813866853714,0.0,-0.0017093024216592312
monitored_penalty,Monitored + Penalty,1,ppo,1.6333333333333333,1.8,1.7166666666666668,0.0,0.0,0.0
monitored_penalty,Monitored + Penalty,2,ppo,-0.2,-0.033333333333333354,-0.11666666666666668,1.0,1.0,1.0
monitored_penalty,Monitored + Penalty,2,ppo,-0.033333333333333354,0.1333333333333333,0.049999999999999975,1.0,1.0,1.0
monitored_penalty,Monitored + Penalty,2,ppo,0.1333333333333333,0.3,0.21666666666666665,1.0,1.0,1.0
monitored_penalty,Monitored + Penalty,2,ppo,0.3,0.4666666666666666,0.3833333333333333,1.0,1.0,1.0
monitored_penalty,Monitored + Penalty,2,ppo,0.4666666666666666,0.6333333333333333,0.5499999999999999,1.0,1.0,1.0
monitored_penalty,Monitored + Penalty,2,ppo,0.6333333333333333,0.8,0.7166666666666667,0.9883069396018982,0.9853836894035339,0.9821559190750122
monitored_penalty,Monitored + Penalty,2,ppo,0.8,0.9666666666666666,0.8833333333333333,0.8791027069091797,0.8536009192466736,0.8360567092895508
monitored_penalty,Monitored + Penalty,2,ppo,0.9666666666666666,1.1333333333333333,1.0499999999999998,0.5481220483779907,0.13145539164543152,-0.18321596086025238
monitored_penalty,Monitored + Penalty,2,ppo,1.1333333333333333,1.3,1.2166666666666668,0.21341772377490997,0.0,-0.15926581621170044
monitored_penalty,Monitored + Penalty,2,ppo,1.3,1.4666666666666666,1.3833333333333333,0.032997481524944305,0.0,-0.023866498842835426
monitored_penalty,Monitored + Penalty,2,ppo,1.4666666666666666,1.6333333333333333,1.5499999999999998,0.002155688591301441,0.0,-0.001952095772139728
monitored_penalty,Monitored + Penalty,2,ppo,1.6333333333333333,1.8,1.7166666666666668,0.0,0.0,0.0
monitored_penalty,Monitored + Penalty,3,ppo,-0.2,-0.033333333333333354,-0.11666666666666668,1.0,1.0,1.0
monitored_penalty,Monitored + Penalty,3,ppo,-0.033333333333333354,0.1333333333333333,0.049999999999999975,1.0,1.0,1.0
monitored_penalty,Monitored + Penalty,3,ppo,0.1333333333333333,0.3,0.21666666666666665,1.0,1.0,1.0
monitored_penalty,Monitored + Penalty,3,ppo,0.3,0.4666666666666666,0.3833333333333333,1.0,1.0,1.0
monitored_penalty,Monitored + Penalty,3,ppo,0.4666666666666666,0.6333333333333333,0.5499999999999999,0.9995238184928894,1.0,0.9995238184928894
monitored_penalty,Monitored + Penalty,3,ppo,0.6333333333333333,0.8,0.7166666666666667,0.9844339489936829,0.9811320900917053,0.9780188202857971
monitored_penalty,Monitored + Penalty,3,ppo,0.8,0.9666666666666666,0.8833333333333333,0.8905109763145447,0.8673965930938721,0.8505231738090515
monitored_penalty,Monitored + Penalty,3,ppo,0.9666666666666666,1.1333333333333333,1.0499999999999998,0.5786148309707642,0.143377885222435,-0.1855650097131729
monitored_penalty,Monitored + Penalty,3,ppo,1.1333333333333333,1.3,1.2166666666666668,0.22795699536800385,0.0,-0.17082437872886658
monitored_penalty,Monitored + Penalty,3,ppo,1.3,1.4666666666666666,1.3833333333333333,0.037931036204099655,0.0,-0.02791871875524521
monitored_penalty,Monitored + Penalty,3,ppo,1.4666666666666666,1.6333333333333333,1.5499999999999998,0.004999999888241291,0.0,-0.003654761938378215
monitored_penalty,Monitored + Penalty,3,ppo,1.6333333333333333,1.8,1.7166666666666668,0.0,0.0,0.0
