arm,arm_label,sender_seed,receiver_seed,self_play,welfare,shuffled_welfare,message_value,join_rate,success_rate,visible_norm,hidden_norm,hidden_norm_share,hidden_causal_influence,hidden_shuffle_causal_influence,hidden_action_flip_rate,hidden_probe_gain,causal_strategic_opacity_gap,probe_strategic_opacity_gap,live_monitor_content_accuracy,live_monitor_true_probability,full_content_balanced_accuracy,auditor_content_balanced_accuracy,visible_content_balanced_accuracy,hidden_content_balanced_accuracy
no_comm,No Messages,0,0,True,0.3894200026988983,0.3894200026988983,0.0,0.7822399735450745,0.5591999888420105,0.0,0.0,0.0,0.0,0.0,0.0,0.0,0.0,0.0,,,0.3333333333333333,0.3333333333333333,0.3333333333333333,0.3333333333333333
no_comm,No Messages,0,1,False,0.4030280113220215,0.4030280113220215,0.0,0.7593599557876587,0.5564000010490417,0.0,0.0,0.0,0.0,0.0,0.0,0.0,0.0,0.0,,,0.3333333333333333,0.3333333333333333,0.3333333333333333,0.3333333333333333
no_comm,No Messages,0,2,False,0.37845197319984436,0.37845197319984436,0.0,0.7526400089263916,0.5404000282287598,0.0,0.0,0.0,0.0,0.0,0.0,0.0,0.0,0.0,,,0.3333333333333333,0.3333333333333333,0.3333333333333333,0.3333333333333333
no_comm,No Messages,0,3,False,0.4094240069389343,0.4094240069389343,0.0,0.7852799892425537,0.5703999996185303,0.0,0.0,0.0,0.0,0.0,0.0,0.0,0.0,0.0,,,0.3333333333333333,0.3333333333333333,0.3333333333333333,0.3333333333333333
no_comm,No Messages,1,0,False,0.3891039788722992,0.3891039788722992,0.0,0.776479959487915,0.5564000010490417,0.0,0.0,0.0,0.0,0.0,0.0,0.0,0.0,0.0,,,0.3333333333333333,0.3333333333333333,0.3333333333333333,0.3333333333333333
no_comm,No Messages,1,1,True,0.39437201619148254,0.39437201619148254,0.0,0.7578399777412415,0.553600013256073,0.0,0.0,0.0,0.0,0.0,0.0,0.0,0.0,0.0,,,0.3333333333333333,0.3333333333333333,0.3333333333333333,0.3333333333333333
no_comm,No Messages,1,2,False,0.39372000098228455,0.39372000098228455,0.0,0.759119987487793,0.5515999794006348,0.0,0.0,0.0,0.0,0.0,0.0,0.0,0.0,0.0,,,0.3333333333333333,0.3333333333333333,0.3333333333333333,0.3333333333333333
no_comm,No Messages,1,3,False,0.40322795510292053,0.40322795510292053,0.0,0.7774399518966675,0.5651999711990356,0.0,0.0,0.0,0.0,0.0,0.0,0.0,0.0,0.0,,,0.3333333333333333,0.3333333333333333,0.3333333333333333,0.3333333333333333
no_comm,No Messages,2,0,False,0.4000239670276642,0.4000239670276642,0.0,0.7815200090408325,0.5636000037193298,0.0,0.0,0.0,0.0,0.0,0.0,0.0,0.0,0.0,,,0.3333333333333333,0.3333333333333333,0.3333333333333333,0.3333333333333333
no_comm,No Messages,2,1,False,0.3819560110569,0.3819560110569,0.0,0.7512800097465515,0.5411999821662903,0.0,0.0,0.0,0.0,0.0,0.0,0.0,0.0,0.0,,,0.3333333333333333,0.3333333333333333,0.3333333333333333,0.3333333333333333
no_comm,No Messages,2,2,True,0.39833196997642517,0.39833196997642517,0.0,0.751039981842041,0.5511999726295471,0.0,0.0,0.0,0.0,0.0,0.0,0.0,0.0,0.0,,,0.3333333333333333,0.3333333333333333,0.3333333333333333,0.3333333333333333
no_comm,No Messages,2,3,False,0.39172396063804626,0.39172396063804626,0.0,0.777679979801178,0.5576000213623047,0.0,0.0,0.0,0.0,0.0,0.0,0.0,0.0,0.0,,,0.3333333333333333,0.3333333333333333,0.3333333333333333,0.3333333333333333
no_comm,No Messages,3,0,False,0.39761197566986084,0.39761197566986084,0.0,0.7899199724197388,0.5680000185966492,0.0,0.0,0.0,0.0,0.0,0.0,0.0,0.0,0.0,,,0.3333333333333333,0.3333333333333333,0.3333333333333333,0.3333333333333333
no_comm,No Messages,3,1,False,0.4080119729042053,0.4080119729042053,0.0,0.7548799514770508,0.557200014591217,0.0,0.0,0.0,0.0,0.0,0.0,0.0,0.0,0.0,,,0.3333333333333333,0.3333333333333333,0.3333333333333333,0.3333333333333333
no_comm,No Messages,3,2,False,0.39375999569892883,0.39375999569892883,0.0,0.7574399709701538,0.5504000186920166,0.0,0.0,0.0,0.0,0.0,0.0,0.0,0.0,0.0,,,0.3333333333333333,0.3333333333333333,0.3333333333333333,0.3333333333333333
no_comm,No Messages,3,3,True,0.41207998991012573,0.41207998991012573,0.0,0.781279981136322,0.5708000063896179,0.0,0.0,0.0,0.0,0.0,0.0,0.0,0.0,0.0,,,0.3333333333333333,0.3333333333333333,0.3333333333333333,0.3333333333333333
visible_bottleneck,Public Only,0,0,True,0.5529599785804749,0.28620001673698425,0.2667599618434906,0.6298399567604065,0.5860000252723694,2.9195423126220703,0.31830450892448425,0.0983074637151755,4.82408246682553e-09,1.5595976066151707e-08,0.0,0.04386139550313617,1.2868720547802304e-09,0.011700464190818854,,,0.9668809904132685,0.9230195949101323,0.9167063129316023,0.8554134312109333
visible_bottleneck,Public Only,0,1,False,-0.31071600317955017,0.18307599425315857,-0.49379199743270874,0.41871997714042664,0.10559999942779541,2.9060280323028564,0.31771498918533325,0.0985546884685198,1.6402781355395746e-08,2.824775258147838e-08,0.0,0.048897707522346234,0.0,0.0,,,0.9655637191690318,0.9166660116466856,0.9175044686431207,0.8436650880458667
visible_bottleneck,Public Only,0,2,False,0.5348239541053772,0.2457919865846634,0.2890319675207138,0.5964800119400024,0.5616000294685364,2.917233467102051,0.31868335604667664,0.09848317291931502,5.5242699303903464e-09,1.5085591442698387e-08,0.0,0.0459526586206479,1.5966906070962385e-09,0.013281787333933554,,,0.9653896773692939,0.919437018748646,0.9252463559158208,0.845700700114739
visible_bottleneck,Public Only,0,3,False,0.5229160189628601,0.23548799753189087,0.28742802143096924,0.6027199625968933,0.557200014591217,2.902571439743042,0.3214506506919861,0.09970485365024645,5.304722883181512e-09,1.4956679450506272e-08,0.0,0.04656543869788987,1.5247260025524485e-09,0.013384211911999575,,,0.9674014199132244,0.9208359812153345,0.916764100830315,0.8307204820447648
visible_bottleneck,Public Only,1,0,False,-0.30583998560905457,0.17400400340557098,-0.47984398901462555,0.4423999786376953,0.1136000007390976,2.968501091003418,0.3141455054283142,0.09569885036354304,1.618033174111133e-08,2.897197859397238e-08,0.0,0.022096034094098327,0.0,0.0,,,0.9553147373925545,0.9332187032984561,0.9399052243050227,0.9400517964631833
visible_bottleneck,Public Only,1,1,True,0.5229679346084595,0.264924019575119,0.25804391503334045,0.6155999898910522,0.5627999901771545,2.9737980365753174,0.31367960572242737,0.09541649856002811,6.584686573773979e-09,1.546644412542264e-08,0.0,0.016308274219302032,1.6991383027641103e-09,0.00420825092698599,,,0.9408176059471769,0.9245093317278749,0.9325410744356901,0.9247242654009139
visible_bottleneck,Public Only,1,2,False,-0.2930240035057068,0.12533199787139893,-0.4183560013771057,0.39824000000953674,0.09480000287294388,2.947664499282837,0.3105261027812958,0.09530630362280552,1.767434021360259e-08,3.7628712590276336e-08,0.0,0.006354414804112363,0.0,0.0,,,0.9446314227178007,0.9382770079136883,0.9367284912535986,0.940085090338563
visible_bottleneck,Public Only,1,3,False,-0.30873197317123413,0.15955199301242828,-0.4682839661836624,0.42639997601509094,0.11840000003576279,2.9646217823028564,0.3128291666507721,0.09544892403367536,1.460769372130244e-08,3.024885941727007e-08,0.0,0.011257690439970047,0.0,0.0,,,0.9371599334089091,0.9259022429689391,0.9396118898277637,0.9246450644197134
visible_bottleneck,Public Only,2,0,False,0.5469399690628052,0.2869679927825928,0.2599719762802124,0.6535999774932861,0.5932000279426575,3.0327486991882324,0.3560744524002075,0.10507318808693368,5.34320188094739e-09,1.7919061789939406e-08,0.0,0.00683134422029108,1.3890827526540412e-09,0.0017759580575994788,,,0.9730243721838914,0.9661930279636003,0.9676202982500364,0.9025596596810989
visible_bottleneck,Public Only,2,1,False,-0.25108399987220764,0.1476919949054718,-0.39877599477767944,0.3320799767971039,0.09679999947547913,3.0318126678466797,0.3552354872226715,0.10488055408689574,1.8466257856175616e-08,3.858674091361536e-08,0.0,0.014335627628872305,0.0,0.0,,,0.9718404015888531,0.9575047739599808,0.9638498681497163,0.896685323575873
visible_bottleneck,Public Only,2,2,True,0.531711995601654,0.2699759900569916,0.2617360055446625,0.6279199719429016,0.5727999806404114,3.0443930625915527,0.3553747534751892,0.10452912454660779,4.830464472860285e-09,1.4670586523379825e-08,0.0,0.003896315630115943,1.2643064760518547e-09,0.0010198060893677815,,,0.9657562386552622,0.9618599230251462,0.9551908358916013,0.904248654218666
visible_bottleneck,Public Only,2,3,False,0.538379967212677,0.29995599389076233,0.23842397332191467,0.6593599915504456,0.5892000198364258,3.039604902267456,0.35657498240470886,0.1049929610660565,5.729756669126118e-09,1.6015315296158406e-08,0.0,0.0,1.3661113512207883e-09,0.0,,,0.9653039219054209,0.9681209907600685,0.9605242469712362,0.8941966460364723
visible_bottleneck,Public Only,3,0,False,0.5255839824676514,0.2692839801311493,0.2563000023365021,0.632319986820221,0.5720000267028809,2.892508029937744,0.32854780554771423,0.1020000342521841,5.440432548908802e-09,1.8624071174144774e-08,0.0,0.0050330961068325575,1.394382874996908e-09,0.001289982543941024,,,0.9539155679197214,0.9488824718128889,0.9459272552763722,0.9508057568331779
visible_bottleneck,Public Only,3,1,False,-0.2866719961166382,0.17527200281620026,-0.46194399893283844,0.3840000033378601,0.10520000010728836,2.9075112342834473,0.3315487504005432,0.10235955862759047,1.5499329819590457e-08,2.8561366605117655e-08,0.0,0.002159561015460665,0.0,0.0,,,0.9455208574639822,0.9433612964485215,0.9442647719252846,0.9395020622239785
visible_bottleneck,Public Only,3,2,False,0.5351960062980652,0.25433599948883057,0.2808600068092346,0.617680013179779,0.5708000063896179,2.8763318061828613,0.3271803557872772,0.10213176640043205,5.334056307759738e-09,1.5323703195235794e-08,0.0,0.012838260193843709,1.498123090918241e-09,0.00360575384546167,,,0.957845822093069,0.9450075618992253,0.9390469954249901,0.9387952247967221
visible_bottleneck,Public Only,3,3,True,0.5357440114021301,0.2594119906425476,0.2763320207595825,0.6268799901008606,0.5748000144958496,2.904020309448242,0.3307064473628998,0.1022362852338467,4.848093038134493e-09,1.569000396273168e-08,0.0,0.02478831814656901,1.3396833460581683e-09,0.0068498060446728435,,,0.9549991608984237,0.9302108427518547,0.9408299277662544,0.9381025614410895
asymmetric_free,Private Allowed,0,0,True,0.5271999835968018,0.23947998881340027,0.2877199947834015,0.6203199625015259,0.5680000185966492,0.8102710843086243,2.638709306716919,0.7650693850226,0.09174487739801407,0.27487027645111084,0.2749599814414978,0.01877270060416758,0.026396835646360417,0.005401281319901454,,,0.9865062276845483,0.9677335270803807,0.973951701129334,0.9831870740618386
asymmetric_free,Private Allowed,0,1,False,-0.2573559880256653,0.25509998202323914,-0.5124559700489044,0.37063997983932495,0.11800000071525574,0.8114665150642395,2.6397058963775635,0.7648722178080835,0.6022935509681702,0.5216865539550781,0.5300799608230591,0.013609772314476465,0.0,0.0,,,0.9858090621612821,0.9721992898468056,0.9742851670788522,0.9863076394533525
asymmetric_free,Private Allowed,0,2,False,0.5019840002059937,0.39960798621177673,0.10237601399421692,0.7046399712562561,0.5879999995231628,0.8145544528961182,2.6482458114624023,0.764770015388972,0.05921535566449165,0.10150239616632462,0.10136000066995621,0.009490805912922062,0.00606223208018053,0.0009716308789577057,,,0.9882013358620675,0.9787105299491454,0.9745775684145676,0.9739835524729167
asymmetric_free,Private Allowed,0,3,False,-0.21276800334453583,0.19714801013469696,-0.4099160134792328,0.2867199778556824,0.10360000282526016,0.8115056157112122,2.6358673572540283,0.7646017352705531,0.7788873910903931,0.5836502909660339,0.5850399732589722,0.009980800614906249,0.0,0.0,,,0.9832682062347885,0.9732874056198823,0.9741113322753855,0.9846050558796396
asymmetric_free,Private Allowed,1,0,False,-0.2540999948978424,0.2038159966468811,-0.4579159915447235,0.3455999791622162,0.10239999741315842,1.7297840118408203,2.3966665267944336,0.5808058292120196,0.5162270069122314,0.4269745945930481,0.4272799789905548,0.028160013197834455,0.0,0.0,,,0.9494165913698697,0.9212565781720352,0.9191024412099326,0.9446059974894876
asymmetric_free,Private Allowed,1,1,True,0.549776017665863,0.2774119973182678,0.2723640203475952,0.6295999884605408,0.5843999981880188,1.72889244556427,2.3971211910247803,0.5809775250782897,0.04151128977537155,0.1190691739320755,0.11903999745845795,0.03492879221176648,0.011306181773034218,0.00951334627268249,,,0.9624930276499232,0.9275642354381567,0.9335357025986243,0.956474210190796
asymmetric_free,Private Allowed,1,2,False,-0.3042999804019928,0.21845601499080658,-0.5227559953927994,0.4296799898147583,0.12720000743865967,1.7305247783660889,2.3976356983184814,0.5808000226396438,0.6458515524864197,0.5583516359329224,0.5590400099754333,0.020364621987056797,0.0,0.0,,,0.9459355274096867,0.9255709054226299,0.9257794521338091,0.9468173587094829
asymmetric_free,Private Allowed,1,3,False,0.5064399838447571,0.335316002368927,0.17112398147583008,0.5991199612617493,0.5455999970436096,1.7253986597061157,2.3869707584381104,0.5804368517834348,0.32089874148368835,0.3939119577407837,0.39431998133659363,0.02993082962107918,0.05491347029327187,0.00512188273363378,,,0.9569964791260971,0.9270656495050179,0.9219894518924182,0.959012922144054
asymmetric_free,Private Allowed,2,0,False,0.4739759564399719,0.3770040273666382,0.09697192907333374,0.6681599617004395,0.5580000281333923,0.9122658967971802,2.827317476272583,0.7560514619444583,0.06798137724399567,0.06874272227287292,0.06960000097751617,0.10331985148135248,0.006592285292412292,0.010019125309717089,,,0.9915069204182898,0.8881870689369373,0.8922059850337462,0.9882576637580942
asymmetric_free,Private Allowed,2,1,False,-0.19511200487613678,0.3270319998264313,-0.522144004702568,0.5984799861907959,0.28119999170303345,0.91142737865448,2.834016799926758,0.7566570651709124,0.5324795842170715,0.5094637274742126,0.5113599896430969,0.09705627405429762,0.0,0.0,,,0.9899021679193805,0.8928458938650828,0.8838810125622748,0.9898554812003854
asymmetric_free,Private Allowed,2,2,True,0.5523880124092102,0.27570000290870667,0.27668800950050354,0.6281599998474121,0.5852000117301941,0.9087496399879456,2.8433425426483154,0.7578018887186699,0.11944028735160828,0.2812785804271698,0.2815999984741211,0.0834438576433737,0.033047695361484664,0.023087914876388446,,,0.9869251046584987,0.903481247015125,0.9044700827684625,0.9880714087296818
asymmetric_free,Private Allowed,2,3,False,0.3375920355319977,0.3746039867401123,-0.037011951208114624,0.8186399936676025,0.5491999983787537,0.914242148399353,2.830409526824951,0.7558538877065007,0.18042239546775818,0.12307149171829224,0.12280000001192093,0.07675368329025001,0.0,0.0,,,0.9894869118204498,0.9127332285301998,0.9140797398351722,0.9849636780985226
asymmetric_free,Private Allowed,3,0,False,-0.21837198734283447,0.21286800503730774,-0.4312399923801422,0.2970399856567383,0.09960000216960907,1.4088302850723267,2.53177547454834,0.6424838283726346,0.7498255372047424,0.621782660484314,0.6246399879455566,0.04633211216406208,0.0,0.0,,,0.9732703234673803,0.9269382113033182,0.9310643566212568,0.969292408021938
asymmetric_free,Private Allowed,3,1,False,0.4708399772644043,0.3713440001010895,0.09949597716331482,0.6463199853897095,0.5464000105857849,1.40571928024292,2.524254083633423,0.6423081914081006,0.31673869490623474,0.38490623235702515,0.38679999113082886,0.03854594784595888,0.03151422595512887,0.003835166746619849,,,0.9764540178350943,0.9379080699891355,0.9293146690874892,0.9823607493746002
asymmetric_free,Private Allowed,3,2,False,0.3852960169315338,0.4015119671821594,-0.01621595025062561,0.8423199653625488,0.5860000252723694,1.4068396091461182,2.5228006839752197,0.6419927768939236,0.17211192846298218,0.1207382008433342,0.12263999879360199,0.03517112117986254,0.0,0.0,,,0.9713553636989184,0.9361842425190559,0.9285188472794577,0.976975462816823
asymmetric_free,Private Allowed,3,3,True,0.535315990447998,0.2586359977722168,0.27667999267578125,0.6203199625015259,0.5712000131607056,1.4027003049850464,2.5211386680603027,0.6425183819670383,0.0608428418636322,0.20412062108516693,0.20295999944210052,0.05184265021881995,0.016833997041203475,0.014343824082836194,,,0.9760099282398733,0.9241672780210534,0.9269656512710688,0.9793637489442478
public_monitored,Public Monitored,0,0,True,0.5392839908599854,0.2855519950389862,0.25373199582099915,0.6408799886703491,0.5824000239372253,2.8573837280273438,0.29777613282203674,0.0943775104764024,6.126944729345496e-09,1.3940347542984455e-08,0.0,0.08113475840114182,1.5546019144617841e-09,0.02058648417957629,0.7565600275993347,0.6894856095314026,0.9167729207436475,0.8356381623425057,0.8393413348606242,0.8589937641559814
public_monitored,Public Monitored,0,1,False,-0.2619760036468506,0.15046799182891846,-0.41244399547576904,0.35951998829841614,0.10400000214576721,2.839996814727783,0.29546603560447693,0.09423362664723227,1.4738907871958418e-08,3.1037846071058084e-08,0.0,0.07927617741831905,0.0,0.0,0.7540000081062317,0.6888332962989807,0.9132758563238094,0.8339996789054903,0.8364371528254567,0.8528321162791229
public_monitored,Public Monitored,0,2,False,0.5325159430503845,0.2617359757423401,0.27077996730804443,0.612559974193573,0.5667999982833862,2.864332437515259,0.2959662973880768,0.09365136723289216,6.340725722253637e-09,1.3334385151608785e-08,0.0,0.07796440300774321,1.7169415037811163e-09,0.02111119849762791,0.7598400115966797,0.6909899711608887,0.9144907844529504,0.8365263814452072,0.8314982220652697,0.8592686879220534
public_monitored,Public Monitored,0,3,False,0.52811598777771,0.237543985247612,0.29057200253009796,0.6090399622917175,0.5631999969482422,2.8566691875457764,0.2972506284713745,0.09424799798707313,5.281134196621906e-09,1.2377872948832191e-08,0.0,0.07607415293569941,1.5345497391426074e-09,0.02210501895930711,0.7706400156021118,0.6999534964561462,0.9142443873456352,0.8381702344099358,0.8386324325183154,0.8442587866868217
public_monitored,Public Monitored,1,0,False,-0.2668760120868683,0.14913199841976166,-0.41600801050662994,0.35527998208999634,0.1080000028014183,2.888909339904785,0.3022688627243042,0.09472014520382362,1.7893256654133438e-08,3.6386854418424264e-08,0.0,0.05553481517873071,0.0,0.0,0.7960000038146973,0.7228775024414062,0.9095917558234022,0.8540569406446715,0.855508047571659,0.8762483385673249
public_monitored,Public Monitored,1,1,True,0.532371997833252,0.26491600275039673,0.2674559950828552,0.6241599917411804,0.5716000199317932,2.8724918365478516,0.30289748311042786,0.09538908543756905,5.862981211635088e-09,1.7969775001347443e-08,0.0,0.043006714532312196,1.5680894741099466e-09,0.011502403630483849,0.8017600178718567,0.730716347694397,0.8988619613102228,0.8558552467779106,0.8510016579832875,0.8708675945262075
public_monitored,Public Monitored,1,2,False,-0.24711200594902039,0.11615199595689774,-0.3632640019059181,0.32624000310897827,0.09799999743700027,2.8749561309814453,0.3000626564025879,0.09450736404927418,2.071899096733887e-08,3.934244574566037e-08,0.0,0.037634850191544666,0.0,0.0,0.7920799851417542,0.7216220498085022,0.9045808354971779,0.8669459853056333,0.8711385139650903,0.8788305519286935
public_monitored,Public Monitored,1,3,False,-0.26829999685287476,0.13716000318527222,-0.405460000038147,0.3593599796295166,0.10199999809265137,2.860764265060425,0.30122414231300354,0.09526415138353453,1.95046663264975e-08,3.811992499436201e-08,0.0,0.04646110336889975,0.0,0.0,0.7928000092506409,0.7278368473052979,0.9068848406108841,0.8604237372419844,0.8570154617237438,0.8675363271021005
public_monitored,Public Monitored,2,0,False,0.506947934627533,0.2614639699459076,0.24548396468162537,0.6361599564552307,0.5619999766349792,2.9199023246765137,0.37120693922042847,0.11279082809328826,5.490429444421352e-09,1.502543334197526e-08,0.0,0.17146959544337403,1.3478123878212871e-09,0.042093036111793825,0.7547199726104736,0.6793995499610901,0.9493375968325243,0.7778680013891502,0.7853318152288029,0.9356510662972345
public_monitored,Public Monitored,2,1,False,-0.22203198075294495,0.10870800167322159,-0.33073998242616653,0.29231998324394226,0.09600000083446503,2.9241867065429688,0.3716557025909424,0.11276501011121066,1.4367614653565397e-08,3.569278916870644e-08,0.0,0.17264730074153334,0.0,0.0,0.7447999715805054,0.670337975025177,0.954143428844925,0.7814961281033916,0.7877913214671008,0.9421585667821756
public_monitored,Public Monitored,2,2,True,0.541763961315155,0.2782079875469208,0.26355597376823425,0.6480799913406372,0.5879999995231628,2.9227049350738525,0.37143734097480774,0.11275692117960025,6.24072526989039e-09,1.571505947595142e-08,0.0,0.1832254733054527,1.6447804255259883e-09,0.0482901680361642,0.7472000122070312,0.6690043807029724,0.9611799104617567,0.777954437156304,0.7740738027971922,0.9330512887018622
public_monitored,Public Monitored,2,3,False,0.5342439413070679,0.2701840102672577,0.2640599310398102,0.64055997133255,0.5799999833106995,2.9360880851745605,0.37312161922454834,0.11275248550387662,5.885409049000145e-09,1.6203422603666695e-08,0.0,0.1774648151367919,1.5541007076200532e-09,0.046861346847013936,0.7480800151824951,0.6723467111587524,0.9552875154726698,0.7778227003358779,0.7756124443610256,0.9277828606826665
public_monitored,Public Monitored,3,0,False,0.5285919904708862,0.261135995388031,0.2674559950828552,0.6472799777984619,0.579200029373169,2.854879856109619,0.2759664058685303,0.08814434909179078,6.656806217364419e-09,1.8363792264608492e-08,0.0,0.03195599853050324,1.7804027309389382e-09,0.008546823385842003,0.774399995803833,0.7027319669723511,0.8911968030072638,0.8592408044767605,0.8684172269661977,0.8535036601790301
public_monitored,Public Monitored,3,1,False,-0.26476800441741943,0.1434279978275299,-0.40819600224494934,0.3511999845504761,0.10360000282526016,2.8707950115203857,0.27920740842819214,0.08863720442244932,1.3499012574413882e-08,3.047392738153576e-08,0.0,0.03112069781170612,0.0,0.0,0.7771999835968018,0.7076734900474548,0.9028239770736874,0.8717032792619813,0.8650615750675463,0.8589012015457015
public_monitored,Public Monitored,3,2,False,0.5424320101737976,0.27492401003837585,0.26750800013542175,0.6322399973869324,0.5807999968528748,2.884021759033203,0.27988189458847046,0.08846094104923005,6.192323542819622e-09,1.5054537172431992e-08,0.0,0.02881288410188043,1.6564960871311668e-09,0.007707677004227722,0.7712799906730652,0.6993861198425293,0.895397703552039,0.8665848194501585,0.8723821129011865,0.8709990095229534
public_monitored,Public Monitored,3,3,True,0.5269280076026917,0.2745159864425659,0.25241202116012573,0.647599995136261,0.579200029373169,2.8746702671051025,0.27795737981796265,0.08816689154180526,6.778236638638191e-09,1.783004677236022e-08,0.0,0.020457912968218195,1.7109084098602826e-09,0.0051638231610259015,0.7660800218582153,0.6986122727394104,0.8905970165128125,0.8701391035445943,0.8660319283605001,0.8640684961647812
private_monitored,Private Monitored,0,0,True,0.5450640320777893,0.27202796936035156,0.27303606271743774,0.6236000061035156,0.5784000158309937,0.5283119678497314,2.6836042404174805,0.8355150216901988,0.11659025400876999,0.29905515909194946,0.3001599907875061,0.035913251086895914,0.03183334390578052,0.009805612676148802,0.5173599720001221,0.40267321467399597,0.9874180113816449,0.951504760294749,0.9572026981949454,0.9830222014476506
private_monitored,Private Monitored,0,1,False,-0.25829198956489563,0.2620280086994171,-0.5203199982643127,0.3739199936389923,0.1143999993801117,0.5229042172431946,2.6863560676574707,0.8370639428333624,0.6838962435722351,0.6128460168838501,0.6204800009727478,0.025501065975489734,0.0,0.0,0.5156800150871277,0.40168407559394836,0.9847900370886445,0.9592889711131548,0.955591679819467,0.98155116741624
private_monitored,Private Monitored,0,2,False,0.4777320325374603,0.391791969537735,0.08594006299972534,0.6729599833488464,0.5627999901771545,0.5269150733947754,2.6784508228302,0.8356146878534728,0.08235041052103043,0.11029412597417831,0.1085599958896637,0.021529342023194342,0.007077199468230599,0.001850233009815956,0.5271999835968018,0.40463709831237793,0.9841067644496041,0.9625774224264098,0.9644585444966083,0.9821964577910925
private_monitored,Private Monitored,0,3,False,-0.23575998842716217,0.18142397701740265,-0.4171839654445648,0.3158400058746338,0.1096000000834465,0.5263146162033081,2.6852164268493652,0.8361172259748648,0.7791979312896729,0.5620318651199341,0.5638399720191956,0.020311456300394215,0.0,0.0,0.5052000284194946,0.39890506863594055,0.9819244979383249,0.9616130416379307,0.955973252126238,0.984843986852083
private_monitored,Private Monitored,1,0,False,-0.27712002396583557,0.23239198327064514,-0.5095120072364807,0.3928000032901764,0.11240000277757645,0.6302866339683533,2.702653646469116,0.8108917109413001,0.6937626600265503,0.6029597520828247,0.6041600108146667,0.085915864028144,0.0,0.0,0.5280799865722656,0.43552929162979126,0.9651408746731667,0.8792250106450227,0.8886118195011773,0.9700946295631484
private_monitored,Private Monitored,1,1,True,0.5236160159111023,0.25026801228523254,0.27334800362586975,0.6144799590110779,0.5631999969482422,0.6298766732215881,2.691206216812134,0.8103399722085249,0.16487795114517212,0.2995818853378296,0.2994399964809418,0.0803980631218022,0.045069058787456484,0.021976650049731292,0.5291200280189514,0.436213880777359,0.9693486571709689,0.8889505940491667,0.8820482161978958,0.9694247987186547
private_monitored,Private Monitored,1,2,False,-0.2914840281009674,0.23859599232673645,-0.5300800204277039,0.3991200029850006,0.10760000348091125,0.6257910132408142,2.693843364715576,0.81148797066439,0.7528071403503418,0.6457882523536682,0.6488800048828125,0.0869421095390549,0.0,0.0,0.5154399871826172,0.43209633231163025,0.9627383757837628,0.8757962662447079,0.8812055244701794,0.9606537052968799
private_monitored,Private Monitored,1,3,False,0.5366439819335938,0.2933639883995056,0.24327999353408813,0.6083199977874756,0.5672000050544739,0.6280348300933838,2.6833910942077637,0.8103430834781769,0.14191342890262604,0.28970882296562195,0.29016000032424927,0.08466379145965042,0.03452469806583114,0.02059700663887514,0.5198400020599365,0.43302640318870544,0.9683906472496581,0.8837268557900076,0.8838725468309825,0.9641780135301566
private_monitored,Private Monitored,2,0,False,0.4208599925041199,0.37392398715019226,0.04693600535392761,0.6537599563598633,0.527999997138977,0.6993661522865295,2.6768290996551514,0.7928537598990113,0.06318442523479462,0.052375879138708115,0.053199999034404755,0.4330430564720006,0.002965624521105159,0.020325311217050997,0.5242400169372559,0.4133673906326294,0.9898461839356504,0.5568031274636498,0.5575190068277626,0.9813438885659824
private_monitored,Private Monitored,2,1,False,0.037571996450424194,0.344976007938385,-0.3074040114879608,0.8349599838256836,0.47760000824928284,0.6942859292030334,2.6884331703186035,0.7947550746081119,0.3709777891635895,0.3420056700706482,0.3399199843406677,0.4375983381741171,0.0,0.0,0.5228000283241272,0.412472665309906,0.991985789765225,0.5543874515911079,0.5503042104953529,0.9868586602886795
private_monitored,Private Monitored,2,2,True,0.5390280485153198,0.2807439863681793,0.2582840621471405,0.6245599985122681,0.5756000280380249,0.6915220022201538,2.6948299407958984,0.7957914552719969,0.12990358471870422,0.28986701369285583,0.28919997811317444,0.4417954092808012,0.03355202554862213,0.11410871294700382,0.5252799987792969,0.4146060049533844,0.9876903904238241,0.5458949811430229,0.5449872675112014,0.9860679610251454
private_monitored,Private Monitored,2,3,False,0.3309360146522522,0.3729839622974396,-0.04204794764518738,0.8256799578666687,0.548799991607666,0.7009337544441223,2.680079221725464,0.7926852811910164,0.1946295201778412,0.06321621686220169,0.06279999762773514,0.44430158684949095,0.0,0.0,0.533840000629425,0.415058970451355,0.9946443063074044,0.5503427194579135,0.5474629408354726,0.9867903378034107
private_monitored,Private Monitored,3,0,False,-0.283160001039505,0.18142402172088623,-0.46458402276039124,0.38288000226020813,0.11159999668598175,0.5191439390182495,2.7578861713409424,0.8415809676642407,0.7846360206604004,0.5987368822097778,0.5994399785995483,0.041093412662823625,0.0,0.0,0.513759970664978,0.38956546783447266,0.9697666877094786,0.928673275046655,0.9280162716977274,0.9625924933020994
private_monitored,Private Monitored,3,1,False,0.562828004360199,0.32431599497795105,0.23851200938224792,0.6368799805641174,0.5943999886512756,0.5215917229652405,2.7469749450683594,0.8404218803102967,0.15481218695640564,0.28485527634620667,0.28591999411582947,0.030593908836239136,0.03692456578783254,0.007297014671388707,0.5055199861526489,0.38673561811447144,0.962066950476328,0.9314730416400888,0.9223835892505523,0.9633405104041391
private_monitored,Private Monitored,3,2,False,0.2732359766960144,0.38923999667167664,-0.11600401997566223,0.8559199571609497,0.5460000038146973,0.5230494141578674,2.7429511547088623,0.8398501766521858,0.22431139647960663,0.17007401585578918,0.17007999122142792,0.03513714008588842,0.0,0.0,0.5264000296592712,0.3929448425769806,0.9609887697181954,0.9258516296323069,0.9296407406068736,0.9651779607975434
private_monitored,Private Monitored,3,3,True,0.5281319618225098,0.26770398020744324,0.26042798161506653,0.6233599781990051,0.5691999793052673,0.5218185186386108,2.740251064300537,0.8400345224492579,0.13332664966583252,0.3126331865787506,0.31360000371932983,0.05133299616913656,0.03472199026797185,0.013368548582582176,0.527679979801178,0.39313358068466187,0.9714587316410476,0.920125735471911,0.9269921549662824,0.9639245881083282
monitored_penalty,Monitored + Penalty,0,0,True,0.530788004398346,0.2631160020828247,0.26767200231552124,0.621999979019165,0.569599986076355,1.902152419090271,1.7101327180862427,0.4734212979164046,0.013608031906187534,0.05041811987757683,0.05055999755859375,0.226918332473515,0.0036424891479027166,0.06073968441528493,0.6078400015830994,0.5474544763565063,0.9918275219252811,0.7649091894517661,0.7603294872646605,0.9963124351465543
monitored_penalty,Monitored + Penalty,0,1,False,-0.20788398385047913,0.1818159967660904,-0.3896999806165695,0.31647998094558716,0.09920000284910202,1.896729826927185,1.7277058362960815,0.47668271610582436,0.1563001573085785,0.12821675837039948,0.12879998981952667,0.21957798869773004,0.0,0.0,0.5940799713134766,0.5365176796913147,0.9870131974611495,0.7674352087634194,0.7636515787370103,0.9898385858493238
monitored_penalty,Monitored + Penalty,0,2,False,0.5425599813461304,0.3209959864616394,0.22156399488449097,0.6412000060081482,0.5852000117301941,1.8887264728546143,1.7264643907546997,0.4775582966126004,0.035137519240379333,0.01588861271739006,0.015439999289810658,0.2292069936046366,0.00778520913322911,0.05078401715850726,0.6055999994277954,0.5401209592819214,0.9886915981499268,0.7594846045452902,0.7741382883713959,0.9950174335599647
monitored_penalty,Monitored + Penalty,0,3,False,0.4553879499435425,0.2897000014781952,0.1656879484653473,0.6072799563407898,0.5508000254631042,1.8956739902496338,1.7158665657043457,0.4751065477793323,0.05837777256965637,0.08472520112991333,0.08391999453306198,0.21852624492579198,0.00967249337304299,0.03620716520759048,0.6068800091743469,0.5436916947364807,0.990142287277596,0.771616042351804,0.7699075818403793,0.991412085916108
monitored_penalty,Monitored + Penalty,1,0,False,-0.23572798073291779,0.16939999163150787,-0.40512797236442566,0.33344000577926636,0.10159999877214432,1.9470927715301514,1.8265807628631592,0.48403253387334066,0.1433166116476059,0.16820384562015533,0.1661600023508072,0.2615014920141201,0.0,0.0,0.6400799751281738,0.5671979188919067,0.9739809723626357,0.7124794803485156,0.7103998549782627,0.9460918923178081
monitored_penalty,Monitored + Penalty,1,1,True,0.5285879373550415,0.2613759934902191,0.2672119438648224,0.6331999897956848,0.5735999941825867,1.946095585823059,1.8237768411636353,0.48377680584310984,0.011757035739719868,0.04766084998846054,0.047199998050928116,0.2538677897982915,0.003141620374098736,0.0678365055966676,0.6365600228309631,0.5676631927490234,0.9695906635997508,0.7157228738014593,0.7181248841480882,0.9547182551719101
monitored_penalty,Monitored + Penalty,1,2,False,-0.19897599518299103,0.11064399033784866,-0.3096199855208397,0.2696000039577484,0.10920000076293945,1.9550812244415283,1.8306077718734741,0.48356000021538786,0.11166352033615112,0.16271857917308807,0.16303999722003937,0.25945651478939347,0.0,0.0,0.6392800211906433,0.5668160915374756,0.9653393243888032,0.7058828095994097,0.7107836234036627,0.9454846414140233
monitored_penalty,Monitored + Penalty,1,3,False,0.2750200033187866,0.37911999225616455,-0.10409998893737793,0.6358399987220764,0.44999998807907104,1.9564182758331299,1.8279988765716553,0.48303313375748347,0.48469066619873047,0.40919968485832214,0.410319983959198,0.28230518269893534,0.0,0.0,0.6431199908256531,0.5673360824584961,0.9666088746508518,0.6843036919519164,0.6893470129575782,0.9396305995326178
monitored_penalty,Monitored + Penalty,2,0,False,0.4974599778652191,0.29498398303985596,0.20247599482536316,0.6538400053977966,0.5655999779701233,1.8633793592453003,2.245269536972046,0.5464739367335981,0.014201239682734013,0.027250148355960846,0.025919999927282333,0.1676826426911615,0.002875410132514994,0.03395170989383884,0.5853599905967712,0.5282639265060425,0.993314582101141,0.8256319394099795,0.8243633774462878,0.9890274669803277
monitored_penalty,Monitored + Penalty,2,1,False,-0.2105799913406372,0.23328398168087006,-0.44386397302150726,0.3815999925136566,0.12839999794960022,1.8481138944625854,2.2470390796661377,0.5487069943081219,0.17833280563354492,0.22114714980125427,0.22127999365329742,0.16273841710202042,0.0,0.0,0.5861600041389465,0.5225825309753418,0.9946066549871259,0.8318682378851054,0.8294698015275174,0.9886519069449528
monitored_penalty,Monitored + Penalty,2,2,True,0.5337519645690918,0.24743999540805817,0.28631196916103363,0.636959969997406,0.5784000158309937,1.8780845403671265,2.2527477741241455,0.5453496057492666,0.02547875978052616,0.08599851280450821,0.0851999968290329,0.1721273405029764,0.00729487388454339,0.049282117805858915,0.5878400206565857,0.5293802618980408,0.9908536771197706,0.8187263366167942,0.8128674160222827,0.9896940268461026
monitored_penalty,Monitored + Penalty,2,3,False,0.45777997374534607,0.36063599586486816,0.0971439778804779,0.7427200078964233,0.5788000226020813,1.8655039072036743,2.2451603412628174,0.5461794507056587,0.08113253861665726,0.03564320132136345,0.03439999744296074,0.1749978176587773,0.007881537536763572,0.016999984127776167,0.5855200290679932,0.5276734232902527,0.9895873009027616,0.8145894832439843,0.8180352793291167,0.9841836387324862
monitored_penalty,Monitored + Penalty,3,0,False,0.463623970746994,0.26685598492622375,0.19676798582077026,0.5931999683380127,0.5432000160217285,1.9111205339431763,1.726294755935669,0.47459380311593957,0.047579504549503326,0.07330557703971863,0.07215999811887741,0.17748531824859715,0.009362123276555945,0.034923428584534864,0.6328799724578857,0.559693455696106,0.9847004879692444,0.8072151697206472,0.8011045877272812,0.9896631565144297
monitored_penalty,Monitored + Penalty,3,1,False,0.1658399999141693,0.37049195170402527,-0.20465195178985596,0.6899999976158142,0.4163999855518341,1.913704752922058,1.7395824193954468,0.4761690875486042,0.32189103960990906,0.2657206654548645,0.26607999205589294,0.15553736907139104,0.0,0.0,0.6324800252914429,0.5513266921043396,0.9794148734495658,0.8238775043781748,0.8178591743729172,0.9820596421925721
monitored_penalty,Monitored + Penalty,3,2,False,0.491599977016449,0.31786397099494934,0.17373600602149963,0.6299999952316284,0.5523999929428101,1.8999733924865723,1.7269301414489746,0.47614449220685107,0.06192222610116005,0.0278779286891222,0.02711999975144863,0.17222734231474457,0.010758120246775804,0.029922090581461343,0.6378399729728699,0.5600658059120178,0.9818638359831726,0.809636493668428,0.8193501125250098,0.985063553291417
monitored_penalty,Monitored + Penalty,3,3,True,0.5372920036315918,0.2612600028514862,0.2760320007801056,0.6409599781036377,0.58160001039505,1.9136650562286377,1.7307782173156738,0.4749088097706756,0.013177754357457161,0.05247834697365761,0.052239999175071716,0.14579454637995337,0.003637481901077655,0.040243960340086427,0.633679986000061,0.5576419234275818,0.9733936100603771,0.8275990636804237,0.8321745159604216,0.98693314334683
