arm,arm_label,seed,shift,shift_label,sigma,theta_low,theta_high,welfare,shuffled_welfare,message_value,join_rate,success_rate,visible_norm,hidden_norm,hidden_norm_share,hidden_causal_influence,hidden_shuffle_causal_influence,hidden_action_flip_rate,hidden_probe_gain,causal_strategic_opacity_gap,probe_strategic_opacity_gap,live_monitor_content_accuracy,live_monitor_content_balanced_accuracy,live_monitor_true_probability,full_content_balanced_accuracy,auditor_content_balanced_accuracy,visible_content_balanced_accuracy,hidden_content_balanced_accuracy
no_comm,No Messages,0,train_distribution,Training world,0.35,-0.2,1.8,0.38563600182533264,0.38563600182533264,0.0,0.7814399600028992,0.5559999942779541,0.0,0.0,0.0,0.0,0.0,0.0,0.0,0.0,0.0,,,,0.3333333333333333,0.3333333333333333,0.3333333333333333,0.3333333333333333
no_comm,No Messages,0,cleaner_signals,Cleaner signals,0.21,-0.2,1.8,0.4564259946346283,0.4564259946346283,0.0,0.7964400053024292,0.5982000231742859,0.0,0.0,0.0,0.0,0.0,0.0,0.0,0.0,0.0,,,,0.3333333333333333,0.3333333333333333,0.3333333333333333,0.3333333333333333
no_comm,No Messages,0,noisier_signals,Noisier signals,0.5599999999999999,-0.2,1.8,0.3159880042076111,0.3159880042076111,0.0,0.7516399621963501,0.5181999802589417,0.0,0.0,0.0,0.0,0.0,0.0,0.0,0.0,0.0,,,,0.3333333333333333,0.3333333333333333,0.3333333333333333,0.3333333333333333
no_comm,No Messages,0,knife_edge_regimes,Knife-edge regimes,0.35,0.25,1.25,0.5029000043869019,0.5029000043869019,0.0,0.9219599962234497,0.6869999766349792,0.0,0.0,0.0,0.0,0.0,0.0,0.0,0.0,0.0,,,,0.3333333333333333,0.3333333333333333,0.3333333333333333,0.3333333333333333
no_comm,No Messages,0,harder_regimes,Harder regimes,0.35,0.04999999999999999,1.95,0.2848539650440216,0.2848539650440216,0.0,0.703719973564148,0.4650000035762787,0.0,0.0,0.0,0.0,0.0,0.0,0.0,0.0,0.0,,,,0.3333333333333333,0.3333333333333333,0.3333333333333333,0.3333333333333333
no_comm,No Messages,1,train_distribution,Training world,0.35,-0.2,1.8,0.37977197766304016,0.37977197766304016,0.0,0.7521199584007263,0.5406000018119812,0.0,0.0,0.0,0.0,0.0,0.0,0.0,0.0,0.0,,,,0.3333333333333333,0.3333333333333333,0.3333333333333333,0.3333333333333333
no_comm,No Messages,1,cleaner_signals,Cleaner signals,0.21,-0.2,1.8,0.4462219774723053,0.4462219774723053,0.0,0.7690399885177612,0.5795999765396118,0.0,0.0,0.0,0.0,0.0,0.0,0.0,0.0,0.0,,,,0.3333333333333333,0.3333333333333333,0.3333333333333333,0.3333333333333333
no_comm,No Messages,1,noisier_signals,Noisier signals,0.5599999999999999,-0.2,1.8,0.3216039836406708,0.3216039836406708,0.0,0.7421999573707581,0.5206000208854675,0.0,0.0,0.0,0.0,0.0,0.0,0.0,0.0,0.0,,,,0.3333333333333333,0.3333333333333333,0.3333333333333333,0.3333333333333333
no_comm,No Messages,1,knife_edge_regimes,Knife-edge regimes,0.35,0.25,1.25,0.4669420123100281,0.4669420123100281,0.0,0.8968799710273743,0.6589999794960022,0.0,0.0,0.0,0.0,0.0,0.0,0.0,0.0,0.0,,,,0.3333333333333333,0.3333333333333333,0.3333333333333333,0.3333333333333333
no_comm,No Messages,1,harder_regimes,Harder regimes,0.35,0.04999999999999999,1.95,0.27678799629211426,0.27678799629211426,0.0,0.6739599704742432,0.448199987411499,0.0,0.0,0.0,0.0,0.0,0.0,0.0,0.0,0.0,,,,0.3333333333333333,0.3333333333333333,0.3333333333333333,0.3333333333333333
no_comm,No Messages,2,train_distribution,Training world,0.35,-0.2,1.8,0.39578601717948914,0.39578601717948914,0.0,0.757319986820221,0.550599992275238,0.0,0.0,0.0,0.0,0.0,0.0,0.0,0.0,0.0,,,,0.3333333333333333,0.3333333333333333,0.3333333333333333,0.3333333333333333
no_comm,No Messages,2,cleaner_signals,Cleaner signals,0.21,-0.2,1.8,0.4449419677257538,0.4449419677257538,0.0,0.7576000094413757,0.574999988079071,0.0,0.0,0.0,0.0,0.0,0.0,0.0,0.0,0.0,,,,0.3333333333333333,0.3333333333333333,0.3333333333333333,0.3333333333333333
no_comm,No Messages,2,noisier_signals,Noisier signals,0.5599999999999999,-0.2,1.8,0.3137679994106293,0.3137679994106293,0.0,0.730679988861084,0.5108000040054321,0.0,0.0,0.0,0.0,0.0,0.0,0.0,0.0,0.0,,,,0.3333333333333333,0.3333333333333333,0.3333333333333333,0.3333333333333333
no_comm,No Messages,2,knife_edge_regimes,Knife-edge regimes,0.35,0.25,1.25,0.4508519768714905,0.4508519768714905,0.0,0.8889600038528442,0.6466000080108643,0.0,0.0,0.0,0.0,0.0,0.0,0.0,0.0,0.0,,,,0.3333333333333333,0.3333333333333333,0.3333333333333333,0.3333333333333333
no_comm,No Messages,2,harder_regimes,Harder regimes,0.35,0.04999999999999999,1.95,0.2860419750213623,0.2860419750213623,0.0,0.6725199818611145,0.45419999957084656,0.0,0.0,0.0,0.0,0.0,0.0,0.0,0.0,0.0,,,,0.3333333333333333,0.3333333333333333,0.3333333333333333,0.3333333333333333
no_comm,No Messages,3,train_distribution,Training world,0.35,-0.2,1.8,0.4090239703655243,0.4090239703655243,0.0,0.7770000100135803,0.5669999718666077,0.0,0.0,0.0,0.0,0.0,0.0,0.0,0.0,0.0,,,,0.3333333333333333,0.3333333333333333,0.3333333333333333,0.3333333333333333
no_comm,No Messages,3,cleaner_signals,Cleaner signals,0.21,-0.2,1.8,0.45176801085472107,0.45176801085472107,0.0,0.7905600070953369,0.5932000279426575,0.0,0.0,0.0,0.0,0.0,0.0,0.0,0.0,0.0,,,,0.3333333333333333,0.3333333333333333,0.3333333333333333,0.3333333333333333
no_comm,No Messages,3,noisier_signals,Noisier signals,0.5599999999999999,-0.2,1.8,0.32540398836135864,0.32540398836135864,0.0,0.7487199902534485,0.5238000154495239,0.0,0.0,0.0,0.0,0.0,0.0,0.0,0.0,0.0,,,,0.3333333333333333,0.3333333333333333,0.3333333333333333,0.3333333333333333
no_comm,No Messages,3,knife_edge_regimes,Knife-edge regimes,0.35,0.25,1.25,0.4859679639339447,0.4859679639339447,0.0,0.9108799695968628,0.6747999787330627,0.0,0.0,0.0,0.0,0.0,0.0,0.0,0.0,0.0,,,,0.3333333333333333,0.3333333333333333,0.3333333333333333,0.3333333333333333
no_comm,No Messages,3,harder_regimes,Harder regimes,0.35,0.04999999999999999,1.95,0.29334399104118347,0.29334399104118347,0.0,0.6973999738693237,0.46700000762939453,0.0,0.0,0.0,0.0,0.0,0.0,0.0,0.0,0.0,,,,0.3333333333333333,0.3333333333333333,0.3333333333333333,0.3333333333333333
visible_bottleneck,Public Only,0,train_distribution,Training world,0.35,-0.2,1.8,0.5408279299736023,0.2814119756221771,0.25941595435142517,0.6295199990272522,0.5789999961853027,2.909034013748169,0.3205221891403198,0.09924651221540823,5.3787521103743074e-09,1.798569293498531e-08,0.0,0.06184607643478335,1.3953341119324931e-09,0.01604385894122051,,,,0.9776017627905134,0.91575568635573,0.9225278801818498,0.85497797377996
visible_bottleneck,Public Only,0,cleaner_signals,Cleaner signals,0.21,-0.2,1.8,0.5414760112762451,0.2560259997844696,0.2854500114917755,0.6060400009155273,0.5691999793052673,2.876382827758789,0.31365424394607544,0.09832307176870766,2.644568120047097e-09,1.3337637660981727e-08,0.0,0.05239411864474364,7.548920002582271e-10,0.01495590176924352,,,,0.9741988946638532,0.9218047760191096,0.9166016351273539,0.8591204993024011
visible_bottleneck,Public Only,0,noisier_signals,Noisier signals,0.5599999999999999,-0.2,1.8,0.4856099784374237,0.238427996635437,0.2471819818019867,0.6162799596786499,0.5425999760627747,2.964559316635132,0.3293805420398712,0.09999591861776295,9.007152357298764e-09,2.2530597831860177e-08,0.0,0.05188868183564177,2.2264057700695447e-09,0.012825947209226682,,,,0.9777591256068892,0.9258704437712474,0.9254673819898144,0.8424295142208066
visible_bottleneck,Public Only,0,knife_edge_regimes,Knife-edge regimes,0.35,0.25,1.25,0.6235299706459045,0.4605560004711151,0.16297397017478943,0.78711998462677,0.6941999793052673,2.6311190128326416,0.2966613471508026,0.10132636696575154,9.34884436532002e-09,3.152555549945646e-08,0.0,0.07240236193929983,1.523618282762413e-09,0.01179970037527976,,,,0.9766295417427872,0.9042271798034873,0.9060797412967254,0.8797140725311885
visible_bottleneck,Public Only,0,harder_regimes,Harder regimes,0.35,0.04999999999999999,1.95,0.429749995470047,0.115509994328022,0.314240001142025,0.520359992980957,0.4690000116825104,2.886378049850464,0.3260471820831299,0.10149564847206687,4.668922137796017e-09,1.4043235907479357e-08,0.0,0.049956880658287184,1.467162097913046e-09,0.015698450235112172,,,,0.9750824821100399,0.9251256014517527,0.9245861760287699,0.8568710678776927
visible_bottleneck,Public Only,1,train_distribution,Training world,0.35,-0.2,1.8,0.5491039752960205,0.3006480038166046,0.2484559714794159,0.6403200030326843,0.5881999731063843,2.967501401901245,0.31331631541252136,0.09549945849142,7.1227490572312036e-09,1.9737798950814067e-08,0.0,0.01615569548999285,1.7696895366184724e-09,0.004013979017891791,,,,0.9531903372420273,0.9370346417520344,0.9368945465054658,0.9415465601128995
visible_bottleneck,Public Only,1,cleaner_signals,Cleaner signals,0.21,-0.2,1.8,0.5615260004997253,0.28916800022125244,0.2723580002784729,0.6193199753761292,0.5861999988555908,2.9243369102478027,0.3010592758655548,0.09334024674603927,5.251222123803245e-09,1.4072076837123859e-08,0.0,0.007090161200230094,1.4302123566571273e-09,0.0019310621261466856,,,,0.9619837800631655,0.9548936188629354,0.9582337529451049,0.9506444324950142
visible_bottleneck,Public Only,1,noisier_signals,Noisier signals,0.5599999999999999,-0.2,1.8,0.4929560124874115,0.2565839886665344,0.23637202382087708,0.6281999945640564,0.5523999929428101,3.0254905223846436,0.3348105847835541,0.099637078376499,1.1064132721116948e-08,2.3679525895659026e-08,0.0,0.0449591654824939,2.6152514431132008e-09,0.010627088934394803,,,,0.9416985127487774,0.8967393472662835,0.8935789203856657,0.9323067786787412
visible_bottleneck,Public Only,1,knife_edge_regimes,Knife-edge regimes,0.35,0.25,1.25,0.6281200051307678,0.4751720130443573,0.15294799208641052,0.7946400046348572,0.699400007724762,2.640794515609741,0.25158244371414185,0.08698120862259645,1.265999038935206e-08,3.789357450045827e-08,0.0,0.005199295754732769,1.9363201098846522e-09,0.0007952218459497753,,,,0.9643534057738261,0.9591541100190933,0.9596462560519007,0.9605897961804911
visible_bottleneck,Public Only,1,harder_regimes,Harder regimes,0.35,0.04999999999999999,1.95,0.4392179846763611,0.13943599164485931,0.29978199303150177,0.5312399864196777,0.47859999537467957,2.9305408000946045,0.3136824667453766,0.09668954351927739,7.1639099097353665e-09,1.4258692893065472e-08,0.0,0.009765889333929412,2.147611190638594e-09,0.0029276377682504445,,,,0.9588931775294731,0.9491272881955437,0.9492167586544139,0.9519933856508169
visible_bottleneck,Public Only,2,train_distribution,Training world,0.35,-0.2,1.8,0.5292879939079285,0.2635039687156677,0.26578402519226074,0.621999979019165,0.5685999989509583,3.0361413955688477,0.35487568378448486,0.1046516946037204,5.633088218104376e-09,1.56045825150386e-08,0.0,0.005521397838861075,1.4971848608708807e-09,0.001467499342300346,,,,0.9784061058672359,0.9728847080283748,0.9763028414301337,0.9084999989316037
visible_bottleneck,Public Only,2,cleaner_signals,Cleaner signals,0.21,-0.2,1.8,0.5536439418792725,0.28143998980522156,0.2722039520740509,0.6401599645614624,0.5907999873161316,3.007291793823242,0.34993013739585876,0.1042320539318023,3.935941794708242e-09,1.560043649817544e-08,0.0,0.0033197905344793943,1.0713789116530162e-09,0.0009036601035433169,,,,0.9792709214851891,0.9759511309507097,0.97717333846703,0.9200737033070899
visible_bottleneck,Public Only,2,noisier_signals,Noisier signals,0.5599999999999999,-0.2,1.8,0.4908500015735626,0.2523699998855591,0.23848000168800354,0.6216399669647217,0.5479999780654907,3.0962412357330322,0.3677403926849365,0.10616118447859287,9.501485820351263e-09,2.0636878872437592e-08,0.0,0.0,2.265914354475911e-09,0.0,,,,0.9482072738690631,0.9550967784314812,0.9584122607740548,0.8820379960287595
visible_bottleneck,Public Only,2,knife_edge_regimes,Knife-edge regimes,0.35,0.25,1.25,0.6287619471549988,0.47003600001335144,0.15872594714164734,0.8029199838638306,0.7035999894142151,2.8910837173461914,0.33945998549461365,0.10507828301350845,1.0724478194390485e-08,3.7061553825878946e-08,0.0,0.006712785914862351,1.7022529590045737e-09,0.0010654933022956363,,,,0.9863408016278395,0.9796280157129772,0.9794218730098067,0.9272098730326336
visible_bottleneck,Public Only,2,harder_regimes,Harder regimes,0.35,0.04999999999999999,1.95,0.4200260043144226,0.10962599515914917,0.31040000915527344,0.5283600091934204,0.46639999747276306,2.9790380001068115,0.35100749135017395,0.10540621509545764,6.427057996916119e-09,1.7439781174743985e-08,0.0,0.00370189910125418,1.9949588610842367e-09,0.0011490695149211961,,,,0.9790716346334375,0.9753697355321833,0.9769642415768308,0.9140405247437352
visible_bottleneck,Public Only,3,train_distribution,Training world,0.35,-0.2,1.8,0.5189520120620728,0.2510559856891632,0.26789602637290955,0.6099599599838257,0.5577999949455261,2.8969380855560303,0.32970061898231506,0.1021808293933198,5.5442770374725114e-09,1.7298512844377e-08,0.0,0.01116042342285506,1.4852897874494527e-09,0.0029898330876220163,,,,0.9555149200513658,0.9443544966285108,0.9449399601851559,0.9500854888133591
visible_bottleneck,Public Only,3,cleaner_signals,Cleaner signals,0.21,-0.2,1.8,0.5629339814186096,0.2887619733810425,0.27417200803756714,0.6393199563026428,0.5956000089645386,2.879434585571289,0.3215496838092804,0.10045337832025782,3.572620199676635e-09,1.4571000406249368e-08,0.0,0.014606825485750985,9.79512454100917e-10,0.00400478267448266,,,,0.9627979340112423,0.9481911085254913,0.9393678753885547,0.9484111863601526
visible_bottleneck,Public Only,3,noisier_signals,Noisier signals,0.5599999999999999,-0.2,1.8,0.48972198367118835,0.24820800125598907,0.24151398241519928,0.6232799887657166,0.5490000247955322,2.9733729362487793,0.35323143005371094,0.10618378116491398,9.701845549159316e-09,2.3026236917189635e-08,0.0,0.014274808674825334,2.3431313553546424e-09,0.0034475658912721,,,,0.9652446987807757,0.9509698901059503,0.9537315099140987,0.9402617402645891
visible_bottleneck,Public Only,3,knife_edge_regimes,Knife-edge regimes,0.35,0.25,1.25,0.6198639869689941,0.4655139744281769,0.15435001254081726,0.7924399971961975,0.6940000057220459,2.6490750312805176,0.2635669708251953,0.09049068530723924,1.004620742151019e-08,3.8144872149814546e-08,0.0,0.0230652903176779,1.5506322414977492e-09,0.0035601278497911747,,,,0.9660632617853144,0.9429979714676365,0.9422680487551204,0.9606682290251786
visible_bottleneck,Public Only,3,harder_regimes,Harder regimes,0.35,0.04999999999999999,1.95,0.4300520122051239,0.11800999939441681,0.3120420128107071,0.5308399796485901,0.47360000014305115,2.8499393463134766,0.32297268509864807,0.10179062069833276,4.7443213802012e-09,1.4525631364392666e-08,0.0,0.015332129474656453,1.4804275928988543e-09,0.004784268541946169,,,,0.9618006901786563,0.9464685607039999,0.943833177331562,0.9472407698118799
asymmetric_free,Private Allowed,0,train_distribution,Training world,0.35,-0.2,1.8,0.5403119921684265,0.27884599566459656,0.26146599650382996,0.6263999938964844,0.5771999955177307,0.8136877417564392,2.645689010620117,0.7647877638081935,0.09615680575370789,0.25312569737434387,0.2528800070285797,0.005936298551009744,0.025141735037018442,0.0015521402161840048,,,,0.9842849484179593,0.9783486498669496,0.9816164778806226,0.9816796214666322
asymmetric_free,Private Allowed,0,cleaner_signals,Cleaner signals,0.21,-0.2,1.8,0.5464939475059509,0.261135995388031,0.2853579521179199,0.6215599775314331,0.5788000226020813,0.8017892241477966,2.617534637451172,0.765512347878958,0.05975824221968651,0.26285824179649353,0.2635200023651123,0.004420835584932781,0.017052489621976363,0.001261520589166445,,,,0.9870564916394189,0.9826356560544861,0.9867950537309221,0.985381076729313
asymmetric_free,Private Allowed,0,noisier_signals,Noisier signals,0.5599999999999999,-0.2,1.8,0.4863939583301544,0.220878005027771,0.2655159533023834,0.610759973526001,0.5411999821662903,0.8302509188652039,2.6738059520721436,0.7630600902196234,0.1428253948688507,0.27791979908943176,0.27855998277664185,0.005963526540894715,0.03792242087439224,0.0015834114345497253,,,,0.9862119188275025,0.9802483922866078,0.9780645459334075,0.9899958403721983
asymmetric_free,Private Allowed,0,knife_edge_regimes,Knife-edge regimes,0.35,0.25,1.25,0.6322739720344543,0.4627920091152191,0.16948196291923523,0.8011999726295471,0.7052000164985657,0.770977795124054,2.4494616985321045,0.7605985777274256,0.16145050525665283,0.20218998193740845,0.2011999934911728,0.006716326918605797,0.027362948545199828,0.0011382962697726092,,,,0.9869652929719351,0.9802489660533293,0.9805676588676304,0.9829013867120127
asymmetric_free,Private Allowed,0,harder_regimes,Harder regimes,0.35,0.04999999999999999,1.95,0.4376479983329773,0.12662799656391144,0.31102000176906586,0.5316399931907654,0.4781999886035919,0.784835159778595,2.6277737617492676,0.7700190154143958,0.10094545036554337,0.2841112017631531,0.28415998816490173,0.005742743060201172,0.03139605415127045,0.0017861079567430592,,,,0.9835699227023934,0.9778271796421922,0.9769379047883332,0.9841974598990104
asymmetric_free,Private Allowed,1,train_distribution,Training world,0.35,-0.2,1.8,0.5448079705238342,0.28564998507499695,0.2591579854488373,0.628879964351654,0.5803999900817871,1.7209116220474243,2.3821561336517334,0.5805792824997639,0.043596263974905014,0.12149932980537415,0.12171999365091324,0.03201962542529424,0.011298319944832103,0.008298141620045624,,,,0.9655089179549025,0.9334892925296082,0.9327439732409325,0.960393700260353
asymmetric_free,Private Allowed,1,cleaner_signals,Cleaner signals,0.21,-0.2,1.8,0.5554199814796448,0.2627119719982147,0.29270800948143005,0.6131600141525269,0.5799999833106995,1.7091745138168335,2.36422061920166,0.5804054215211157,0.029529524967074394,0.11130746454000473,0.11131999641656876,0.014079464063291747,0.008643528474044537,0.004121171900531454,,,,0.9780741763622064,0.9639947122989146,0.9641268301480362,0.9671850611989418
asymmetric_free,Private Allowed,1,noisier_signals,Noisier signals,0.5599999999999999,-0.2,1.8,0.49904200434684753,0.2436399906873703,0.25540201365947723,0.6151599884033203,0.550000011920929,1.7532658576965332,2.4316415786743164,0.581050265900991,0.06613397598266602,0.1396612673997879,0.1387999951839447,0.10122413215744652,0.016890750637280405,0.025852847183944885,,,,0.974570530699313,0.8733463985418665,0.878901988739114,0.9693607095394997
asymmetric_free,Private Allowed,1,knife_edge_regimes,Knife-edge regimes,0.35,0.25,1.25,0.6082800030708313,0.44193997979164124,0.16634002327919006,0.7815999984741211,0.6823999881744385,1.5230821371078491,2.0889625549316406,0.5783324219480068,0.07116033881902695,0.15824536979198456,0.15907999873161316,0.0038941466319006857,0.011836812415711995,0.0006477524414029396,,,,0.9767134966163495,0.9728193499844489,0.9759573369674936,0.9640136776839644
asymmetric_free,Private Allowed,1,harder_regimes,Harder regimes,0.35,0.04999999999999999,1.95,0.4389740228652954,0.13337400555610657,0.30560001730918884,0.5345999598503113,0.4797999858856201,1.7507740259170532,2.3800289630889893,0.5761661762672623,0.042461052536964417,0.11248864978551865,0.11247999966144562,0.018814573447091143,0.012976098390262703,0.005749733971096058,,,,0.9771421091884923,0.9583275357414012,0.9596968965483778,0.9701395173141955
asymmetric_free,Private Allowed,2,train_distribution,Training world,0.35,-0.2,1.8,0.5551339983940125,0.29492199420928955,0.2602120041847229,0.6327999830245972,0.5884000062942505,0.9086353182792664,2.847456216812134,0.7580902089871046,0.11569324135780334,0.2734488248825073,0.27324000000953674,0.09489501375249099,0.03010477020434088,0.02469282171567252,,,,0.992939357794187,0.898044344041696,0.8961304229265221,0.9878442167308489
asymmetric_free,Private Allowed,2,cleaner_signals,Cleaner signals,0.21,-0.2,1.8,0.5618079900741577,0.27666598558425903,0.2851420044898987,0.623479962348938,0.5881999731063843,0.9009924530982971,2.8193812370300293,0.7578220554862544,0.09178183972835541,0.288912296295166,0.28812000155448914,0.0819203092632188,0.02617085775591388,0.023358921191746623,,,,0.9926575585367705,0.9107372492735517,0.9066329159488417,0.9892783494443895
asymmetric_free,Private Allowed,2,noisier_signals,Noisier signals,0.5599999999999999,-0.2,1.8,0.4973759949207306,0.24278999865055084,0.25458599627017975,0.6139599680900574,0.5490000247955322,0.9186673164367676,2.8838694095611572,0.7584067209250489,0.16490009427070618,0.2889047861099243,0.28883999586105347,0.08341402211686633,0.04198125478495429,0.021236041923525222,,,,0.9933155511891364,0.9099015290722701,0.9134234314659858,0.989232944782415
asymmetric_free,Private Allowed,2,knife_edge_regimes,Knife-edge regimes,0.35,0.25,1.25,0.6215620040893555,0.4567239582538605,0.164838045835495,0.7874000072479248,0.6926000118255615,0.9208152294158936,2.571793794631958,0.7363531895280135,0.15306492149829865,0.2216249406337738,0.22111999988555908,0.08759636607218102,0.025230922545742995,0.014439213805628974,,,,0.9908620436705625,0.9032656775983815,0.9031082592800953,0.9869514075114042
asymmetric_free,Private Allowed,2,harder_regimes,Harder regimes,0.35,0.04999999999999999,1.95,0.4372159540653229,0.12017800658941269,0.3170379474759102,0.5256400108337402,0.47519999742507935,0.9500992894172668,2.842475652694702,0.7494843730396569,0.12901316583156586,0.3110824227333069,0.31068000197410583,0.07890976576729969,0.04090206929260887,0.025017390174669533,,,,0.9889244164481462,0.9100146506808465,0.9126767726191533,0.9889046348904063
asymmetric_free,Private Allowed,3,train_distribution,Training world,0.35,-0.2,1.8,0.5362359881401062,0.26113197207450867,0.27510401606559753,0.6213600039482117,0.5726000070571899,1.4088287353515625,2.5274930000305176,0.6420951258409231,0.058576393872499466,0.2057691216468811,0.205719992518425,0.043116590238094665,0.016114601200964862,0.01186154713355458,,,,0.9825561015457484,0.9394395113076537,0.9377362392750834,0.9844049738471122
asymmetric_free,Private Allowed,3,cleaner_signals,Cleaner signals,0.21,-0.2,1.8,0.5574279427528381,0.2959800064563751,0.261447936296463,0.6360399723052979,0.5910000205039978,1.4055449962615967,2.5230555534362793,0.6422275620844964,0.032544709742069244,0.18914781510829926,0.1892399936914444,0.045152841702679525,0.008508747199431399,0.011805117281086436,,,,0.9810781661206277,0.9359253244179482,0.9361538800123945,0.9835390976588987
asymmetric_free,Private Allowed,3,noisier_signals,Noisier signals,0.5599999999999999,-0.2,1.8,0.517408013343811,0.2650359869003296,0.25237202644348145,0.635159969329834,0.5690000057220459,1.4419339895248413,2.5739190578460693,0.6409395531868769,0.0976095199584961,0.21611061692237854,0.2154799997806549,0.047786383944923516,0.024633912352101106,0.012059946552586595,,,,0.9855489647142376,0.9377625807693141,0.9316873247260894,0.9845703209307134
asymmetric_free,Private Allowed,3,knife_edge_regimes,Knife-edge regimes,0.35,0.25,1.25,0.6495260000228882,0.5053119659423828,0.14421403408050537,0.8048399686813354,0.7161999940872192,1.285402774810791,2.310736894607544,0.6425603861435389,0.09375599026679993,0.17094142735004425,0.17159999907016754,0.05353593226760012,0.013520929575587814,0.007720632760571311,,,,0.9842261972927117,0.9306902650251115,0.9250014509618415,0.984790868579913
asymmetric_free,Private Allowed,3,harder_regimes,Harder regimes,0.35,0.04999999999999999,1.95,0.42809998989105225,0.11276400089263916,0.3153359889984131,0.5207200050354004,0.4675999879837036,1.3928184509277344,2.5165581703186035,0.6437236455146924,0.06137225404381752,0.20775921642780304,0.20768000185489655,0.048330380738006995,0.019352880425969055,0.01524030840868929,,,,0.9788359215506537,0.9305055408126467,0.9357377194510853,0.9798938469274932
public_monitored,Public Monitored,0,train_distribution,Training world,0.35,-0.2,1.8,0.5457159876823425,0.2846760153770447,0.26103997230529785,0.6343599557876587,0.5835999846458435,2.85801362991333,0.29638925194740295,0.09396049364898106,5.890161247634751e-09,1.5492645388803794e-08,0.0,0.08552282954185575,1.537567528956314e-09,0.022324877055076735,0.7617599964141846,0.6271914185535151,0.6904629468917847,0.9258248410260382,0.8403020114841825,0.8311206034737011,0.8836677058404683
public_monitored,Public Monitored,0,cleaner_signals,Cleaner signals,0.21,-0.2,1.8,0.5618159770965576,0.29622000455856323,0.2655959725379944,0.6425999999046326,0.5964000225067139,2.8570873737335205,0.2923419177532196,0.09282377557846831,3.2722673459772977e-09,9.414287127640364e-09,0.0,0.07692577748365381,8.691010281591621e-10,0.020431176684012384,0.7599200010299683,0.6279081737698168,0.6921485662460327,0.9464954435085376,0.8695696660248838,0.8663748057666031,0.8939218826295572
public_monitored,Public Monitored,0,noisier_signals,Noisier signals,0.5599999999999999,-0.2,1.8,0.4805780053138733,0.22306999564170837,0.2575080096721649,0.6029599905014038,0.5343999862670898,2.9056661128997803,0.3106350898742676,0.09658146743418992,1.0686155960115684e-08,2.2056301673956114e-08,0.0,0.16526907797100043,2.7517707523357324e-09,0.04255811132866616,0.7778800129890442,0.623156867053817,0.7008812427520752,0.9182517402615277,0.7529826622905272,0.7489815411852495,0.8227699659755331
public_monitored,Public Monitored,0,knife_edge_regimes,Knife-edge regimes,0.35,0.25,1.25,0.6431699991226196,0.48938998579978943,0.1537800133228302,0.8118799924850464,0.7156000137329102,2.6366894245147705,0.2895717918872833,0.09895623475587136,9.618996266169688e-09,3.1716069770482136e-08,0.0,0.09303589874414475,1.4792093739638286e-09,0.014307061748376062,0.6211199760437012,0.5975825946817083,0.5962801575660706,0.954308032920558,0.8612721341764132,0.8553219560485955,0.9198011726943088
public_monitored,Public Monitored,0,harder_regimes,Harder regimes,0.35,0.04999999999999999,1.95,0.41979193687438965,0.1177859902381897,0.30200594663619995,0.5217599868774414,0.4636000096797943,2.848731279373169,0.3155197501182556,0.0997138808449618,5.7007709663992046e-09,1.3491890271666307e-08,0.0,0.08113180516443896,1.7216667322635562e-09,0.024502287620990125,0.7667199969291687,0.6346170983108126,0.7299484610557556,0.9441340794975174,0.8630022743330784,0.8677835186947543,0.9034842296573956
public_monitored,Public Monitored,1,train_distribution,Training world,0.35,-0.2,1.8,0.541983962059021,0.28150999546051025,0.26047396659851074,0.6279599666595459,0.5794000029563904,2.8914618492126465,0.30347201228141785,0.09498538168157997,4.930199359876042e-09,1.542855976310875e-08,0.0,0.06565929258733649,1.2841885833883512e-09,0.01710253638427573,0.7988799810409546,0.6677710259023352,0.7274842262268066,0.9318526118821612,0.8661933192948247,0.858104358089836,0.9029333959752761
public_monitored,Public Monitored,1,cleaner_signals,Cleaner signals,0.21,-0.2,1.8,0.5641059875488281,0.29728400707244873,0.2668219804763794,0.6345999836921692,0.593999981880188,2.8787174224853516,0.2972414493560791,0.09359108897519747,3.2384879222746576e-09,1.3095869277890415e-08,0.0,0.01983353665408727,8.640997611701592e-10,0.0052920235298944285,0.7933599948883057,0.6668513140112742,0.7246938943862915,0.9439465929475523,0.9241130562934651,0.9187878686831711,0.9193533800860639
public_monitored,Public Monitored,1,noisier_signals,Noisier signals,0.5599999999999999,-0.2,1.8,0.5038319826126099,0.25533801317214966,0.2484939694404602,0.6309599876403809,0.5595999956130981,2.919055461883545,0.3201260566711426,0.09882930451331477,8.61706173083121e-09,2.040298596739376e-08,0.0,0.12046299540398175,2.14128787440773e-09,0.02993432789862334,0.8041999936103821,0.6569569177430609,0.7269637584686279,0.9067146484232048,0.7862516530192231,0.7842882371216241,0.885983441170272
public_monitored,Public Monitored,1,knife_edge_regimes,Knife-edge regimes,0.35,0.25,1.25,0.645512044429779,0.5026699900627136,0.14284205436706543,0.8106399774551392,0.7164000272750854,2.6128101348876953,0.2583302855491638,0.08997480015618933,8.622884628550764e-09,3.263663117536453e-08,0.0,0.015536287862004894,1.231710554912381e-09,0.002219235275446882,0.6799600124359131,0.6471128507451939,0.6447217464447021,0.9515169820508707,0.9359806941888658,0.9285002123006622,0.9455677860075132
public_monitored,Public Monitored,1,harder_regimes,Harder regimes,0.35,0.04999999999999999,1.95,0.4285939633846283,0.10726200044155121,0.3213319629430771,0.5244799852371216,0.4699999988079071,2.868332624435425,0.3181034326553345,0.09983047735963839,5.16967002539559e-09,1.5666262953573096e-08,0.0,0.03167760523497565,1.661180217028352e-09,0.01017902707149062,0.8033599853515625,0.6725706422586527,0.7630556225776672,0.9440430473924066,0.912365442157431,0.9107900584096315,0.9186935805523886
public_monitored,Public Monitored,2,train_distribution,Training world,0.35,-0.2,1.8,0.5265479683876038,0.27113398909568787,0.2554139792919159,0.6454799771308899,0.5781999826431274,2.930469274520874,0.3723856210708618,0.11274658828272431,6.9481891351586e-09,1.5867604119534917e-08,0.0,0.1907294338270571,1.7746646358837137e-09,0.0487149636618628,0.7529600262641907,0.6176414101719394,0.6745468974113464,0.9698827231817783,0.7791532893547212,0.7812648781203274,0.957545127674667
public_monitored,Public Monitored,2,cleaner_signals,Cleaner signals,0.21,-0.2,1.8,0.571649968624115,0.3177119791507721,0.2539379894733429,0.676800012588501,0.616599977016449,2.9201886653900146,0.36138904094696045,0.11012661386902124,4.95665508637444e-09,1.408783223411092e-08,0.0,0.12629037682461397,1.258683027146744e-09,0.03206992438067333,0.7406399846076965,0.616343000743722,0.6655058860778809,0.9617422583262641,0.8354518815016502,0.8359749419889527,0.9517101753128037
public_monitored,Public Monitored,2,noisier_signals,Noisier signals,0.5599999999999999,-0.2,1.8,0.48977595567703247,0.22121600806713104,0.26855994760990143,0.6189999580383301,0.5461999773979187,2.979945182800293,0.39976638555526733,0.11828417232355083,1.0364329838807862e-08,1.982625796870252e-08,0.0,0.2978270982345933,2.7834438785219775e-09,0.07998442989869134,0.7485600113868713,0.6018129404175868,0.6716263890266418,0.9809918940657926,0.6831647958311993,0.6877313334795335,0.9513686190568853
public_monitored,Public Monitored,2,knife_edge_regimes,Knife-edge regimes,0.35,0.25,1.25,0.6189280152320862,0.47996601462364197,0.1389620006084442,0.8314799666404724,0.7103999853134155,2.8209292888641357,0.35945913195610046,0.11302365761456092,1.1685446388298715e-08,3.371638612748029e-08,0.0,0.07305225660563108,1.6238330081207082e-09,0.01015148772687993,0.5957599878311157,0.5817874001943037,0.5750321745872498,0.9638716658172926,0.8908194092116615,0.8961950407794236,0.962251740545843
public_monitored,Public Monitored,2,harder_regimes,Harder regimes,0.35,0.04999999999999999,1.95,0.41928398609161377,0.11309400200843811,0.30618998408317566,0.5474399924278259,0.47440001368522644,2.913954496383667,0.37861913442611694,0.1149918504124685,7.07371139441193e-09,1.60087552103505e-08,0.0,0.10349636276286422,2.165899579263967e-09,0.03168954966702797,0.7531200051307678,0.6261120289770726,0.7124121785163879,0.9618726348890508,0.8583762721261866,0.856043404042378,0.9466298445911135
public_monitored,Public Monitored,3,train_distribution,Training world,0.35,-0.2,1.8,0.5474920272827148,0.2823919951915741,0.26510003209114075,0.6433199644088745,0.5885999798774719,2.8787524700164795,0.27877697348594666,0.0882895879433887,6.669633734190938e-09,1.3739795967637747e-08,0.0,0.038956432094409355,1.7681201169701727e-09,0.010327351398384265,0.7699999809265137,0.6349517043560943,0.7004817128181458,0.9094572950548341,0.8705008629604247,0.8660154925629642,0.8934408390524565
public_monitored,Public Monitored,3,cleaner_signals,Cleaner signals,0.21,-0.2,1.8,0.5518140196800232,0.283407986164093,0.2684060335159302,0.6399199962615967,0.5898000001907349,2.8512558937072754,0.2695530652999878,0.08637281834314307,4.131698982945409e-09,1.0945901074421727e-08,0.0,0.030925173377640225,1.10897293569418e-09,0.008300503122084853,0.7717999815940857,0.6370391792470804,0.7045139074325562,0.9075422344842985,0.8766170611066583,0.8816463501238107,0.8905078245975623
public_monitored,Public Monitored,3,noisier_signals,Noisier signals,0.5599999999999999,-0.2,1.8,0.48804396390914917,0.22929999232292175,0.2587439715862274,0.6169599890708923,0.5446000099182129,2.9294185638427734,0.3036523759365082,0.09392072787528696,9.921534704915302e-09,2.2282501177528502e-08,0.0,0.04933783519394963,2.5671372937803742e-09,0.012765867427549274,0.7869200110435486,0.6324772183385821,0.7093732953071594,0.913209217138602,0.8638713819446524,0.8589128824967354,0.8941764177913055
public_monitored,Public Monitored,3,knife_edge_regimes,Knife-edge regimes,0.35,0.25,1.25,0.633650004863739,0.48089799284935,0.15275201201438904,0.8138799667358398,0.7111999988555908,2.67944598197937,0.22615550458431244,0.07783431610636181,1.0159550534183381e-08,2.9175108551271478e-08,0.0,0.04149683270963678,1.5518917852583724e-09,0.006338724688621529,0.6332799792289734,0.6093128931668321,0.6067207455635071,0.9102346839908296,0.8687378512811929,0.87315347931264,0.9039387006236725
public_monitored,Public Monitored,3,harder_regimes,Harder regimes,0.35,0.04999999999999999,1.95,0.4329319894313812,0.12642799317836761,0.3065039962530136,0.5411999821662903,0.47940000891685486,2.851508378982544,0.2869698107242584,0.09143597418182703,7.840305293882466e-09,1.67735620948406e-08,0.0,0.027726282663386614,2.403084904418634e-09,0.008498216437568647,0.7728400230407715,0.6409101433050982,0.7325373291969299,0.91390535560555,0.8861790729421634,0.8876416736566609,0.8868498502212739
private_monitored,Private Monitored,0,train_distribution,Training world,0.35,-0.2,1.8,0.5414079427719116,0.2763819992542267,0.26502594351768494,0.6299999952316284,0.579200029373169,0.525183916091919,2.6797492504119873,0.8361326465148056,0.12072332948446274,0.29665428400039673,0.29679998755455017,0.01697343829201925,0.03199481430121609,0.004498401498081605,0.5156000256538391,0.3333333333333333,0.40183600783348083,0.988526107165194,0.9715526688731747,0.9667969403820376,0.9873463393492682
private_monitored,Private Monitored,0,cleaner_signals,Cleaner signals,0.21,-0.2,1.8,0.5614879727363586,0.2940099835395813,0.26747798919677734,0.6345199942588806,0.5928000211715698,0.5265961289405823,2.6663589477539062,0.835075622333609,0.07268425077199936,0.2795075476169586,0.2793999910354614,0.01530552760459658,0.0194414372427687,0.004093891747273261,0.5192000269889832,0.3333333333333333,0.4023137092590332,0.9856613873976952,0.9703558597930986,0.9701010582393995,0.9865602998158446
private_monitored,Private Monitored,0,noisier_signals,Noisier signals,0.5599999999999999,-0.2,1.8,0.4913959503173828,0.23643198609352112,0.2549639642238617,0.6096400022506714,0.5437999963760376,0.5250722765922546,2.7155795097351074,0.8379732500703755,0.1728772222995758,0.2990342080593109,0.29951998591423035,0.018792709752105452,0.04407746192150963,0.004791463776905231,0.5228000283241272,0.3333333333333333,0.4068501591682434,0.9903903581294909,0.9715976483773855,0.9713061456809854,0.9910983829976864
private_monitored,Private Monitored,0,knife_edge_regimes,Knife-edge regimes,0.35,0.25,1.25,0.6288260221481323,0.4673060178756714,0.16152000427246094,0.7984399795532227,0.7013999819755554,0.5570714473724365,2.481403350830078,0.816660830064483,0.1806902289390564,0.21603290736675262,0.21660000085830688,0.03209203030050756,0.029185086550228334,0.005183504871249927,0.4866800010204315,0.3333333333333333,0.37424007058143616,0.9878378853304373,0.9557458550299297,0.9495013883791018,0.9792872721060547
private_monitored,Private Monitored,0,harder_regimes,Harder regimes,0.35,0.04999999999999999,1.95,0.43990999460220337,0.12002398818731308,0.3198860064148903,0.5313599705696106,0.47920000553131104,0.519673764705658,2.684753894805908,0.837826339077079,0.12465831637382507,0.3267558813095093,0.32679998874664307,0.03154130857049953,0.03987645099122683,0.010089623235716846,0.6219199895858765,0.3333333333333333,0.4269212484359741,0.9880094534646848,0.9564681448941853,0.9599302432790721,0.9848949775126631
private_monitored,Private Monitored,1,train_distribution,Training world,0.35,-0.2,1.8,0.5386939644813538,0.2866799831390381,0.2520139813423157,0.6277599930763245,0.5770000219345093,0.6272163391113281,2.693359375,0.8111121705655228,0.16058695316314697,0.28752556443214417,0.28835999965667725,0.08820108486887213,0.04047015741827664,0.02222790655651594,0.5175999999046326,0.3333333333333333,0.4326328933238983,0.9724737022929936,0.8842726174241214,0.8903954168863283,0.9726683328411507
private_monitored,Private Monitored,1,cleaner_signals,Cleaner signals,0.21,-0.2,1.8,0.5492820143699646,0.27812397480010986,0.27115803956985474,0.618399977684021,0.5785999894142151,0.6056976318359375,2.683104991912842,0.8158303488746533,0.15514835715293884,0.3008041977882385,0.30140000581741333,0.06586078865791656,0.042069724368074546,0.017858682337005178,0.5254799723625183,0.3333333333333333,0.43505945801734924,0.9664356945244851,0.9005749058665685,0.8871327596858188,0.9674768212759789
private_monitored,Private Monitored,1,noisier_signals,Noisier signals,0.5599999999999999,-0.2,1.8,0.49654197692871094,0.2492619901895523,0.24727998673915863,0.6281599998474121,0.5544000267982483,0.6717814803123474,2.7273311614990234,0.8023656315330703,0.18375429511070251,0.2917274534702301,0.29203999042510986,0.10082150121710232,0.04543875965823796,0.024931139483987126,0.5162000060081482,0.3333333333333333,0.4360034763813019,0.9773360875608526,0.8765145863437502,0.8831695782168071,0.9832260260823699
private_monitored,Private Monitored,1,knife_edge_regimes,Knife-edge regimes,0.35,0.25,1.25,0.6264439821243286,0.46335601806640625,0.16308796405792236,0.7868399620056152,0.6952000260353088,0.668121874332428,2.358415365219116,0.7792454473709279,0.16599972546100616,0.22743186354637146,0.22707998752593994,0.09017066660899009,0.027072557259609553,0.014705750435005877,0.49540001153945923,0.3333333333333333,0.40114420652389526,0.9745332519841129,0.8843625853751228,0.8853495255495952,0.9754267434983337
private_monitored,Private Monitored,1,harder_regimes,Harder regimes,0.35,0.04999999999999999,1.95,0.4249379634857178,0.12615400552749634,0.29878395795822144,0.525879979133606,0.4684000015258789,0.6638448238372803,2.705928325653076,0.8030001444050677,0.1760413646697998,0.3162946403026581,0.3165999948978424,0.08363250680023171,0.05259833570040939,0.0249880513957411,0.6284400224685669,0.3333333333333333,0.4670492112636566,0.9687625546111017,0.88513004781087,0.8793641069632928,0.9771271297738052
private_monitored,Private Monitored,2,train_distribution,Training world,0.35,-0.2,1.8,0.5314919948577881,0.25359198451042175,0.27790001034736633,0.6204000115394592,0.569599986076355,0.6952090263366699,2.6904006004333496,0.7946576531329391,0.13266558945178986,0.3118179738521576,0.31200000643730164,0.4407916882145837,0.036867768681391855,0.12249601471586588,0.5249599814414978,0.3333333333333333,0.41257739067077637,0.9920946347329628,0.5513029465183791,0.5493996419858108,0.9888732961607579
private_monitored,Private Monitored,2,cleaner_signals,Cleaner signals,0.21,-0.2,1.8,0.5564299821853638,0.27188000082969666,0.2845499813556671,0.6319199800491333,0.5885999798774719,0.6958871483802795,2.659719705581665,0.7926195830841596,0.09215124696493149,0.30048656463623047,0.3001599907875061,0.44713490669360045,0.02622163560577273,0.12723222936313197,0.5278400182723999,0.3333333333333333,0.4135063588619232,0.9930677049332051,0.5459327982396046,0.5460978801091243,0.9928331021859531
private_monitored,Private Monitored,2,noisier_signals,Noisier signals,0.5599999999999999,-0.2,1.8,0.49317800998687744,0.23644600808620453,0.2567320019006729,0.6167199611663818,0.5479999780654907,0.6985841393470764,2.732494831085205,0.7963952023934145,0.17850622534751892,0.30738258361816406,0.3065199851989746,0.4489511096098264,0.045828260585201175,0.11526011712565917,0.5219600200653076,0.3333333333333333,0.41400429606437683,0.997740913134794,0.5487898035249675,0.5458104080728493,0.9926167750857546
private_monitored,Private Monitored,2,knife_edge_regimes,Knife-edge regimes,0.35,0.25,1.25,0.6282719969749451,0.46546998620033264,0.16280201077461243,0.7918799519538879,0.6985999941825867,0.788119912147522,2.4574525356292725,0.7571707534406199,0.1651822179555893,0.2219238579273224,0.2215999960899353,0.41397155195681457,0.026891997227380227,0.06739540106205635,0.49296000599861145,0.3333333333333333,0.392118901014328,0.9925967686660679,0.5786252167092534,0.5804134967105989,0.9900095561177569
private_monitored,Private Monitored,2,harder_regimes,Harder regimes,0.35,0.04999999999999999,1.95,0.44199198484420776,0.12665599584579468,0.3153359889984131,0.5320000052452087,0.48080000281333923,0.717353343963623,2.696855306625366,0.7898917677922609,0.1442527174949646,0.3294200003147125,0.330159991979599,0.456646837809633,0.04548807333698335,0.14399718222369856,0.6218400001525879,0.3333333333333333,0.4348233640193939,0.9916596190765632,0.5350127812669302,0.5331246138649828,0.9908731346089094
private_monitored,Private Monitored,3,train_distribution,Training world,0.35,-0.2,1.8,0.5307739973068237,0.2731179893016815,0.2576560080051422,0.6277599930763245,0.5723999738693237,0.5212296843528748,2.7408223152160645,0.840214170582887,0.1261875480413437,0.3005214035511017,0.3007200062274933,0.027361161030098335,0.03251297988828972,0.0070497675254010015,0.5216000080108643,0.3333333333333333,0.39119821786880493,0.9707989026320657,0.9434377416019674,0.9386279828419517,0.9679461980804874
private_monitored,Private Monitored,3,cleaner_signals,Cleaner signals,0.21,-0.2,1.8,0.5608279705047607,0.2832539975643158,0.27757397294044495,0.6267600059509277,0.5888000130653381,0.5231257081031799,2.7279090881347656,0.839089477384698,0.08981429785490036,0.30212679505348206,0.3020800054073334,0.03642406381518959,0.024930111482441175,0.010110372103818474,0.5203999876976013,0.3333333333333333,0.3906010091304779,0.9772878462702198,0.9408637824550302,0.9449349008939772,0.972647253291793
private_monitored,Private Monitored,3,noisier_signals,Noisier signals,0.5599999999999999,-0.2,1.8,0.5012620091438293,0.24644199013710022,0.2548200190067291,0.6314399838447571,0.5573999881744385,0.520067036151886,2.775231122970581,0.8421790651288504,0.17951498925685883,0.2998345196247101,0.29947999119758606,0.03650431747648386,0.04574401297442554,0.00930203087318529,0.5203199982643127,0.3333333333333333,0.39376968145370483,0.9731341477512648,0.936629830274781,0.9443495238536217,0.9718383115725714
private_monitored,Private Monitored,3,knife_edge_regimes,Knife-edge regimes,0.35,0.25,1.25,0.643045961856842,0.4951539635658264,0.14789199829101562,0.8043199777603149,0.7120000123977661,0.6063216924667358,2.488554000854492,0.8040885151622781,0.16952010989189148,0.20607198774814606,0.20579999685287476,0.022217938809205973,0.025070667802424396,0.0032858553684009793,0.4869999885559082,0.3333333333333333,0.3660150468349457,0.9754346933124479,0.953216754503242,0.9549458612513329,0.9694953295107367
private_monitored,Private Monitored,3,harder_regimes,Harder regimes,0.35,0.04999999999999999,1.95,0.4274139702320099,0.12621799111366272,0.30119597911834717,0.5308799743652344,0.4713999927043915,0.5385355949401855,2.7054195404052734,0.8339879645459908,0.14247144758701324,0.33581751585006714,0.33643999695777893,0.029371626761153014,0.042911827152378734,0.00884661588062413,0.6293200254440308,0.3333333333333333,0.4205928146839142,0.9713167005847487,0.9419450738235957,0.9418279207999718,0.9716581572714863
monitored_penalty,Monitored + Penalty,0,train_distribution,Training world,0.35,-0.2,1.8,0.5395320057868958,0.2683819830417633,0.27115002274513245,0.641319990158081,0.5825999975204468,1.8905134201049805,1.7200747728347778,0.4763973848355951,0.015364116057753563,0.05419779196381569,0.05395999923348427,0.22859334240032014,0.004165980418518733,0.06198308999123266,0.6036800146102905,0.49386274441965944,0.5430998206138611,0.9911591336460294,0.7625657912457092,0.7648627357428083,0.9967365326789833
monitored_penalty,Monitored + Penalty,0,cleaner_signals,Cleaner signals,0.21,-0.2,1.8,0.5447379350662231,0.2681419849395752,0.27659595012664795,0.642520010471344,0.5870000123977661,1.8900840282440186,1.6905181407928467,0.4721323567894653,0.009748497046530247,0.042261455208063126,0.041680000722408295,0.1757184601239954,0.002696394802891855,0.04860301443278801,0.6313199996948242,0.5267837362064812,0.5502638220787048,0.9871837952728862,0.8114653351488909,0.8081234210365705,0.9959173433261671
monitored_penalty,Monitored + Penalty,0,noisier_signals,Noisier signals,0.5599999999999999,-0.2,1.8,0.4962979555130005,0.23300999402999878,0.2632879614830017,0.6226400136947632,0.5522000193595886,1.9552974700927734,1.770756483078003,0.4752364043390017,0.03811031952500343,0.0694846585392952,0.0692799985408783,0.22571540895967934,0.010033988339203992,0.05942814990029603,0.5843200087547302,0.4596305585770546,0.5399982929229736,0.9905348761150042,0.7648194671553249,0.7671603929163129,0.9932496892407131
monitored_penalty,Monitored + Penalty,0,knife_edge_regimes,Knife-edge regimes,0.35,0.25,1.25,0.6237679719924927,0.49447396397590637,0.1292940080165863,0.824999988079071,0.7103999853134155,1.8263731002807617,1.6159265041351318,0.4694322661694435,0.023741967976093292,0.08076860755681992,0.0811999961733818,0.15608284164555553,0.0030696941978305414,0.020180576178972027,0.4569999873638153,0.47334431743266125,0.4574355185031891,0.9880582951438869,0.8319754534983314,0.8264863814150814,0.9932231183111201
monitored_penalty,Monitored + Penalty,0,harder_regimes,Harder regimes,0.35,0.04999999999999999,1.95,0.43145397305488586,0.12323599308729172,0.30821797996759415,0.5356000065803528,0.4758000075817108,2.0625576972961426,1.6215935945510864,0.44015390956922984,0.014580337330698967,0.043504197150468826,0.04303999990224838,0.21268384177209076,0.004493922119314139,0.06555298408274124,0.6434400081634521,0.5412765355275087,0.5954702496528625,0.9913199215524621,0.7786360797803713,0.7757800866134864,0.9941884396739447
monitored_penalty,Monitored + Penalty,1,train_distribution,Training world,0.35,-0.2,1.8,0.5310079455375671,0.2601659893989563,0.27084195613861084,0.6281999945640564,0.5722000002861023,1.9659395217895508,1.8238855600357056,0.48125850683253313,0.012158297933638096,0.045025721192359924,0.04504000023007393,0.23218100590609048,0.003292977195662572,0.0628843578178359,0.6429200172424316,0.5274880230936498,0.5720646977424622,0.9745099022567026,0.7423288963506122,0.7348388247001196,0.9603664655738074
monitored_penalty,Monitored + Penalty,1,cleaner_signals,Cleaner signals,0.21,-0.2,1.8,0.5641059875488281,0.2817719876766205,0.28233399987220764,0.6422399878501892,0.5978000164031982,1.9356673955917358,1.8160901069641113,0.4840638302787209,0.006498951930552721,0.03836489096283913,0.038279999047517776,0.23180059385498408,0.0018348750935301555,0.06544518883583073,0.6673200130462646,0.5549360394635007,0.5755356550216675,0.9748746246290402,0.7430740307740561,0.7433901172977859,0.9670220366169907
monitored_penalty,Monitored + Penalty,1,noisier_signals,Noisier signals,0.5599999999999999,-0.2,1.8,0.4736839830875397,0.20133599638938904,0.27234798669815063,0.6130799651145935,0.5356000065803528,2.01780104637146,1.8355902433395386,0.47635708531359827,0.0323571115732193,0.06856825202703476,0.06915999948978424,0.33156206279915457,0.008812394192333706,0.09030026026883553,0.6302000284194946,0.4932944372399935,0.5676460862159729,0.9754851014338558,0.6439230386347012,0.6572119454217968,0.9668969164410445
monitored_penalty,Monitored + Penalty,1,knife_edge_regimes,Knife-edge regimes,0.35,0.25,1.25,0.6186719536781311,0.4714539647102356,0.1472179889678955,0.8046000003814697,0.698199987411499,1.81146240234375,1.6986137628555298,0.48392504404789555,0.022114338353276253,0.08368957042694092,0.08423999696969986,0.2703162463605008,0.003255628419724932,0.03979541417454313,0.5085999965667725,0.5133543840326352,0.4949382543563843,0.9760598702956217,0.7057436239351209,0.7061163399599059,0.9678494104369241
monitored_penalty,Monitored + Penalty,1,harder_regimes,Harder regimes,0.35,0.04999999999999999,1.95,0.4296559691429138,0.11964999884366989,0.3100059702992439,0.5364400148391724,0.475600004196167,2.093071460723877,1.7643190622329712,0.45738668453007664,0.012991132214665413,0.038969263434410095,0.038920000195503235,0.2224336464820985,0.004027328547493117,0.06895575840488195,0.6715999841690063,0.5634103037957866,0.6185103058815002,0.9791136401183514,0.7566799936362529,0.7526890490359411,0.9615266701096917
monitored_penalty,Monitored + Penalty,2,train_distribution,Training world,0.35,-0.2,1.8,0.541797935962677,0.2819080054759979,0.2598899304866791,0.644599974155426,0.5861999988555908,1.8619439601898193,2.251699686050415,0.5473735402696855,0.026087913662195206,0.08306769281625748,0.08283999562263489,0.17104364179634224,0.006779986068210397,0.04445252017663982,0.5896000266075134,0.4883710489404982,0.5238777995109558,0.9922616136258555,0.8212179718295133,0.8300367976095169,0.9890900308197196
monitored_penalty,Monitored + Penalty,2,cleaner_signals,Cleaner signals,0.21,-0.2,1.8,0.5505799651145935,0.26993197202682495,0.28064799308776855,0.6482799649238586,0.592199981212616,1.8585081100463867,2.2181687355041504,0.5441119861941367,0.016493264585733414,0.07328850030899048,0.07283999770879745,0.16496362175368107,0.004628801605451649,0.04629670937766035,0.6113600134849548,0.5157909102407235,0.530174732208252,0.9936336023109446,0.8286699805572635,0.8295057655422114,0.9904695726846605
monitored_penalty,Monitored + Penalty,2,noisier_signals,Noisier signals,0.5599999999999999,-0.2,1.8,0.4867880046367645,0.22469599545001984,0.2620920091867447,0.619879961013794,0.5455999970436096,1.8802237510681152,2.3007471561431885,0.550290161592581,0.05578603222966194,0.11884825676679611,0.11868000030517578,0.1806215646390288,0.014621073271628593,0.04733946877869653,0.5701199769973755,0.45244344316771684,0.5254136919975281,0.9952004710008615,0.8145789063618327,0.8187039696826041,0.9896863300920179
monitored_penalty,Monitored + Penalty,2,knife_edge_regimes,Knife-edge regimes,0.35,0.25,1.25,0.620803952217102,0.4577360153198242,0.16306793689727783,0.8078399896621704,0.7017999887466431,1.8760921955108643,2.106750011444092,0.5289564341176316,0.04384449124336243,0.11977723985910416,0.11975999921560287,0.26493379608064704,0.007149630731365875,0.04320220754123522,0.442440003156662,0.46505056793532,0.443980872631073,0.9902352695330393,0.7253014734523923,0.7309782310717371,0.9899916173093976
monitored_penalty,Monitored + Penalty,2,harder_regimes,Harder regimes,0.35,0.04999999999999999,1.95,0.42264997959136963,0.11277200281620026,0.3098779767751694,0.5361199975013733,0.4713999927043915,1.9574675559997559,2.2265026569366455,0.5321506950629167,0.02627739869058132,0.087733194231987,0.08763999491930008,0.24161272042546256,0.008142787141151825,0.07487046096858697,0.6229599714279175,0.5345956363607313,0.5771308541297913,0.9941739785460849,0.7525612581206224,0.7538639237320179,0.9899922103407058
monitored_penalty,Monitored + Penalty,3,train_distribution,Training world,0.35,-0.2,1.8,0.5394879579544067,0.275411993265152,0.26407596468925476,0.6435199975967407,0.5839999914169312,1.9043020009994507,1.728902816772461,0.4758616437794781,0.014572298154234886,0.05588923767209053,0.05647999793291092,0.1478973288204397,0.003848193692819024,0.03905612978322154,0.6284000277519226,0.517683788687573,0.5537213087081909,0.9873224101951487,0.839425081374709,0.8434828040983193,0.9861771483949694
monitored_penalty,Monitored + Penalty,3,cleaner_signals,Cleaner signals,0.21,-0.2,1.8,0.5485479831695557,0.2818160057067871,0.26673197746276855,0.6461600065231323,0.5902000069618225,1.9052635431289673,1.7182719707489014,0.4741976349253509,0.007568471599370241,0.04418802633881569,0.044119998812675476,0.09354071617232962,0.002018753396070827,0.024950300197929053,0.6625999808311462,0.5515925124999297,0.5617057085037231,0.9874490282133487,0.8939083120410191,0.8882931016325598,0.9877801270679264
monitored_penalty,Monitored + Penalty,3,noisier_signals,Noisier signals,0.5599999999999999,-0.2,1.8,0.4860939681529999,0.22370599210262299,0.2623879760503769,0.6215599775314331,0.546999990940094,1.9681687355041504,1.7541974782943726,0.4712587041521327,0.03635862469673157,0.06292609125375748,0.06340000033378601,0.24948411211922106,0.009540065946150644,0.06546163123568771,0.6130800247192383,0.4828855325654737,0.5538627505302429,0.9888723826531097,0.7393882705338887,0.7427756891461201,0.9814447435143875
monitored_penalty,Monitored + Penalty,3,knife_edge_regimes,Knife-edge regimes,0.35,0.25,1.25,0.6216239929199219,0.4766080379486084,0.14501595497131348,0.8256799578666687,0.7092000246047974,1.8382443189620972,1.6584553718566895,0.4742916231014239,0.024940844625234604,0.0831918939948082,0.08303999900817871,0.12161244731342324,0.003616820401119547,0.017635745183554617,0.4930399954319,0.5012919001063415,0.4785015285015106,0.9856750814835605,0.8640626341701373,0.8682158984408281,0.9847967463376252
monitored_penalty,Monitored + Penalty,3,harder_regimes,Harder regimes,0.35,0.04999999999999999,1.95,0.4268140196800232,0.1221340000629425,0.3046800196170807,0.5531600117683411,0.4812000095844269,2.029336929321289,1.673330545425415,0.4519256878555874,0.015040573664009571,0.04502673074603081,0.044599998742341995,0.11515875040622914,0.004582562279002583,0.03508657033284839,0.6659200191497803,0.5606321247227907,0.6039897203445435,0.9856172222850005,0.8704584718787713,0.8730666570997233,0.9878948488172616
